Fund Name,URL
360 One Balanced Hybrid Fund Direct Growth,https://www.dezerv.in/mutual-funds/360-one-balanced-hybrid-fund-direct-growth-inf579m01ay9/
360 One Balanced Hybrid Fund Regular Growth,https://www.dezerv.in/mutual-funds/360-one-balanced-hybrid-fund-regular-growth-inf579m01av5/
360 One Dynamic Bond Fund Direct Growth,https://www.dezerv.in/mutual-funds/360-one-dynamic-bond-fund-direct-growth-inf579m01266/
360 One Dynamic Bond Fund Regular Growth,https://www.dezerv.in/mutual-funds/360-one-dynamic-bond-fund-regular-growth-inf579m01183/
360 One Elss Nifty 50 Tax Saver Index Fd Direct Growth,https://www.dezerv.in/mutual-funds/360-one-elss-nifty-50-tax-saver-index-fd-direct-growth-inf579m01an2/
360 One Elss Nifty 50 Tax Saver Index Fd Regular Growth,https://www.dezerv.in/mutual-funds/360-one-elss-nifty-50-tax-saver-index-fd-regular-growth-inf579m01al6/
360 One Flexicap Fund Direct Growth,https://www.dezerv.in/mutual-funds/360-one-flexicap-fund-direct-growth-inf579m01as1/
360 One Flexicap Fund Regular Growth,https://www.dezerv.in/mutual-funds/360-one-flexicap-fund-regular-growth-inf579m01ap7/
360 One Focused Equity Fund Direct Growth,https://www.dezerv.in/mutual-funds/360-one-focused-equity-fund-direct-growth-inf579m01902/
360 One Focused Equity Fund Regular Growth,https://www.dezerv.in/mutual-funds/360-one-focused-equity-fund-regular-growth-inf579m01878/
360 One Gold Etf,https://www.dezerv.in/mutual-funds/360-one-gold-etf-inf579m01bb5/
360 One Liquid Fund Direct Growth,https://www.dezerv.in/mutual-funds/360-one-liquid-fund-direct-growth-inf579m01621/
360 One Liquid Fund Regular Growth,https://www.dezerv.in/mutual-funds/360-one-liquid-fund-regular-growth-inf579m01506/
360 One Multi Asset Allocation Fund Direct Growth,https://www.dezerv.in/mutual-funds/360-one-multi-asset-allocation-fund-direct-growth-inf579m01bm2/
360 One Multi Asset Allocation Fund Regular Growth,https://www.dezerv.in/mutual-funds/360-one-multi-asset-allocation-fund-regular-growth-inf579m01bj8/
360 One Overnight Fund Direct Growth,https://www.dezerv.in/mutual-funds/360-one-overnight-fund-direct-growth-inf579m01bg4/
360 One Overnight Fund Regular Growth,https://www.dezerv.in/mutual-funds/360-one-overnight-fund-regular-growth-inf579m01bd1/
360 One Quant Fund Direct Growth,https://www.dezerv.in/mutual-funds/360-one-quant-fund-direct-growth-inf579m01ai2/
360 One Quant Fund Regular Growth,https://www.dezerv.in/mutual-funds/360-one-quant-fund-regular-growth-inf579m01af8/
360 One Silver Etf,https://www.dezerv.in/mutual-funds/360-one-silver-etf-inf579m01bc3/
Abakkus Flexi Cap Fund Direct Growth,https://www.dezerv.in/mutual-funds/abakkus-flexi-cap-fund-direct-growth-inf2jjd01136/
Abakkus Flexi Cap Fund Regular Growth,https://www.dezerv.in/mutual-funds/abakkus-flexi-cap-fund-regular-growth-inf2jjd01169/
Abakkus Liquid Fund Direct Growth,https://www.dezerv.in/mutual-funds/abakkus-liquid-fund-direct-growth-inf2jjd01029/
Abakkus Liquid Fund Regular Growth,https://www.dezerv.in/mutual-funds/abakkus-liquid-fund-regular-growth-inf2jjd01078/
Abakkus Small Cap Fund Direct Growth,https://www.dezerv.in/mutual-funds/abakkus-small-cap-fund-direct-growth-inf2jjd01177/
Abakkus Small Cap Fund Regular Growth,https://www.dezerv.in/mutual-funds/abakkus-small-cap-fund-regular-growth-inf2jjd01185/
Aditya Birla Sun Life Active Debt Multimanager Fof Scheme Direct Growth,https://www.dezerv.in/mutual-funds/aditya-birla-sun-life-active-debt-multimanager-fof-scheme-direct-growth-inf084m01dp2/
Aditya Birla Sun Life Active Debt Multimanager Fof Scheme Regular Growth,https://www.dezerv.in/mutual-funds/aditya-birla-sun-life-active-debt-multimanager-fof-scheme-regular-growth-inf084m01ah5/
Aditya Birla Sun Life Arbitrage Fund Direct Growth,https://www.dezerv.in/mutual-funds/aditya-birla-sun-life-arbitrage-fund-direct-growth-inf209k01vp1/
Aditya Birla Sun Life Arbitrage Fund Regular Growth,https://www.dezerv.in/mutual-funds/aditya-birla-sun-life-arbitrage-fund-regular-growth-inf209k01264/
Aditya Birla Sun Life Asset Allocator Fof Direct Growth,https://www.dezerv.in/mutual-funds/aditya-birla-sun-life-asset-allocator-fof-direct-growth-inf084m01dm9/
Aditya Birla Sun Life Asset Allocator Fof Regular Growth,https://www.dezerv.in/mutual-funds/aditya-birla-sun-life-asset-allocator-fof-regular-growth-inf084m01ae2/
Aditya Birla Sun Life Bal Bhavishya Yojna Direct Growth,https://www.dezerv.in/mutual-funds/aditya-birla-sun-life-bal-bhavishya-yojna-direct-growth-inf209kb1e84/
Aditya Birla Sun Life Bal Bhavishya Yojna Regular Growth,https://www.dezerv.in/mutual-funds/aditya-birla-sun-life-bal-bhavishya-yojna-regular-growth-inf209kb1e76/
Aditya Birla Sun Life Balanced Advantage Fund Direct Growth,https://www.dezerv.in/mutual-funds/aditya-birla-sun-life-balanced-advantage-fund-direct-growth-inf084m01dj5/
Aditya Birla Sun Life Balanced Advantage Fund Regular Growth,https://www.dezerv.in/mutual-funds/aditya-birla-sun-life-balanced-advantage-fund-regular-growth-inf084m01ab8/
Aditya Birla Sun Life Banking Financial Services Fund Direct Growth,https://www.dezerv.in/mutual-funds/aditya-birla-sun-life-banking-financial-services-fund-direct-growth-inf209k014w1/
Aditya Birla Sun Life Banking Financial Services Fund Regular Growth,https://www.dezerv.in/mutual-funds/aditya-birla-sun-life-banking-financial-services-fund-regular-growth-inf209k011w7/
Aditya Birla Sun Life Bse 500 Momentum 50 Index Fund Direct Growth,https://www.dezerv.in/mutual-funds/aditya-birla-sun-life-bse-500-momentum-50-index-fund-direct-growth-inf209kc1589/
Aditya Birla Sun Life Bse 500 Momentum 50 Index Fund Regular Growth,https://www.dezerv.in/mutual-funds/aditya-birla-sun-life-bse-500-momentum-50-index-fund-regular-growth-inf209kc1605/
Aditya Birla Sun Life Bse 500 Quality 50 Index Fund Direct Growth,https://www.dezerv.in/mutual-funds/aditya-birla-sun-life-bse-500-quality-50-index-fund-direct-growth-inf209kc1613/
Aditya Birla Sun Life Bse 500 Quality 50 Index Fund Regular Growth,https://www.dezerv.in/mutual-funds/aditya-birla-sun-life-bse-500-quality-50-index-fund-regular-growth-inf209kc1639/
Aditya Birla Sun Life Bse India Infrastructure Index Fund Direct Growth,https://www.dezerv.in/mutual-funds/aditya-birla-sun-life-bse-india-infrastructure-index-fund-direct-growth-inf209kc1332/
Aditya Birla Sun Life Bse India Infrastructure Index Fund Regular Growth,https://www.dezerv.in/mutual-funds/aditya-birla-sun-life-bse-india-infrastructure-index-fund-regular-growth-inf209kc1357/
Aditya Birla Sun Life Bse Top 10 Banks Etf,https://www.dezerv.in/mutual-funds/aditya-birla-sun-life-bse-top-10-banks-etf-inf209kc1670/
Aditya Birla Sun Life Business Cycle Fund Direct Growth,https://www.dezerv.in/mutual-funds/aditya-birla-sun-life-business-cycle-fund-direct-growth-inf209kb14d2/
Aditya Birla Sun Life Business Cycle Fund Regular Growth,https://www.dezerv.in/mutual-funds/aditya-birla-sun-life-business-cycle-fund-regular-growth-inf209kb12d6/
Aditya Birla Sun Life Commodity Equity Global Agricultural Direct Growth,https://www.dezerv.in/mutual-funds/aditya-birla-sun-life-commodity-equity-global-agricultural-direct-growth-inf209k01vl0/
Aditya Birla Sun Life Commodity Equity Global Agricultural Regular Growth,https://www.dezerv.in/mutual-funds/aditya-birla-sun-life-commodity-equity-global-agricultural-regular-growth-inf209k01207/
Aditya Birla Sun Life Conglomerate Fund Direct Growth,https://www.dezerv.in/mutual-funds/aditya-birla-sun-life-conglomerate-fund-direct-growth-inf209kc1373/
Aditya Birla Sun Life Conglomerate Fund Regular Growth,https://www.dezerv.in/mutual-funds/aditya-birla-sun-life-conglomerate-fund-regular-growth-inf209kc1399/
Aditya Birla Sun Life Crisil 10 Year Gilt Etf,https://www.dezerv.in/mutual-funds/aditya-birla-sun-life-crisil-10-year-gilt-etf-inf209kc1142/
Aditya Birla Sun Life Crisil Broad Based Gilt Etf,https://www.dezerv.in/mutual-funds/aditya-birla-sun-life-crisil-broad-based-gilt-etf-inf209kc1134/
Aditya Birla Sun Life Crisil Ibx 50 50 Gilt Plus Sdl Apr 2028 Index Fund Direct Growth,https://www.dezerv.in/mutual-funds/aditya-birla-sun-life-crisil-ibx-50-50-gilt-plus-sdl-apr-2028-index-fund-direct-growth-inf209kb14n1/
Aditya Birla Sun Life Crisil Ibx 50 50 Gilt Plus Sdl Apr 2028 Index Fund Regular Growth,https://www.dezerv.in/mutual-funds/aditya-birla-sun-life-crisil-ibx-50-50-gilt-plus-sdl-apr-2028-index-fund-regular-growth-inf209kb12n5/
Aditya Birla Sun Life Crisil Ibx Aaa Financial Services Index Sep 2027 Fund Direct Growth,https://www.dezerv.in/mutual-funds/aditya-birla-sun-life-crisil-ibx-aaa-financial-services-index-sep-2027-fund-direct-growth-inf209kc1290/
Aditya Birla Sun Life Crisil Ibx Aaa Financial Services Index Sep 2027 Fund Regular Growth,https://www.dezerv.in/mutual-funds/aditya-birla-sun-life-crisil-ibx-aaa-financial-services-index-sep-2027-fund-regular-growth-inf209kc1316/
Aditya Birla Sun Life Crisil Ibx Aaa Mar 2024 Index Fund Direct Growth,https://www.dezerv.in/mutual-funds/aditya-birla-sun-life-crisil-ibx-aaa-mar-2024-index-fund-direct-growth-inf209kb10s8/
Aditya Birla Sun Life Crisil Ibx Aaa Mar 2024 Index Fund Regular Growth,https://www.dezerv.in/mutual-funds/aditya-birla-sun-life-crisil-ibx-aaa-mar-2024-index-fund-regular-growth-inf209kb18r3/
Aditya Birla Sun Life Crisil Ibx Aaa Nbfc Hfc Index Dec 2025 Fund Direct Growth,https://www.dezerv.in/mutual-funds/aditya-birla-sun-life-crisil-ibx-aaa-nbfc-hfc-index-dec-2025-fund-direct-growth-inf209kc1258/
Aditya Birla Sun Life Crisil Ibx Aaa Nbfc Hfc Index Dec 2025 Fund Regular Growth,https://www.dezerv.in/mutual-funds/aditya-birla-sun-life-crisil-ibx-aaa-nbfc-hfc-index-dec-2025-fund-regular-growth-inf209kc1274/
Aditya Birla Sun Life Crisil Ibx Aaa Nbfc Hfc Index Sep 2026 Fund Direct Growth,https://www.dezerv.in/mutual-funds/aditya-birla-sun-life-crisil-ibx-aaa-nbfc-hfc-index-sep-2026-fund-direct-growth-inf209kc1217/
Aditya Birla Sun Life Crisil Ibx Aaa Nbfc Hfc Index Sep 2026 Fund Regular Growth,https://www.dezerv.in/mutual-funds/aditya-birla-sun-life-crisil-ibx-aaa-nbfc-hfc-index-sep-2026-fund-regular-growth-inf209kc1233/
Aditya Birla Sun Life Crisil Ibx Financial Services 3 To 6 Months Debt Index Fund Direct Growth,https://www.dezerv.in/mutual-funds/aditya-birla-sun-life-crisil-ibx-financial-services-3-to-6-months-debt-index-fund-direct-growth-inf209kc1456/
Aditya Birla Sun Life Crisil Ibx Financial Services 3 To 6 Months Debt Index Fund Regular Growth,https://www.dezerv.in/mutual-funds/aditya-birla-sun-life-crisil-ibx-financial-services-3-to-6-months-debt-index-fund-regular-growth-inf209kc1472/
Aditya Birla Sun Life Crisil Ibx Financial Services 9 12 Months Debt Index Fund Direct Growth,https://www.dezerv.in/mutual-funds/aditya-birla-sun-life-crisil-ibx-financial-services-9-12-months-debt-index-fund-direct-growth-inf209kc1498/
Aditya Birla Sun Life Crisil Ibx Financial Services 9 12 Months Debt Index Fund Regular Growth,https://www.dezerv.in/mutual-funds/aditya-birla-sun-life-crisil-ibx-financial-services-9-12-months-debt-index-fund-regular-growth-inf209kc1514/
Aditya Birla Sun Life Crisil Ibx Gilt Apr 2028 Index Fund Direct Growth,https://www.dezerv.in/mutual-funds/aditya-birla-sun-life-crisil-ibx-gilt-apr-2028-index-fund-direct-growth-inf209kb11u2/
Aditya Birla Sun Life Crisil Ibx Gilt Apr 2028 Index Fund Regular Growth,https://www.dezerv.in/mutual-funds/aditya-birla-sun-life-crisil-ibx-gilt-apr-2028-index-fund-regular-growth-inf209kb19t7/
Aditya Birla Sun Life Crisil Ibx Gilt Apr 2029 Index Fund Direct Growth,https://www.dezerv.in/mutual-funds/aditya-birla-sun-life-crisil-ibx-gilt-apr-2029-index-fund-direct-growth-inf209kb12o3/
Aditya Birla Sun Life Crisil Ibx Gilt Apr 2029 Index Fund Regular Growth,https://www.dezerv.in/mutual-funds/aditya-birla-sun-life-crisil-ibx-gilt-apr-2029-index-fund-regular-growth-inf209kb10o7/
Aditya Birla Sun Life Crisil Ibx Gilt April 2026 Index Fund Direct Growth,https://www.dezerv.in/mutual-funds/aditya-birla-sun-life-crisil-ibx-gilt-april-2026-index-fund-direct-growth-inf209kb10n9/
Aditya Birla Sun Life Crisil Ibx Gilt April 2026 Index Fund Regular Growth,https://www.dezerv.in/mutual-funds/aditya-birla-sun-life-crisil-ibx-gilt-april-2026-index-fund-regular-growth-inf209kb18m4/
Aditya Birla Sun Life Crisil Ibx Gilt April 2033 Index Fund Direct Growth,https://www.dezerv.in/mutual-funds/aditya-birla-sun-life-crisil-ibx-gilt-april-2033-index-fund-direct-growth-inf209kb19y7/
Aditya Birla Sun Life Crisil Ibx Gilt April 2033 Index Fund Regular Growth,https://www.dezerv.in/mutual-funds/aditya-birla-sun-life-crisil-ibx-gilt-april-2033-index-fund-regular-growth-inf209kb17y1/
Aditya Birla Sun Life Crisil Ibx Gilt June 2027 Index Fund Direct Growth,https://www.dezerv.in/mutual-funds/aditya-birla-sun-life-crisil-ibx-gilt-june-2027-index-fund-direct-growth-inf209kc1076/
Aditya Birla Sun Life Crisil Ibx Gilt June 2027 Index Fund Regular Growth,https://www.dezerv.in/mutual-funds/aditya-birla-sun-life-crisil-ibx-gilt-june-2027-index-fund-regular-growth-inf209kc1050/
Aditya Birla Sun Life Crisil Ibx Sdl 60 40 Plus Aaa Psu Apr 2026 Index Fund Direct Growth,https://www.dezerv.in/mutual-funds/aditya-birla-sun-life-crisil-ibx-sdl-60-40-plus-aaa-psu-apr-2026-index-fund-direct-growth-inf209kb10p4/
Aditya Birla Sun Life Crisil Ibx Sdl 60 40 Plus Aaa Psu Apr 2026 Index Fund Regular Growth,https://www.dezerv.in/mutual-funds/aditya-birla-sun-life-crisil-ibx-sdl-60-40-plus-aaa-psu-apr-2026-index-fund-regular-growth-inf209kb18o0/
Aditya Birla Sun Life Crisil Ibx Sdl 60 40 Plus Aaa Psu Apr 2027 Index Fund Direct Growth,https://www.dezerv.in/mutual-funds/aditya-birla-sun-life-crisil-ibx-sdl-60-40-plus-aaa-psu-apr-2027-index-fund-direct-growth-inf209kb19h2/
Aditya Birla Sun Life Crisil Ibx Sdl 60 40 Plus Aaa Psu Apr 2027 Index Fund Regular Growth,https://www.dezerv.in/mutual-funds/aditya-birla-sun-life-crisil-ibx-sdl-60-40-plus-aaa-psu-apr-2027-index-fund-regular-growth-inf209kb17h6/
Aditya Birla Sun Life Crisil Ibx Sdl Jun 2032 Index Fund Direct Growth,https://www.dezerv.in/mutual-funds/aditya-birla-sun-life-crisil-ibx-sdl-jun-2032-index-fund-direct-growth-inf209kb14s0/
Aditya Birla Sun Life Crisil Ibx Sdl Jun 2032 Index Fund Regular Growth,https://www.dezerv.in/mutual-funds/aditya-birla-sun-life-crisil-ibx-sdl-jun-2032-index-fund-regular-growth-inf209kb12s4/
Aditya Birla Sun Life Crisil Liquid Overnight Etf,https://www.dezerv.in/mutual-funds/aditya-birla-sun-life-crisil-liquid-overnight-etf-inf209kb18t9/
Aditya Birla Sun Life Crisil Sdl Plus Aaa Psu Apr 2025 60 40 Index Fund Direct Growth,https://www.dezerv.in/mutual-funds/aditya-birla-sun-life-crisil-sdl-plus-aaa-psu-apr-2025-60-40-index-fund-direct-growth-inf209kb13i3/
Aditya Birla Sun Life Crisil Sdl Plus Aaa Psu Apr 2025 60 40 Index Fund Regular Growth,https://www.dezerv.in/mutual-funds/aditya-birla-sun-life-crisil-sdl-plus-aaa-psu-apr-2025-60-40-index-fund-regular-growth-inf209kb11i7/
Aditya Birla Sun Life Digital India Fund Direct Growth,https://www.dezerv.in/mutual-funds/aditya-birla-sun-life-digital-india-fund-direct-growth-inf209k01vf2/
Aditya Birla Sun Life Digital India Fund Regular Growth,https://www.dezerv.in/mutual-funds/aditya-birla-sun-life-digital-india-fund-regular-growth-inf209k01140/
Aditya Birla Sun Life Dividend Yield Fund Direct Growth,https://www.dezerv.in/mutual-funds/aditya-birla-sun-life-dividend-yield-fund-direct-growth-inf209k01wa1/
Aditya Birla Sun Life Dividend Yield Fund Regular Growth,https://www.dezerv.in/mutual-funds/aditya-birla-sun-life-dividend-yield-fund-regular-growth-inf209k01405/
Aditya Birla Sun Life Dynamic Bond Fund Direct Growth,https://www.dezerv.in/mutual-funds/aditya-birla-sun-life-dynamic-bond-fund-direct-growth-inf209k01n82/
Aditya Birla Sun Life Dynamic Bond Fund Regular Growth,https://www.dezerv.in/mutual-funds/aditya-birla-sun-life-dynamic-bond-fund-regular-growth-inf209k01793/
Aditya Birla Sun Life Dynamic Bond Fund Segregated Portfolio 1 Direct Growth,https://www.dezerv.in/mutual-funds/aditya-birla-sun-life-dynamic-bond-fund-segregated-portfolio-1-direct-growth-inf209kb1r30/
Aditya Birla Sun Life Dynamic Bond Fund Segregated Portfolio 1 Regular Growth,https://www.dezerv.in/mutual-funds/aditya-birla-sun-life-dynamic-bond-fund-segregated-portfolio-1-regular-growth-inf209kb1r48/
Aditya Birla Sun Life Elss Tax Relief 96 Direct Growth,https://www.dezerv.in/mutual-funds/aditya-birla-sun-life-elss-tax-relief-96-direct-growth-inf209k01un8/
Aditya Birla Sun Life Elss Tax Relief 96 Regular Growth,https://www.dezerv.in/mutual-funds/aditya-birla-sun-life-elss-tax-relief-96-regular-growth-inf209k01108/
Aditya Birla Sun Life Equity Advantage Fund Direct Growth,https://www.dezerv.in/mutual-funds/aditya-birla-sun-life-equity-advantage-fund-direct-growth-inf209k01vh8/
Aditya Birla Sun Life Equity Advantage Fund Regular Growth,https://www.dezerv.in/mutual-funds/aditya-birla-sun-life-equity-advantage-fund-regular-growth-inf209k01165/
Aditya Birla Sun Life Equity Hybrid 95 Fund Direct Growth,https://www.dezerv.in/mutual-funds/aditya-birla-sun-life-equity-hybrid-95-fund-direct-growth-inf209k01zc0/
Aditya Birla Sun Life Equity Hybrid 95 Fund Regular Growth,https://www.dezerv.in/mutual-funds/aditya-birla-sun-life-equity-hybrid-95-fund-regular-growth-inf209k01bt5/
Aditya Birla Sun Life Equity Savings Fund Direct Growth,https://www.dezerv.in/mutual-funds/aditya-birla-sun-life-equity-savings-fund-direct-growth-inf209ka1tp9/
Aditya Birla Sun Life Equity Savings Fund Regular Growth,https://www.dezerv.in/mutual-funds/aditya-birla-sun-life-equity-savings-fund-regular-growth-inf209ka1ts3/
Aditya Birla Sun Life Esg Fund Direct Growth,https://www.dezerv.in/mutual-funds/aditya-birla-sun-life-esg-fund-direct-growth-inf209kb1u76/
Aditya Birla Sun Life Esg Fund Regular Growth,https://www.dezerv.in/mutual-funds/aditya-birla-sun-life-esg-fund-regular-growth-inf209kb1u43/
Aditya Birla Sun Life Financial Planning Fund Of Fund Aggressive Direct Growth,https://www.dezerv.in/mutual-funds/aditya-birla-sun-life-financial-planning-fund-of-fund-aggressive-direct-growth-inf084m01ew6/
Aditya Birla Sun Life Financial Planning Fund Of Fund Aggressive Regular Growth,https://www.dezerv.in/mutual-funds/aditya-birla-sun-life-financial-planning-fund-of-fund-aggressive-regular-growth-inf084m01101/
Aditya Birla Sun Life Financial Planning Fund Of Fund Conservative Direct Growth,https://www.dezerv.in/mutual-funds/aditya-birla-sun-life-financial-planning-fund-of-fund-conservative-direct-growth-inf084m01eq8/
Aditya Birla Sun Life Financial Planning Fund Of Fund Conservative Regular Growth,https://www.dezerv.in/mutual-funds/aditya-birla-sun-life-financial-planning-fund-of-fund-conservative-regular-growth-inf084m01044/
Aditya Birla Sun Life Financial Planning Fund Of Fund Moderate Direct Growth,https://www.dezerv.in/mutual-funds/aditya-birla-sun-life-financial-planning-fund-of-fund-moderate-direct-growth-inf084m01et2/
Aditya Birla Sun Life Financial Planning Fund Of Fund Moderate Regular Growth,https://www.dezerv.in/mutual-funds/aditya-birla-sun-life-financial-planning-fund-of-fund-moderate-regular-growth-inf084m01077/
Aditya Birla Sun Life Fixed Maturity Plan Series Uq 92 Days Direct Growth,https://www.dezerv.in/mutual-funds/aditya-birla-sun-life-fixed-maturity-plan-series-uq-92-days-direct-growth-inf209kb11y4/
Aditya Birla Sun Life Fixed Maturity Plan Series Uq 92 Days Regular Growth,https://www.dezerv.in/mutual-funds/aditya-birla-sun-life-fixed-maturity-plan-series-uq-92-days-regular-growth-inf209kb19x9/
Aditya Birla Sun Life Fixed Maturity Plan Series Ur 85 Days Direct Growth,https://www.dezerv.in/mutual-funds/aditya-birla-sun-life-fixed-maturity-plan-series-ur-85-days-direct-growth-inf209kb15y5/
Aditya Birla Sun Life Fixed Maturity Plan Series Ur 85 Days Regular Growth,https://www.dezerv.in/mutual-funds/aditya-birla-sun-life-fixed-maturity-plan-series-ur-85-days-regular-growth-inf209kb13y0/
Aditya Birla Sun Life Fixed Maturity Plan Series Us 100 Days Direct Growth,https://www.dezerv.in/mutual-funds/aditya-birla-sun-life-fixed-maturity-plan-series-us-100-days-direct-growth-inf209kb13z7/
Aditya Birla Sun Life Fixed Maturity Plan Series Us 100 Days Regular Growth,https://www.dezerv.in/mutual-funds/aditya-birla-sun-life-fixed-maturity-plan-series-us-100-days-regular-growth-inf209kb11z1/
Aditya Birla Sun Life Fixed Maturity Plan Series Uu 98 Days Direct Growth,https://www.dezerv.in/mutual-funds/aditya-birla-sun-life-fixed-maturity-plan-series-uu-98-days-direct-growth-inf209kc1035/
Aditya Birla Sun Life Fixed Maturity Plan Series Uu 98 Days Regular Growth,https://www.dezerv.in/mutual-funds/aditya-birla-sun-life-fixed-maturity-plan-series-uu-98-days-regular-growth-inf209kc1019/
Aditya Birla Sun Life Fixed Term Plan Series Rk Direct Growth,https://www.dezerv.in/mutual-funds/aditya-birla-sun-life-fixed-term-plan-series-rk-direct-growth-inf209kb1yo1/
Aditya Birla Sun Life Fixed Term Plan Series Rk Regular Growth,https://www.dezerv.in/mutual-funds/aditya-birla-sun-life-fixed-term-plan-series-rk-regular-growth-inf209kb1ym5/
Aditya Birla Sun Life Fixed Term Plan Series Sp Direct Growth,https://www.dezerv.in/mutual-funds/aditya-birla-sun-life-fixed-term-plan-series-sp-direct-growth-inf209kb1n75/
Aditya Birla Sun Life Fixed Term Plan Series Sp Regular Growth,https://www.dezerv.in/mutual-funds/aditya-birla-sun-life-fixed-term-plan-series-sp-regular-growth-inf209kb1n59/
Aditya Birla Sun Life Fixed Term Plan Series Sw Direct Growth,https://www.dezerv.in/mutual-funds/aditya-birla-sun-life-fixed-term-plan-series-sw-direct-growth-inf209kb1s88/
Aditya Birla Sun Life Fixed Term Plan Series Sw Regular Growth,https://www.dezerv.in/mutual-funds/aditya-birla-sun-life-fixed-term-plan-series-sw-regular-growth-inf209kb1s62/
Aditya Birla Sun Life Fixed Term Plan Series Sx Direct Growth,https://www.dezerv.in/mutual-funds/aditya-birla-sun-life-fixed-term-plan-series-sx-direct-growth-inf209kb1t20/
Aditya Birla Sun Life Fixed Term Plan Series Sx Regular Growth,https://www.dezerv.in/mutual-funds/aditya-birla-sun-life-fixed-term-plan-series-sx-regular-growth-inf209kb1t04/
Aditya Birla Sun Life Fixed Term Plan Series Sy 1259 Days Direct Growth,https://www.dezerv.in/mutual-funds/aditya-birla-sun-life-fixed-term-plan-series-sy-1259-days-direct-growth-inf209kb1u27/
Aditya Birla Sun Life Fixed Term Plan Series Sy 1259 Days Regular Growth,https://www.dezerv.in/mutual-funds/aditya-birla-sun-life-fixed-term-plan-series-sy-1259-days-regular-growth-inf209kb1u01/
Aditya Birla Sun Life Fixed Term Plan Series Tb 1125 Days Direct Growth,https://www.dezerv.in/mutual-funds/aditya-birla-sun-life-fixed-term-plan-series-tb-1125-days-direct-growth-inf209kb1v26/
Aditya Birla Sun Life Fixed Term Plan Series Tb 1125 Days Regular Growth,https://www.dezerv.in/mutual-funds/aditya-birla-sun-life-fixed-term-plan-series-tb-1125-days-regular-growth-inf209kb1v00/
Aditya Birla Sun Life Fixed Term Plan Series Tc 1119 Days Direct Growth,https://www.dezerv.in/mutual-funds/aditya-birla-sun-life-fixed-term-plan-series-tc-1119-days-direct-growth-inf209kb1v67/
Aditya Birla Sun Life Fixed Term Plan Series Tc 1119 Days Regular Growth,https://www.dezerv.in/mutual-funds/aditya-birla-sun-life-fixed-term-plan-series-tc-1119-days-regular-growth-inf209kb1v42/
Aditya Birla Sun Life Fixed Term Plan Series Td 1100 Days Direct Growth,https://www.dezerv.in/mutual-funds/aditya-birla-sun-life-fixed-term-plan-series-td-1100-days-direct-growth-inf209kb1x24/
Aditya Birla Sun Life Fixed Term Plan Series Td 1100 Days Regular Growth,https://www.dezerv.in/mutual-funds/aditya-birla-sun-life-fixed-term-plan-series-td-1100-days-regular-growth-inf209kb1x08/
Aditya Birla Sun Life Fixed Term Plan Series Te 1095 Days Direct Growth,https://www.dezerv.in/mutual-funds/aditya-birla-sun-life-fixed-term-plan-series-te-1095-days-direct-growth-inf209kb1x65/
Aditya Birla Sun Life Fixed Term Plan Series Te 1095 Days Regular Growth,https://www.dezerv.in/mutual-funds/aditya-birla-sun-life-fixed-term-plan-series-te-1095-days-regular-growth-inf209kb1x40/
Aditya Birla Sun Life Fixed Term Plan Series Tf 1098 Days Direct Growth,https://www.dezerv.in/mutual-funds/aditya-birla-sun-life-fixed-term-plan-series-tf-1098-days-direct-growth-inf209kb1y07/
Aditya Birla Sun Life Fixed Term Plan Series Tf 1098 Days Regular Growth,https://www.dezerv.in/mutual-funds/aditya-birla-sun-life-fixed-term-plan-series-tf-1098-days-regular-growth-inf209kb1x81/
Aditya Birla Sun Life Fixed Term Plan Series Tg 1099 Days Direct Growth,https://www.dezerv.in/mutual-funds/aditya-birla-sun-life-fixed-term-plan-series-tg-1099-days-direct-growth-inf209kb1y80/
Aditya Birla Sun Life Fixed Term Plan Series Tg 1099 Days Regular Growth,https://www.dezerv.in/mutual-funds/aditya-birla-sun-life-fixed-term-plan-series-tg-1099-days-regular-growth-inf209kb1y64/
Aditya Birla Sun Life Fixed Term Plan Series Th 1098 Days Direct Growth,https://www.dezerv.in/mutual-funds/aditya-birla-sun-life-fixed-term-plan-series-th-1098-days-direct-growth-inf209kb1z22/
Aditya Birla Sun Life Fixed Term Plan Series Th 1098 Days Regular Growth,https://www.dezerv.in/mutual-funds/aditya-birla-sun-life-fixed-term-plan-series-th-1098-days-regular-growth-inf209kb1z06/
Aditya Birla Sun Life Fixed Term Plan Series Ti 1837 Days Direct Growth,https://www.dezerv.in/mutual-funds/aditya-birla-sun-life-fixed-term-plan-series-ti-1837-days-direct-growth-inf209kb12a2/
Aditya Birla Sun Life Fixed Term Plan Series Ti 1837 Days Regular Growth,https://www.dezerv.in/mutual-funds/aditya-birla-sun-life-fixed-term-plan-series-ti-1837-days-regular-growth-inf209kb10a6/
Aditya Birla Sun Life Fixed Term Plan Series Tj 1838 Days Direct Growth,https://www.dezerv.in/mutual-funds/aditya-birla-sun-life-fixed-term-plan-series-tj-1838-days-direct-growth-inf209kb16a3/
Aditya Birla Sun Life Fixed Term Plan Series Tj 1838 Days Regular Growth,https://www.dezerv.in/mutual-funds/aditya-birla-sun-life-fixed-term-plan-series-tj-1838-days-regular-growth-inf209kb14a8/
Aditya Birla Sun Life Fixed Term Plan Series Tk 1833 Days Direct Growth,https://www.dezerv.in/mutual-funds/aditya-birla-sun-life-fixed-term-plan-series-tk-1833-days-direct-growth-inf209kb10b4/
Aditya Birla Sun Life Fixed Term Plan Series Tk 1833 Days Regular Growth,https://www.dezerv.in/mutual-funds/aditya-birla-sun-life-fixed-term-plan-series-tk-1833-days-regular-growth-inf209kb19a7/
Aditya Birla Sun Life Fixed Term Plan Series Tl 1839 Days Direct Growth,https://www.dezerv.in/mutual-funds/aditya-birla-sun-life-fixed-term-plan-series-tl-1839-days-direct-growth-inf209kb14b6/
Aditya Birla Sun Life Fixed Term Plan Series Tl 1839 Days Regular Growth,https://www.dezerv.in/mutual-funds/aditya-birla-sun-life-fixed-term-plan-series-tl-1839-days-regular-growth-inf209kb12b0/
Aditya Birla Sun Life Fixed Term Plan Series Tm 1842 Days Direct Growth,https://www.dezerv.in/mutual-funds/aditya-birla-sun-life-fixed-term-plan-series-tm-1842-days-direct-growth-inf209kb13c6/
Aditya Birla Sun Life Fixed Term Plan Series Tm 1842 Days Regular Growth,https://www.dezerv.in/mutual-funds/aditya-birla-sun-life-fixed-term-plan-series-tm-1842-days-regular-growth-inf209kb11c0/
Aditya Birla Sun Life Fixed Term Plan Series Tn Direct Growth,https://www.dezerv.in/mutual-funds/aditya-birla-sun-life-fixed-term-plan-series-tn-direct-growth-inf209kb13e2/
Aditya Birla Sun Life Fixed Term Plan Series Tn Regular Growth,https://www.dezerv.in/mutual-funds/aditya-birla-sun-life-fixed-term-plan-series-tn-regular-growth-inf209kb11e6/
Aditya Birla Sun Life Fixed Term Plan Series To 1214 Days Direct Growth,https://www.dezerv.in/mutual-funds/aditya-birla-sun-life-fixed-term-plan-series-to-1214-days-direct-growth-inf209kb17e3/
Aditya Birla Sun Life Fixed Term Plan Series To 1214 Days Regular Growth,https://www.dezerv.in/mutual-funds/aditya-birla-sun-life-fixed-term-plan-series-to-1214-days-regular-growth-inf209kb15e7/
Aditya Birla Sun Life Fixed Term Plan Series Tp 1923 Days Direct Growth,https://www.dezerv.in/mutual-funds/aditya-birla-sun-life-fixed-term-plan-series-tp-1923-days-direct-growth-inf209kb16g0/
Aditya Birla Sun Life Fixed Term Plan Series Tp 1923 Days Regular Growth,https://www.dezerv.in/mutual-funds/aditya-birla-sun-life-fixed-term-plan-series-tp-1923-days-regular-growth-inf209kb14g5/
Aditya Birla Sun Life Fixed Term Plan Series Tt 153 Days Direct Growth,https://www.dezerv.in/mutual-funds/aditya-birla-sun-life-fixed-term-plan-series-tt-153-days-direct-growth-inf209kb12k1/
Aditya Birla Sun Life Fixed Term Plan Series Tt 153 Days Regular Growth,https://www.dezerv.in/mutual-funds/aditya-birla-sun-life-fixed-term-plan-series-tt-153-days-regular-growth-inf209kb10k5/
Aditya Birla Sun Life Fixed Term Plan Series Tu 1789 Days Direct Growth,https://www.dezerv.in/mutual-funds/aditya-birla-sun-life-fixed-term-plan-series-tu-1789-days-direct-growth-inf209kb12j3/
Aditya Birla Sun Life Fixed Term Plan Series Tu 1789 Days Regular Growth,https://www.dezerv.in/mutual-funds/aditya-birla-sun-life-fixed-term-plan-series-tu-1789-days-regular-growth-inf209kb10j7/
Aditya Birla Sun Life Fixed Term Plan Series Tv 1169 Days Direct Growth,https://www.dezerv.in/mutual-funds/aditya-birla-sun-life-fixed-term-plan-series-tv-1169-days-direct-growth-inf209kb18k8/
Aditya Birla Sun Life Fixed Term Plan Series Tv 1169 Days Regular Growth,https://www.dezerv.in/mutual-funds/aditya-birla-sun-life-fixed-term-plan-series-tv-1169-days-regular-growth-inf209kb16k2/
Aditya Birla Sun Life Fixed Term Plan Series Tw 167 Days Direct Growth,https://www.dezerv.in/mutual-funds/aditya-birla-sun-life-fixed-term-plan-series-tw-167-days-direct-growth-inf209kb12l9/
Aditya Birla Sun Life Fixed Term Plan Series Tw 167 Days Regular Growth,https://www.dezerv.in/mutual-funds/aditya-birla-sun-life-fixed-term-plan-series-tw-167-days-regular-growth-inf209kb10l3/
Aditya Birla Sun Life Fixed Term Plan Series Ua 1231 Days Direct Growth,https://www.dezerv.in/mutual-funds/aditya-birla-sun-life-fixed-term-plan-series-ua-1231-days-direct-growth-inf209kb14p6/
Aditya Birla Sun Life Fixed Term Plan Series Ua 1231 Days Regular Growth,https://www.dezerv.in/mutual-funds/aditya-birla-sun-life-fixed-term-plan-series-ua-1231-days-regular-growth-inf209kb12p0/
Aditya Birla Sun Life Fixed Term Plan Series Ub 1224 Days Direct Growth,https://www.dezerv.in/mutual-funds/aditya-birla-sun-life-fixed-term-plan-series-ub-1224-days-direct-growth-inf209kb18p7/
Aditya Birla Sun Life Fixed Term Plan Series Ub 1224 Days Regular Growth,https://www.dezerv.in/mutual-funds/aditya-birla-sun-life-fixed-term-plan-series-ub-1224-days-regular-growth-inf209kb16p1/
Aditya Birla Sun Life Fixed Term Plan Series Uc 95 Days Direct Growth,https://www.dezerv.in/mutual-funds/aditya-birla-sun-life-fixed-term-plan-series-uc-95-days-direct-growth-inf209kb12q8/
Aditya Birla Sun Life Fixed Term Plan Series Uc 95 Days Regular Growth,https://www.dezerv.in/mutual-funds/aditya-birla-sun-life-fixed-term-plan-series-uc-95-days-regular-growth-inf209kb10q2/
Aditya Birla Sun Life Fixed Term Plan Series Ud 79 Days Direct Growth,https://www.dezerv.in/mutual-funds/aditya-birla-sun-life-fixed-term-plan-series-ud-79-days-direct-growth-inf209kb16q9/
Aditya Birla Sun Life Fixed Term Plan Series Ud 79 Days Regular Growth,https://www.dezerv.in/mutual-funds/aditya-birla-sun-life-fixed-term-plan-series-ud-79-days-regular-growth-inf209kb14q4/
Aditya Birla Sun Life Fixed Term Plan Series Ue 1275 Days Direct Growth,https://www.dezerv.in/mutual-funds/aditya-birla-sun-life-fixed-term-plan-series-ue-1275-days-direct-growth-inf209kb10r0/
Aditya Birla Sun Life Fixed Term Plan Series Ue 1275 Days Regular Growth,https://www.dezerv.in/mutual-funds/aditya-birla-sun-life-fixed-term-plan-series-ue-1275-days-regular-growth-inf209kb18q5/
Aditya Birla Sun Life Fixed Term Plan Series Uf 180 Days Direct Growth,https://www.dezerv.in/mutual-funds/aditya-birla-sun-life-fixed-term-plan-series-uf-180-days-direct-growth-inf209kb18s1/
Aditya Birla Sun Life Fixed Term Plan Series Uf 180 Days Regular Growth,https://www.dezerv.in/mutual-funds/aditya-birla-sun-life-fixed-term-plan-series-uf-180-days-regular-growth-inf209kb16s5/
Aditya Birla Sun Life Fixed Term Plan Series Uj 1110 Days Direct Growth,https://www.dezerv.in/mutual-funds/aditya-birla-sun-life-fixed-term-plan-series-uj-1110-days-direct-growth-inf209kb13v6/
Aditya Birla Sun Life Fixed Term Plan Series Uj 1110 Days Regular Growth,https://www.dezerv.in/mutual-funds/aditya-birla-sun-life-fixed-term-plan-series-uj-1110-days-regular-growth-inf209kb11v0/
Aditya Birla Sun Life Flexi Cap Fund Direct Growth,https://www.dezerv.in/mutual-funds/aditya-birla-sun-life-flexi-cap-fund-direct-growth-inf209k01xx1/
Aditya Birla Sun Life Flexi Cap Fund Regular Growth,https://www.dezerv.in/mutual-funds/aditya-birla-sun-life-flexi-cap-fund-regular-growth-inf209k01aj8/
Aditya Birla Sun Life Floating Rate Fund Direct Growth,https://www.dezerv.in/mutual-funds/aditya-birla-sun-life-floating-rate-fund-direct-growth-inf209k01ux7/
Aditya Birla Sun Life Floating Rate Fund Regular Growth,https://www.dezerv.in/mutual-funds/aditya-birla-sun-life-floating-rate-fund-regular-growth-inf209k01mg9/
Aditya Birla Sun Life Focused Equity Fund Direct Growth,https://www.dezerv.in/mutual-funds/aditya-birla-sun-life-focused-equity-fund-direct-growth-inf209k01we3/
Aditya Birla Sun Life Focused Equity Fund Regular Growth,https://www.dezerv.in/mutual-funds/aditya-birla-sun-life-focused-equity-fund-regular-growth-inf209k01462/
Aditya Birla Sun Life Frontline Equity Fund Direct Growth,https://www.dezerv.in/mutual-funds/aditya-birla-sun-life-frontline-equity-fund-direct-growth-inf209k01yy7/
Aditya Birla Sun Life Frontline Equity Fund Regular Growth,https://www.dezerv.in/mutual-funds/aditya-birla-sun-life-frontline-equity-fund-regular-growth-inf209k01br9/
Aditya Birla Sun Life Global Emerging Opportunities Fund Direct Growth,https://www.dezerv.in/mutual-funds/aditya-birla-sun-life-global-emerging-opportunities-fund-direct-growth-inf084m01eb0/
Aditya Birla Sun Life Global Emerging Opportunities Fund Regular Growth,https://www.dezerv.in/mutual-funds/aditya-birla-sun-life-global-emerging-opportunities-fund-regular-growth-inf084m01at0/
Aditya Birla Sun Life Global Excellence Equity Fund Of Fund Direct Growth,https://www.dezerv.in/mutual-funds/aditya-birla-sun-life-global-excellence-equity-fund-of-fund-direct-growth-inf084m01eh7/
Aditya Birla Sun Life Global Excellence Equity Fund Of Fund Regular Growth,https://www.dezerv.in/mutual-funds/aditya-birla-sun-life-global-excellence-equity-fund-of-fund-regular-growth-inf084m01az7/
Aditya Birla Sun Life Gold Etf,https://www.dezerv.in/mutual-funds/aditya-birla-sun-life-gold-etf-inf209kb18d3/
Aditya Birla Sun Life Gold Fund Direct Growth,https://www.dezerv.in/mutual-funds/aditya-birla-sun-life-gold-fund-direct-growth-inf209k01yu5/
Aditya Birla Sun Life Gold Fund Regular Growth,https://www.dezerv.in/mutual-funds/aditya-birla-sun-life-gold-fund-regular-growth-inf209k01pf4/
Aditya Birla Sun Life Government Securities Fund Direct Growth,https://www.dezerv.in/mutual-funds/aditya-birla-sun-life-government-securities-fund-direct-growth-inf209k01xp7/
Aditya Birla Sun Life Government Securities Fund Regular Growth,https://www.dezerv.in/mutual-funds/aditya-birla-sun-life-government-securities-fund-regular-growth-inf209k01ac3/
Aditya Birla Sun Life India Gennext Fund Direct Growth,https://www.dezerv.in/mutual-funds/aditya-birla-sun-life-india-gennext-fund-direct-growth-inf209k01wc7/
Aditya Birla Sun Life India Gennext Fund Regular Growth,https://www.dezerv.in/mutual-funds/aditya-birla-sun-life-india-gennext-fund-regular-growth-inf209k01447/
Aditya Birla Sun Life Infrastructure Fund Direct Growth,https://www.dezerv.in/mutual-funds/aditya-birla-sun-life-infrastructure-fund-direct-growth-inf209k01wh6/
Aditya Birla Sun Life Infrastructure Fund Regular Growth,https://www.dezerv.in/mutual-funds/aditya-birla-sun-life-infrastructure-fund-regular-growth-inf209k01504/
Aditya Birla Sun Life International Equity Fund Direct Growth,https://www.dezerv.in/mutual-funds/aditya-birla-sun-life-international-equity-fund-direct-growth-inf209k01ws3/
Aditya Birla Sun Life International Equity Fund Plan B Direct Growth,https://www.dezerv.in/mutual-funds/aditya-birla-sun-life-international-equity-fund-plan-b-direct-growth-inf209k01wu9/
Aditya Birla Sun Life International Equity Fund Plan B Regular Growth,https://www.dezerv.in/mutual-funds/aditya-birla-sun-life-international-equity-fund-plan-b-regular-growth-inf209k01546/
Aditya Birla Sun Life International Equity Fund Regular Growth,https://www.dezerv.in/mutual-funds/aditya-birla-sun-life-international-equity-fund-regular-growth-inf209k01520/
Aditya Birla Sun Life Interval Income Fund Quarterly Series I Direct Growth,https://www.dezerv.in/mutual-funds/aditya-birla-sun-life-interval-income-fund-quarterly-series-i-direct-growth-inf209k01yq3/
Aditya Birla Sun Life Interval Income Fund Quarterly Series I Regular Growth,https://www.dezerv.in/mutual-funds/aditya-birla-sun-life-interval-income-fund-quarterly-series-i-regular-growth-inf209k01hn5/
Aditya Birla Sun Life Long Duration Fund Direct Growth,https://www.dezerv.in/mutual-funds/aditya-birla-sun-life-long-duration-fund-direct-growth-inf209kb17j2/
Aditya Birla Sun Life Long Duration Fund Regular Growth,https://www.dezerv.in/mutual-funds/aditya-birla-sun-life-long-duration-fund-regular-growth-inf209kb14j9/
Aditya Birla Sun Life Manufacturing Equity Fund Direct Growth,https://www.dezerv.in/mutual-funds/aditya-birla-sun-life-manufacturing-equity-fund-direct-growth-inf209ka1yk0/
Aditya Birla Sun Life Manufacturing Equity Fund Regular Growth,https://www.dezerv.in/mutual-funds/aditya-birla-sun-life-manufacturing-equity-fund-regular-growth-inf209ka1yh6/
Aditya Birla Sun Life Medium Term Plan Direct Growth,https://www.dezerv.in/mutual-funds/aditya-birla-sun-life-medium-term-plan-direct-growth-inf209k01xa9/
Aditya Birla Sun Life Medium Term Plan Regular Growth,https://www.dezerv.in/mutual-funds/aditya-birla-sun-life-medium-term-plan-regular-growth-inf209k01603/
Aditya Birla Sun Life Medium Term Plan Segregated Portfolio 1 Direct Growth,https://www.dezerv.in/mutual-funds/aditya-birla-sun-life-medium-term-plan-segregated-portfolio-1-direct-growth-inf209kb1q15/
Aditya Birla Sun Life Medium Term Plan Segregated Portfolio 1 Regular Growth,https://www.dezerv.in/mutual-funds/aditya-birla-sun-life-medium-term-plan-segregated-portfolio-1-regular-growth-inf209kb1q23/
Aditya Birla Sun Life Mid Cap Fund Direct Growth,https://www.dezerv.in/mutual-funds/aditya-birla-sun-life-mid-cap-fund-direct-growth-inf209k01q30/
Aditya Birla Sun Life Mid Cap Fund Regular Growth,https://www.dezerv.in/mutual-funds/aditya-birla-sun-life-mid-cap-fund-regular-growth-inf209k01363/
Aditya Birla Sun Life Mnc Fund Direct Growth,https://www.dezerv.in/mutual-funds/aditya-birla-sun-life-mnc-fund-direct-growth-inf209k01vt3/
Aditya Birla Sun Life Mnc Fund Regular Growth,https://www.dezerv.in/mutual-funds/aditya-birla-sun-life-mnc-fund-regular-growth-inf209k01322/
Aditya Birla Sun Life Msci India Etf,https://www.dezerv.in/mutual-funds/aditya-birla-sun-life-msci-india-etf-inf209kc1662/
Aditya Birla Sun Life Multi Asset Allocation Fund Direct Growth,https://www.dezerv.in/mutual-funds/aditya-birla-sun-life-multi-asset-allocation-fund-direct-growth-inf209kb15r9/
Aditya Birla Sun Life Multi Asset Allocation Fund Regular Growth,https://www.dezerv.in/mutual-funds/aditya-birla-sun-life-multi-asset-allocation-fund-regular-growth-inf209kb12r6/
Aditya Birla Sun Life Multi Cap Fund Direct Growth,https://www.dezerv.in/mutual-funds/aditya-birla-sun-life-multi-cap-fund-direct-growth-inf209kb1y49/
Aditya Birla Sun Life Multi Cap Fund Regular Growth,https://www.dezerv.in/mutual-funds/aditya-birla-sun-life-multi-cap-fund-regular-growth-inf209kb1y23/
Aditya Birla Sun Life Multi Index Fund Of Funds Direct Growth,https://www.dezerv.in/mutual-funds/aditya-birla-sun-life-multi-index-fund-of-funds-direct-growth-inf209kb15m0/
Aditya Birla Sun Life Multi Index Fund Of Funds Regular Growth,https://www.dezerv.in/mutual-funds/aditya-birla-sun-life-multi-index-fund-of-funds-regular-growth-inf209kb12m7/
Aditya Birla Sun Life Nasdaq 100 Fof Direct Growth,https://www.dezerv.in/mutual-funds/aditya-birla-sun-life-nasdaq-100-fof-direct-growth-inf209kb18c5/
Aditya Birla Sun Life Nasdaq 100 Fof Regular Growth,https://www.dezerv.in/mutual-funds/aditya-birla-sun-life-nasdaq-100-fof-regular-growth-inf209kb15c1/
Aditya Birla Sun Life Nifty 200 Momentum 30 Etf,https://www.dezerv.in/mutual-funds/aditya-birla-sun-life-nifty-200-momentum-30-etf-inf209kb14k7/
Aditya Birla Sun Life Nifty 200 Quality 30 Etf,https://www.dezerv.in/mutual-funds/aditya-birla-sun-life-nifty-200-quality-30-etf-inf209kb15k4/
Aditya Birla Sun Life Nifty 50 Equal Weight Index Fund Direct Growth,https://www.dezerv.in/mutual-funds/aditya-birla-sun-life-nifty-50-equal-weight-index-fund-direct-growth-inf209kb1z71/
Aditya Birla Sun Life Nifty 50 Equal Weight Index Fund Regular Growth,https://www.dezerv.in/mutual-funds/aditya-birla-sun-life-nifty-50-equal-weight-index-fund-regular-growth-inf209kb1z48/
Aditya Birla Sun Life Nifty 50 Etf,https://www.dezerv.in/mutual-funds/aditya-birla-sun-life-nifty-50-etf-inf209kb19d1/
Aditya Birla Sun Life Nifty 50 Index Fund Direct Growth,https://www.dezerv.in/mutual-funds/aditya-birla-sun-life-nifty-50-index-fund-direct-growth-inf209k01vy3/
Aditya Birla Sun Life Nifty 50 Index Fund Regular Growth,https://www.dezerv.in/mutual-funds/aditya-birla-sun-life-nifty-50-index-fund-regular-growth-inf209k01lb2/
Aditya Birla Sun Life Nifty Bank Etf,https://www.dezerv.in/mutual-funds/aditya-birla-sun-life-nifty-bank-etf-inf209kb17d5/
Aditya Birla Sun Life Nifty Financial Services Etf,https://www.dezerv.in/mutual-funds/aditya-birla-sun-life-nifty-financial-services-etf-inf209kb15i8/
Aditya Birla Sun Life Nifty G Sec Jun 2027 Etf,https://www.dezerv.in/mutual-funds/aditya-birla-sun-life-nifty-g-sec-jun-2027-etf-inf209kb16h8/
Aditya Birla Sun Life Nifty Healthcare Etf,https://www.dezerv.in/mutual-funds/aditya-birla-sun-life-nifty-healthcare-etf-inf209kb10c2/
Aditya Birla Sun Life Nifty India Defence Index Fund Direct Growth,https://www.dezerv.in/mutual-funds/aditya-birla-sun-life-nifty-india-defence-index-fund-direct-growth-inf209kc1183/
Aditya Birla Sun Life Nifty India Defence Index Fund Regular Growth,https://www.dezerv.in/mutual-funds/aditya-birla-sun-life-nifty-india-defence-index-fund-regular-growth-inf209kc1159/
Aditya Birla Sun Life Nifty It Etf,https://www.dezerv.in/mutual-funds/aditya-birla-sun-life-nifty-it-etf-inf209kb11d8/
Aditya Birla Sun Life Nifty Midcap 150 Index Fund Direct Growth,https://www.dezerv.in/mutual-funds/aditya-birla-sun-life-nifty-midcap-150-index-fund-direct-growth-inf209kb1w74/
Aditya Birla Sun Life Nifty Midcap 150 Index Fund Regular Growth,https://www.dezerv.in/mutual-funds/aditya-birla-sun-life-nifty-midcap-150-index-fund-regular-growth-inf209kb1w41/
Aditya Birla Sun Life Nifty Next 50 Index Fund Direct Growth,https://www.dezerv.in/mutual-funds/aditya-birla-sun-life-nifty-next-50-index-fund-direct-growth-inf209kb10g3/
Aditya Birla Sun Life Nifty Next 50 Index Fund Regular Growth,https://www.dezerv.in/mutual-funds/aditya-birla-sun-life-nifty-next-50-index-fund-regular-growth-inf209kb12g9/
Aditya Birla Sun Life Nifty Pse Etf,https://www.dezerv.in/mutual-funds/aditya-birla-sun-life-nifty-pse-etf-inf209kb19z4/
Aditya Birla Sun Life Nifty Sdl Apr 2027 Index Fund Direct Growth,https://www.dezerv.in/mutual-funds/aditya-birla-sun-life-nifty-sdl-apr-2027-index-fund-direct-growth-inf209kb11f3/
Aditya Birla Sun Life Nifty Sdl Apr 2027 Index Fund Regular Growth,https://www.dezerv.in/mutual-funds/aditya-birla-sun-life-nifty-sdl-apr-2027-index-fund-regular-growth-inf209kb19e9/
Aditya Birla Sun Life Nifty Sdl Plus Psu Bond Sep 2026 60 40 Index Fund Direct Growth,https://www.dezerv.in/mutual-funds/aditya-birla-sun-life-nifty-sdl-plus-psu-bond-sep-2026-60-40-index-fund-direct-growth-inf209kb18b7/
Aditya Birla Sun Life Nifty Sdl Plus Psu Bond Sep 2026 60 40 Index Fund Regular Growth,https://www.dezerv.in/mutual-funds/aditya-birla-sun-life-nifty-sdl-plus-psu-bond-sep-2026-60-40-index-fund-regular-growth-inf209kb16b1/
Aditya Birla Sun Life Nifty Sdl Sep 2025 Index Fund Direct Growth,https://www.dezerv.in/mutual-funds/aditya-birla-sun-life-nifty-sdl-sep-2025-index-fund-direct-growth-inf209kb10m1/
Aditya Birla Sun Life Nifty Sdl Sep 2025 Index Fund Regular Growth,https://www.dezerv.in/mutual-funds/aditya-birla-sun-life-nifty-sdl-sep-2025-index-fund-regular-growth-inf209kb18l6/
Aditya Birla Sun Life Nifty Sdl Sep 2027 Index Fund Direct Growth,https://www.dezerv.in/mutual-funds/aditya-birla-sun-life-nifty-sdl-sep-2027-index-fund-direct-growth-inf209kb16t3/
Aditya Birla Sun Life Nifty Sdl Sep 2027 Index Fund Regular Growth,https://www.dezerv.in/mutual-funds/aditya-birla-sun-life-nifty-sdl-sep-2027-index-fund-regular-growth-inf209kb14t8/
Aditya Birla Sun Life Nifty Smallcap 50 Index Fund Direct Growth,https://www.dezerv.in/mutual-funds/aditya-birla-sun-life-nifty-smallcap-50-index-fund-direct-growth-inf209kb1w17/
Aditya Birla Sun Life Nifty Smallcap 50 Index Fund Regular Growth,https://www.dezerv.in/mutual-funds/aditya-birla-sun-life-nifty-smallcap-50-index-fund-regular-growth-inf209kb1v83/
Aditya Birla Sun Life Pharma Healthcare Fund Direct Growth,https://www.dezerv.in/mutual-funds/aditya-birla-sun-life-pharma-healthcare-fund-direct-growth-inf209kb1o25/
Aditya Birla Sun Life Pharma Healthcare Fund Regular Growth,https://www.dezerv.in/mutual-funds/aditya-birla-sun-life-pharma-healthcare-fund-regular-growth-inf209kb1n91/
Aditya Birla Sun Life Psu Equity Fund Direct Growth,https://www.dezerv.in/mutual-funds/aditya-birla-sun-life-psu-equity-fund-direct-growth-inf209kb1o82/
Aditya Birla Sun Life Psu Equity Fund Regular Growth,https://www.dezerv.in/mutual-funds/aditya-birla-sun-life-psu-equity-fund-regular-growth-inf209kb1o66/
Aditya Birla Sun Life Pure Value Fund Direct Growth,https://www.dezerv.in/mutual-funds/aditya-birla-sun-life-pure-value-fund-direct-growth-inf209k01wq7/
Aditya Birla Sun Life Pure Value Fund Regular Growth,https://www.dezerv.in/mutual-funds/aditya-birla-sun-life-pure-value-fund-regular-growth-inf209k01lf3/
Aditya Birla Sun Life Quant Fund Direct Growth,https://www.dezerv.in/mutual-funds/aditya-birla-sun-life-quant-fund-direct-growth-inf209kc1118/
Aditya Birla Sun Life Quant Fund Regular Growth,https://www.dezerv.in/mutual-funds/aditya-birla-sun-life-quant-fund-regular-growth-inf209kc1092/
Aditya Birla Sun Life Regular Savings Fund Direct Growth,https://www.dezerv.in/mutual-funds/aditya-birla-sun-life-regular-savings-fund-direct-growth-inf209k01xh4/
Aditya Birla Sun Life Regular Savings Fund Regular Growth,https://www.dezerv.in/mutual-funds/aditya-birla-sun-life-regular-savings-fund-regular-growth-inf209k01751/
Aditya Birla Sun Life Retirement Fund The 30S Plan Direct Growth,https://www.dezerv.in/mutual-funds/aditya-birla-sun-life-retirement-fund-the-30s-plan-direct-growth-inf209kb1i23/
Aditya Birla Sun Life Retirement Fund The 30S Plan Regular Growth,https://www.dezerv.in/mutual-funds/aditya-birla-sun-life-retirement-fund-the-30s-plan-regular-growth-inf209kb1h99/
Aditya Birla Sun Life Retirement Fund The 40S Plan Direct Growth,https://www.dezerv.in/mutual-funds/aditya-birla-sun-life-retirement-fund-the-40s-plan-direct-growth-inf209kb1i80/
Aditya Birla Sun Life Retirement Fund The 40S Plan Regular Growth,https://www.dezerv.in/mutual-funds/aditya-birla-sun-life-retirement-fund-the-40s-plan-regular-growth-inf209kb1i56/
Aditya Birla Sun Life Retirement Fund The 50S Plan Direct Growth,https://www.dezerv.in/mutual-funds/aditya-birla-sun-life-retirement-fund-the-50s-plan-direct-growth-inf209kb1j48/
Aditya Birla Sun Life Retirement Fund The 50S Plan Regular Growth,https://www.dezerv.in/mutual-funds/aditya-birla-sun-life-retirement-fund-the-50s-plan-regular-growth-inf209kb1j14/
Aditya Birla Sun Life Retirement Fund The 50S Plus Debt Plan Direct Growth,https://www.dezerv.in/mutual-funds/aditya-birla-sun-life-retirement-fund-the-50s-plus-debt-plan-direct-growth-inf209kb1k03/
Aditya Birla Sun Life Retirement Fund The 50S Plus Debt Plan Regular Growth,https://www.dezerv.in/mutual-funds/aditya-birla-sun-life-retirement-fund-the-50s-plus-debt-plan-regular-growth-inf209kb1j71/
Aditya Birla Sun Life S P Bse Sensex Etf,https://www.dezerv.in/mutual-funds/aditya-birla-sun-life-s-p-bse-sensex-etf-inf209kb10e8/
Aditya Birla Sun Life Savings Fund Direct Growth,https://www.dezerv.in/mutual-funds/aditya-birla-sun-life-savings-fund-direct-growth-inf209k01ur9/
Aditya Birla Sun Life Savings Fund Regular Growth,https://www.dezerv.in/mutual-funds/aditya-birla-sun-life-savings-fund-regular-growth-inf209k01lz1/
Aditya Birla Sun Life Short Term Fund Direct Growth,https://www.dezerv.in/mutual-funds/aditya-birla-sun-life-short-term-fund-direct-growth-inf209k01xk8/
Aditya Birla Sun Life Short Term Fund Regular Growth,https://www.dezerv.in/mutual-funds/aditya-birla-sun-life-short-term-fund-regular-growth-inf209k01942/
Aditya Birla Sun Life Silver Etf Fund Of Fund Direct Growth,https://www.dezerv.in/mutual-funds/aditya-birla-sun-life-silver-etf-fund-of-fund-direct-growth-inf209kb16f2/
Aditya Birla Sun Life Silver Etf Fund Of Fund Regular Growth,https://www.dezerv.in/mutual-funds/aditya-birla-sun-life-silver-etf-fund-of-fund-regular-growth-inf209kb13f9/
Aditya Birla Sun Life Silver Etf,https://www.dezerv.in/mutual-funds/aditya-birla-sun-life-silver-etf-inf209kb19f6/
Aditya Birla Sun Life Small Cap Fund Direct Growth,https://www.dezerv.in/mutual-funds/aditya-birla-sun-life-small-cap-fund-direct-growth-inf209k01wn4/
Aditya Birla Sun Life Small Cap Fund Regular Growth,https://www.dezerv.in/mutual-funds/aditya-birla-sun-life-small-cap-fund-regular-growth-inf209k01en2/
Aditya Birla Sun Life Special Opportunities Fund Direct Growth,https://www.dezerv.in/mutual-funds/aditya-birla-sun-life-special-opportunities-fund-direct-growth-inf209kb1t79/
Aditya Birla Sun Life Special Opportunities Fund Regular Growth,https://www.dezerv.in/mutual-funds/aditya-birla-sun-life-special-opportunities-fund-regular-growth-inf209kb1t46/
Aditya Birla Sun Life Transportation And Logistics Fund Direct Growth,https://www.dezerv.in/mutual-funds/aditya-birla-sun-life-transportation-and-logistics-fund-direct-growth-inf209kb15x7/
Aditya Birla Sun Life Transportation And Logistics Fund Regular Growth,https://www.dezerv.in/mutual-funds/aditya-birla-sun-life-transportation-and-logistics-fund-regular-growth-inf209kb17x3/
Aditya Birla Sun Life Us Treasury 1 3 Year Bond Etfs Fund Of Funds Direct Growth,https://www.dezerv.in/mutual-funds/aditya-birla-sun-life-us-treasury-1-3-year-bond-etfs-fund-of-funds-direct-growth-inf209kb16w7/
Aditya Birla Sun Life Us Treasury 1 3 Year Bond Etfs Fund Of Funds Regular Growth,https://www.dezerv.in/mutual-funds/aditya-birla-sun-life-us-treasury-1-3-year-bond-etfs-fund-of-funds-regular-growth-inf209kb13w4/
Aditya Birla Sun Life Us Treasury 3 10 Year Bond Etfs Fund Of Funds Direct Growth,https://www.dezerv.in/mutual-funds/aditya-birla-sun-life-us-treasury-3-10-year-bond-etfs-fund-of-funds-direct-growth-inf209kb12x4/
Aditya Birla Sun Life Us Treasury 3 10 Year Bond Etfs Fund Of Funds Regular Growth,https://www.dezerv.in/mutual-funds/aditya-birla-sun-life-us-treasury-3-10-year-bond-etfs-fund-of-funds-regular-growth-inf209kb19w1/
Aditya Bsl Banking Psu Debt Fund Direct Growth,https://www.dezerv.in/mutual-funds/aditya-bsl-banking-psu-debt-fund-direct-growth-inf209k01yn0/
Aditya Bsl Banking Psu Debt Fund Regular Growth,https://www.dezerv.in/mutual-funds/aditya-bsl-banking-psu-debt-fund-regular-growth-inf209k01lv0/
Aditya Bsl Corporate Bond Fund Direct Growth,https://www.dezerv.in/mutual-funds/aditya-bsl-corporate-bond-fund-direct-growth-inf209k01s38/
Aditya Bsl Corporate Bond Fund Regular Growth,https://www.dezerv.in/mutual-funds/aditya-bsl-corporate-bond-fund-regular-growth-inf209k01785/
Aditya Bsl Credit Risk Fund Direct Growth,https://www.dezerv.in/mutual-funds/aditya-bsl-credit-risk-fund-direct-growth-inf209ka1k88/
Aditya Bsl Credit Risk Fund Regular Growth,https://www.dezerv.in/mutual-funds/aditya-bsl-credit-risk-fund-regular-growth-inf209ka1k47/
Aditya Bsl Fixed Term Plan Series Qz 1100 Days Direct Growth,https://www.dezerv.in/mutual-funds/aditya-bsl-fixed-term-plan-series-qz-1100-days-direct-growth-inf209kb1vz3/
Aditya Bsl Fixed Term Plan Series Qz 1100 Days Regular Growth,https://www.dezerv.in/mutual-funds/aditya-bsl-fixed-term-plan-series-qz-1100-days-regular-growth-inf209kb1vw0/
Aditya Bsl Fixed Term Plan Series Rg 1283 Days Direct Growth,https://www.dezerv.in/mutual-funds/aditya-bsl-fixed-term-plan-series-rg-1283-days-direct-growth-inf209kb1xv8/
Aditya Bsl Fixed Term Plan Series Rg 1283 Days Regular Growth,https://www.dezerv.in/mutual-funds/aditya-bsl-fixed-term-plan-series-rg-1283-days-regular-growth-inf209kb1xs4/
Aditya Bsl Fixed Term Plan Series Rm 91 Days Direct Growth,https://www.dezerv.in/mutual-funds/aditya-bsl-fixed-term-plan-series-rm-91-days-direct-growth-inf209kb1yw4/
Aditya Bsl Fixed Term Plan Series Rm 91 Days Regular Growth,https://www.dezerv.in/mutual-funds/aditya-bsl-fixed-term-plan-series-rm-91-days-regular-growth-inf209kb1yu8/
Aditya Bsl Fixed Term Plan Series Rs 1232 Days Direct Growth,https://www.dezerv.in/mutual-funds/aditya-bsl-fixed-term-plan-series-rs-1232-days-direct-growth-inf209kb1a47/
Aditya Bsl Fixed Term Plan Series Rs 1232 Days Regular Growth,https://www.dezerv.in/mutual-funds/aditya-bsl-fixed-term-plan-series-rs-1232-days-regular-growth-inf209kb1a21/
Aditya Bsl Fixed Term Plan Series Rt 1223 Days Direct Growth,https://www.dezerv.in/mutual-funds/aditya-bsl-fixed-term-plan-series-rt-1223-days-direct-growth-inf209kb1a88/
Aditya Bsl Fixed Term Plan Series Rt 1223 Days Regular Growth,https://www.dezerv.in/mutual-funds/aditya-bsl-fixed-term-plan-series-rt-1223-days-regular-growth-inf209kb1a62/
Aditya Bsl Fixed Term Plan Series Rz 1187 Days Direct Growth,https://www.dezerv.in/mutual-funds/aditya-bsl-fixed-term-plan-series-rz-1187-days-direct-growth-inf209kb1d36/
Aditya Bsl Fixed Term Plan Series Rz 1187 Days Regular Growth,https://www.dezerv.in/mutual-funds/aditya-bsl-fixed-term-plan-series-rz-1187-days-regular-growth-inf209kb1d10/
Aditya Bsl Fixed Term Plan Series Sb 1174 Days Direct Growth,https://www.dezerv.in/mutual-funds/aditya-bsl-fixed-term-plan-series-sb-1174-days-direct-growth-inf209kb1e50/
Aditya Bsl Fixed Term Plan Series Sb 1174 Days Regular Growth,https://www.dezerv.in/mutual-funds/aditya-bsl-fixed-term-plan-series-sb-1174-days-regular-growth-inf209kb1e35/
Aditya Bsl Fixed Term Plan Series Sc 1170 Days Direct Growth,https://www.dezerv.in/mutual-funds/aditya-bsl-fixed-term-plan-series-sc-1170-days-direct-growth-inf209kb1h32/
Aditya Bsl Fixed Term Plan Series Sc 1170 Days Regular Growth,https://www.dezerv.in/mutual-funds/aditya-bsl-fixed-term-plan-series-sc-1170-days-regular-growth-inf209kb1h16/
Aditya Bsl Fixed Term Plan Series Sd 1168 Days Direct Growth,https://www.dezerv.in/mutual-funds/aditya-bsl-fixed-term-plan-series-sd-1168-days-direct-growth-inf209kb1g17/
Aditya Bsl Fixed Term Plan Series Sd 1168 Days Regular Growth,https://www.dezerv.in/mutual-funds/aditya-bsl-fixed-term-plan-series-sd-1168-days-regular-growth-inf209kb1f91/
Aditya Bsl Fixed Term Plan Series Se 1163 Days Direct Growth,https://www.dezerv.in/mutual-funds/aditya-bsl-fixed-term-plan-series-se-1163-days-direct-growth-inf209kb1g58/
Aditya Bsl Fixed Term Plan Series Se 1163 Days Regular Growth,https://www.dezerv.in/mutual-funds/aditya-bsl-fixed-term-plan-series-se-1163-days-regular-growth-inf209kb1g33/
Aditya Bsl Fixed Term Plan Series Sm Direct Growth,https://www.dezerv.in/mutual-funds/aditya-bsl-fixed-term-plan-series-sm-direct-growth-inf209kb1m50/
Aditya Bsl Fixed Term Plan Series Sm Regular Growth,https://www.dezerv.in/mutual-funds/aditya-bsl-fixed-term-plan-series-sm-regular-growth-inf209kb1m35/
Aditya Bsl Fixed Term Plan Series Tq 1879 Days Direct Growth,https://www.dezerv.in/mutual-funds/aditya-bsl-fixed-term-plan-series-tq-1879-days-direct-growth-inf209kb14h3/
Aditya Bsl Fixed Term Plan Series Tq 1879 Days Regular Growth,https://www.dezerv.in/mutual-funds/aditya-bsl-fixed-term-plan-series-tq-1879-days-regular-growth-inf209kb12h7/
Aditya Bsl Fixed Term Plan Series Ut 91 Days Direct Growth,https://www.dezerv.in/mutual-funds/aditya-bsl-fixed-term-plan-series-ut-91-days-direct-growth-inf209kb17z8/
Aditya Bsl Fixed Term Plan Series Ut 91 Days Regular Growth,https://www.dezerv.in/mutual-funds/aditya-bsl-fixed-term-plan-series-ut-91-days-regular-growth-inf209kb15z2/
Aditya Bsl Fixed Term Plan Seriessh 1146 Days Direct Growth,https://www.dezerv.in/mutual-funds/aditya-bsl-fixed-term-plan-seriessh-1146-days-direct-growth-inf209kb1k52/
Aditya Bsl Fixed Term Plan Seriessh 1146 Days Regular Growth,https://www.dezerv.in/mutual-funds/aditya-bsl-fixed-term-plan-seriessh-1146-days-regular-growth-inf209kb1k37/
Aditya Bsl Income Fund Direct Growth,https://www.dezerv.in/mutual-funds/aditya-bsl-income-fund-direct-growth-inf209k01wy1/
Aditya Bsl Income Fund Regular Growth,https://www.dezerv.in/mutual-funds/aditya-bsl-income-fund-regular-growth-inf209k01579/
Aditya Bsl Liquid Fund Direct Growth,https://www.dezerv.in/mutual-funds/aditya-bsl-liquid-fund-direct-growth-inf209k01va3/
Aditya Bsl Liquid Fund Regular Growth,https://www.dezerv.in/mutual-funds/aditya-bsl-liquid-fund-regular-growth-inf209k01ru9/
Aditya Bsl Low Duration Fund Direct Growth,https://www.dezerv.in/mutual-funds/aditya-bsl-low-duration-fund-direct-growth-inf209k01xu7/
Aditya Bsl Low Duration Fund Regular Growth,https://www.dezerv.in/mutual-funds/aditya-bsl-low-duration-fund-regular-growth-inf209k01lq0/
Aditya Bsl Money Manager Fund Direct Growth,https://www.dezerv.in/mutual-funds/aditya-bsl-money-manager-fund-direct-growth-inf209k01uu3/
Aditya Bsl Money Manager Fund Regular Growth,https://www.dezerv.in/mutual-funds/aditya-bsl-money-manager-fund-regular-growth-inf209k01rv7/
Aditya Bsl Nifty Next 50 Etf,https://www.dezerv.in/mutual-funds/aditya-bsl-nifty-next-50-etf-inf209kb16d7/
Aditya Bsl Overnight Fund Direct Growth,https://www.dezerv.in/mutual-funds/aditya-bsl-overnight-fund-direct-growth-inf209kb1zh2/
Aditya Bsl Overnight Fund Regular Growth,https://www.dezerv.in/mutual-funds/aditya-bsl-overnight-fund-regular-growth-inf209kb1zc3/
Altiva Hybrid Long Short Fund Direct Growth,https://www.dezerv.in/mutual-funds/altiva-hybrid-long-short-fund-direct-growth-inf754k30011/
Altiva Hybrid Long Short Fund Regular Growth,https://www.dezerv.in/mutual-funds/altiva-hybrid-long-short-fund-regular-growth-inf754k30052/
Angel One Gold Etf Fof Direct Growth,https://www.dezerv.in/mutual-funds/angel-one-gold-etf-fof-direct-growth-inf1j2r01098/
Angel One Gold Etf Fof Regular Growth,https://www.dezerv.in/mutual-funds/angel-one-gold-etf-fof-regular-growth-inf1j2r01106/
Angel One Gold Etf,https://www.dezerv.in/mutual-funds/angel-one-gold-etf-inf1j2r01114/
Angel One Nifty 1D Rate Liquid Etf Growth,https://www.dezerv.in/mutual-funds/angel-one-nifty-1d-rate-liquid-etf-growth-inf1j2r01056/
Angel One Nifty 50 Etf,https://www.dezerv.in/mutual-funds/angel-one-nifty-50-etf-inf1j2r01064/
Angel One Nifty 50 Index Fund Direct Growth,https://www.dezerv.in/mutual-funds/angel-one-nifty-50-index-fund-direct-growth-inf1j2r01080/
Angel One Nifty 50 Index Fund Regular Growth,https://www.dezerv.in/mutual-funds/angel-one-nifty-50-index-fund-regular-growth-inf1j2r01072/
Angel One Nifty Total Market Etf,https://www.dezerv.in/mutual-funds/angel-one-nifty-total-market-etf-inf1j2r01015/
Angel One Nifty Total Market Index Fund Direct Growth,https://www.dezerv.in/mutual-funds/angel-one-nifty-total-market-index-fund-direct-growth-inf1j2r01023/
Angel One Nifty Total Market Index Fund Regular Growth,https://www.dezerv.in/mutual-funds/angel-one-nifty-total-market-index-fund-regular-growth-inf1j2r01031/
Angel One Nifty Total Market Momentum Quality 50 Etf,https://www.dezerv.in/mutual-funds/angel-one-nifty-total-market-momentum-quality-50-etf-inf1j2r01148/
Angel One Nifty Total Market Momentum Quality 50 Index Fund Direct Growth,https://www.dezerv.in/mutual-funds/angel-one-nifty-total-market-momentum-quality-50-index-fund-direct-growth-inf1j2r01122/
Angel One Nifty Total Market Momentum Quality 50 Index Fund Regular Growth,https://www.dezerv.in/mutual-funds/angel-one-nifty-total-market-momentum-quality-50-index-fund-regular-growth-inf1j2r01130/
Angel One Silver Etf Fof Direct Growth,https://www.dezerv.in/mutual-funds/angel-one-silver-etf-fof-direct-growth-inf1j2r01155/
Angel One Silver Etf Fof Regular Growth,https://www.dezerv.in/mutual-funds/angel-one-silver-etf-fof-regular-growth-inf1j2r01163/
Angel One Silver Etf,https://www.dezerv.in/mutual-funds/angel-one-silver-etf-inf1j2r01171/
Apex Hybrid Long Short Fund Direct Growth,https://www.dezerv.in/mutual-funds/apex-hybrid-long-short-fund-direct-growth-inf209k30016/
Apex Hybrid Long Short Fund Regular Growth,https://www.dezerv.in/mutual-funds/apex-hybrid-long-short-fund-regular-growth-inf209k30040/
Arudha Equity Long Short Fund Direct Growth,https://www.dezerv.in/mutual-funds/arudha-equity-long-short-fund-direct-growth-inf194k30523/
Arudha Equity Long Short Fund Regular Growth,https://www.dezerv.in/mutual-funds/arudha-equity-long-short-fund-regular-growth-inf194k30358/
Arudha Hybrid Long Short Fund Direct Growth,https://www.dezerv.in/mutual-funds/arudha-hybrid-long-short-fund-direct-growth-inf194k30184/
Arudha Hybrid Long Short Fund Regular Growth,https://www.dezerv.in/mutual-funds/arudha-hybrid-long-short-fund-regular-growth-inf194k30010/
Axis All Seasons Debt Fund Of Funds Direct Growth,https://www.dezerv.in/mutual-funds/axis-all-seasons-debt-fund-of-funds-direct-growth-inf846k01u09/
Axis All Seasons Debt Fund Of Funds Regular Growth,https://www.dezerv.in/mutual-funds/axis-all-seasons-debt-fund-of-funds-regular-growth-inf846k01v16/
Axis Arbitrage Fund Direct Growth,https://www.dezerv.in/mutual-funds/axis-arbitrage-fund-direct-growth-inf846k01pz1/
Axis Arbitrage Fund Regular Growth,https://www.dezerv.in/mutual-funds/axis-arbitrage-fund-regular-growth-inf846k01qc8/
Axis Balanced Advantage Fund Direct Growth,https://www.dezerv.in/mutual-funds/axis-balanced-advantage-fund-direct-growth-inf846k01a29/
Axis Balanced Advantage Fund Regular Growth,https://www.dezerv.in/mutual-funds/axis-balanced-advantage-fund-regular-growth-inf846k01a52/
Axis Banking Psu Debt Fund Direct Growth,https://www.dezerv.in/mutual-funds/axis-banking-psu-debt-fund-direct-growth-inf846k01cr6/
Axis Banking Psu Debt Fund Regular Growth,https://www.dezerv.in/mutual-funds/axis-banking-psu-debt-fund-regular-growth-inf846k01cb0/
Axis Bluechip Fund Direct Growth,https://www.dezerv.in/mutual-funds/axis-bluechip-fund-direct-growth-inf846k01dp8/
Axis Bluechip Fund Regular Growth,https://www.dezerv.in/mutual-funds/axis-bluechip-fund-regular-growth-inf846k01164/
Axis Bse India Sector Leaders Index Fund Direct Growth,https://www.dezerv.in/mutual-funds/axis-bse-india-sector-leaders-index-fund-direct-growth-inf846ka1424/
Axis Bse India Sector Leaders Index Fund Regular Growth,https://www.dezerv.in/mutual-funds/axis-bse-india-sector-leaders-index-fund-regular-growth-inf846ka1416/
Axis Business Cycles Fund Direct Growth,https://www.dezerv.in/mutual-funds/axis-business-cycles-fund-direct-growth-inf846k016n4/
Axis Business Cycles Fund Regular Growth,https://www.dezerv.in/mutual-funds/axis-business-cycles-fund-regular-growth-inf846k019n8/
Axis Consumption Fund Direct Growth,https://www.dezerv.in/mutual-funds/axis-consumption-fund-direct-growth-inf846k013x0/
Axis Consumption Fund Regular Growth,https://www.dezerv.in/mutual-funds/axis-consumption-fund-regular-growth-inf846k010x6/
Axis Corporate Debt Fund Direct Growth,https://www.dezerv.in/mutual-funds/axis-corporate-debt-fund-direct-growth-inf846k01zm8/
Axis Corporate Debt Fund Regular Growth,https://www.dezerv.in/mutual-funds/axis-corporate-debt-fund-regular-growth-inf846k01zu1/
Axis Credit Risk Fund Direct Growth,https://www.dezerv.in/mutual-funds/axis-credit-risk-fund-direct-growth-inf846k01pj5/
Axis Credit Risk Fund Regular Growth,https://www.dezerv.in/mutual-funds/axis-credit-risk-fund-regular-growth-inf846k01po5/
Axis Crisil Ibx 50 50 Gilt Plus Sdl June 2028 Index Fund Direct Growth,https://www.dezerv.in/mutual-funds/axis-crisil-ibx-50-50-gilt-plus-sdl-june-2028-index-fund-direct-growth-inf846k010n7/
Axis Crisil Ibx 50 50 Gilt Plus Sdl June 2028 Index Fund Regular Growth,https://www.dezerv.in/mutual-funds/axis-crisil-ibx-50-50-gilt-plus-sdl-june-2028-index-fund-regular-growth-inf846k013n1/
Axis Crisil Ibx 50 50 Gilt Plus Sdl September 2027 Index Fund Direct Growth,https://www.dezerv.in/mutual-funds/axis-crisil-ibx-50-50-gilt-plus-sdl-september-2027-index-fund-direct-growth-inf846k012o1/
Axis Crisil Ibx 50 50 Gilt Plus Sdl September 2027 Index Fund Regular Growth,https://www.dezerv.in/mutual-funds/axis-crisil-ibx-50-50-gilt-plus-sdl-september-2027-index-fund-regular-growth-inf846k015o4/
Axis Crisil Ibx 70 30 Cpse Plus Sdl April 2025 Index Fund Direct Growth,https://www.dezerv.in/mutual-funds/axis-crisil-ibx-70-30-cpse-plus-sdl-april-2025-index-fund-direct-growth-inf846k015f2/
Axis Crisil Ibx 70 30 Cpse Plus Sdl April 2025 Index Fund Regular Growth,https://www.dezerv.in/mutual-funds/axis-crisil-ibx-70-30-cpse-plus-sdl-april-2025-index-fund-regular-growth-inf846k018f6/
Axis Crisil Ibx Aaa Bond Financial Services Sep 2027 Index Fund Direct Growth,https://www.dezerv.in/mutual-funds/axis-crisil-ibx-aaa-bond-financial-services-sep-2027-index-fund-direct-growth-inf846k015y3/
Axis Crisil Ibx Aaa Bond Financial Services Sep 2027 Index Fund Regular Growth,https://www.dezerv.in/mutual-funds/axis-crisil-ibx-aaa-bond-financial-services-sep-2027-index-fund-regular-growth-inf846k014y6/
Axis Crisil Ibx Aaa Bond Nbfc Hfc Jun 2027 Index Fund Direct Growth,https://www.dezerv.in/mutual-funds/axis-crisil-ibx-aaa-bond-nbfc-hfc-jun-2027-index-fund-direct-growth-inf846ka1028/
Axis Crisil Ibx Aaa Bond Nbfc Hfc Jun 2027 Index Fund Regular Growth,https://www.dezerv.in/mutual-funds/axis-crisil-ibx-aaa-bond-nbfc-hfc-jun-2027-index-fund-regular-growth-inf846k016z8/
Axis Crisil Ibx Aaa Nbfc Index Jun 2027 Fund Direct Growth,https://www.dezerv.in/mutual-funds/axis-crisil-ibx-aaa-nbfc-index-jun-2027-fund-direct-growth-inf846k017x1/
Axis Crisil Ibx Aaa Nbfc Index Jun 2027 Fund Regular Growth,https://www.dezerv.in/mutual-funds/axis-crisil-ibx-aaa-nbfc-index-jun-2027-fund-regular-growth-inf846k016x3/
Axis Crisil Ibx Financial Services 3 6 Months Debt Index Fund Direct Growth,https://www.dezerv.in/mutual-funds/axis-crisil-ibx-financial-services-3-6-months-debt-index-fund-direct-growth-inf846ka1226/
Axis Crisil Ibx Financial Services 3 6 Months Debt Index Fund Regular Growth,https://www.dezerv.in/mutual-funds/axis-crisil-ibx-financial-services-3-6-months-debt-index-fund-regular-growth-inf846ka1218/
Axis Crisil Ibx Sdl June 2034 Debt Index Fund Direct Growth,https://www.dezerv.in/mutual-funds/axis-crisil-ibx-sdl-june-2034-debt-index-fund-direct-growth-inf846k019v1/
Axis Crisil Ibx Sdl June 2034 Debt Index Fund Regular Growth,https://www.dezerv.in/mutual-funds/axis-crisil-ibx-sdl-june-2034-debt-index-fund-regular-growth-inf846k016v7/
Axis Crisil Ibx Sdl May 2027 Index Fund Direct Growth,https://www.dezerv.in/mutual-funds/axis-crisil-ibx-sdl-may-2027-index-fund-direct-growth-inf846k017g6/
Axis Crisil Ibx Sdl May 2027 Index Fund Regular Growth,https://www.dezerv.in/mutual-funds/axis-crisil-ibx-sdl-may-2027-index-fund-regular-growth-inf846k010h9/
Axis Dynamic Bond Fund Direct Growth,https://www.dezerv.in/mutual-funds/axis-dynamic-bond-fund-direct-growth-inf846k01di3/
Axis Dynamic Bond Fund Regular Growth,https://www.dezerv.in/mutual-funds/axis-dynamic-bond-fund-regular-growth-inf846k01917/
Axis Equity Etfs Fof Direct Growth,https://www.dezerv.in/mutual-funds/axis-equity-etfs-fof-direct-growth-inf846k011g9/
Axis Equity Etfs Fof Regular Growth,https://www.dezerv.in/mutual-funds/axis-equity-etfs-fof-regular-growth-inf846k014g3/
Axis Equity Hybrid Fund Direct Growth,https://www.dezerv.in/mutual-funds/axis-equity-hybrid-fund-direct-growth-inf846k01e25/
Axis Equity Hybrid Fund Regular Growth,https://www.dezerv.in/mutual-funds/axis-equity-hybrid-fund-regular-growth-inf846k01e90/
Axis Equity Saver Fund Direct Growth,https://www.dezerv.in/mutual-funds/axis-equity-saver-fund-direct-growth-inf846k01vj3/
Axis Equity Saver Fund Regular Growth,https://www.dezerv.in/mutual-funds/axis-equity-saver-fund-regular-growth-inf846k01vo3/
Axis Esg Equity Fund Direct Growth,https://www.dezerv.in/mutual-funds/axis-esg-equity-fund-direct-growth-inf846k01w23/
Axis Esg Equity Fund Regular Growth,https://www.dezerv.in/mutual-funds/axis-esg-equity-fund-regular-growth-inf846k01w56/
Axis Fixed Maturity Plan Series 129 108 Days Direct Growth,https://www.dezerv.in/mutual-funds/axis-fixed-maturity-plan-series-129-108-days-direct-growth-inf846ka1440/
Axis Fixed Maturity Plan Series 129 108 Days Regular Growth,https://www.dezerv.in/mutual-funds/axis-fixed-maturity-plan-series-129-108-days-regular-growth-inf846ka1432/
Axis Fixed Maturity Plan Series 130 92 Days Direct Growth,https://www.dezerv.in/mutual-funds/axis-fixed-maturity-plan-series-130-92-days-direct-growth-inf846ka1481/
Axis Fixed Maturity Plan Series 130 92 Days Regular Growth,https://www.dezerv.in/mutual-funds/axis-fixed-maturity-plan-series-130-92-days-regular-growth-inf846ka1473/
Axis Fixed Term Plan Series 105 1128 Days Direct Growth,https://www.dezerv.in/mutual-funds/axis-fixed-term-plan-series-105-1128-days-direct-growth-inf846k01p48/
Axis Fixed Term Plan Series 105 1128 Days Regular Growth,https://www.dezerv.in/mutual-funds/axis-fixed-term-plan-series-105-1128-days-regular-growth-inf846k01p71/
Axis Fixed Term Plan Series 110 1553 Days Direct Growth,https://www.dezerv.in/mutual-funds/axis-fixed-term-plan-series-110-1553-days-direct-growth-inf846k019i8/
Axis Fixed Term Plan Series 110 1553 Days Regular Growth,https://www.dezerv.in/mutual-funds/axis-fixed-term-plan-series-110-1553-days-regular-growth-inf846k011j3/
Axis Fixed Term Plan Series 112 1143 Days Direct Growth,https://www.dezerv.in/mutual-funds/axis-fixed-term-plan-series-112-1143-days-direct-growth-inf846k018o8/
Axis Fixed Term Plan Series 112 1143 Days Regular Growth,https://www.dezerv.in/mutual-funds/axis-fixed-term-plan-series-112-1143-days-regular-growth-inf846k011p0/
Axis Fixed Term Plan Series 113 1228 Days Direct Growth,https://www.dezerv.in/mutual-funds/axis-fixed-term-plan-series-113-1228-days-direct-growth-inf846k011q8/
Axis Fixed Term Plan Series 113 1228 Days Regular Growth,https://www.dezerv.in/mutual-funds/axis-fixed-term-plan-series-113-1228-days-regular-growth-inf846k014q2/
Axis Fixed Term Plan Series 118 100 Days Direct Growth,https://www.dezerv.in/mutual-funds/axis-fixed-term-plan-series-118-100-days-direct-growth-inf846k011t2/
Axis Fixed Term Plan Series 118 100 Days Regular Growth,https://www.dezerv.in/mutual-funds/axis-fixed-term-plan-series-118-100-days-regular-growth-inf846k019s7/
Axis Fixed Term Plan Series 119 71 Days Direct Growth,https://www.dezerv.in/mutual-funds/axis-fixed-term-plan-series-119-71-days-direct-growth-inf846k013u6/
Axis Fixed Term Plan Series 119 71 Days Regular Growth,https://www.dezerv.in/mutual-funds/axis-fixed-term-plan-series-119-71-days-regular-growth-inf846k010u2/
Axis Fixed Term Plan Series 120 91 Days Direct Growth,https://www.dezerv.in/mutual-funds/axis-fixed-term-plan-series-120-91-days-direct-growth-inf846k018u5/
Axis Fixed Term Plan Series 120 91 Days Regular Growth,https://www.dezerv.in/mutual-funds/axis-fixed-term-plan-series-120-91-days-regular-growth-inf846k015u1/
Axis Flexi Cap Fund Direct Growth,https://www.dezerv.in/mutual-funds/axis-flexi-cap-fund-direct-growth-inf846k01b28/
Axis Flexi Cap Fund Regular Growth,https://www.dezerv.in/mutual-funds/axis-flexi-cap-fund-regular-growth-inf846k01b51/
Axis Floater Fund Direct Growth,https://www.dezerv.in/mutual-funds/axis-floater-fund-direct-growth-inf846k014a6/
Axis Floater Fund Regular Growth,https://www.dezerv.in/mutual-funds/axis-floater-fund-regular-growth-inf846k012b8/
Axis Focused 25 Fund Direct Growth,https://www.dezerv.in/mutual-funds/axis-focused-25-fund-direct-growth-inf846k01cq8/
Axis Focused 25 Fund Regular Growth,https://www.dezerv.in/mutual-funds/axis-focused-25-fund-regular-growth-inf846k01ch7/
Axis Gilt Fund Direct Growth,https://www.dezerv.in/mutual-funds/axis-gilt-fund-direct-growth-inf846k01dd4/
Axis Gilt Fund Regular Growth,https://www.dezerv.in/mutual-funds/axis-gilt-fund-regular-growth-inf846k01ax8/
Axis Global Equity Alpha Fund Of Fund Direct Growth,https://www.dezerv.in/mutual-funds/axis-global-equity-alpha-fund-of-fund-direct-growth-inf846k01x06/
Axis Global Equity Alpha Fund Of Fund Regular Growth,https://www.dezerv.in/mutual-funds/axis-global-equity-alpha-fund-of-fund-regular-growth-inf846k01x30/
Axis Global Innovation Fund Of Fund Direct Growth,https://www.dezerv.in/mutual-funds/axis-global-innovation-fund-of-fund-direct-growth-inf846k01z20/
Axis Global Innovation Fund Of Fund Regular Growth,https://www.dezerv.in/mutual-funds/axis-global-innovation-fund-of-fund-regular-growth-inf846k01z53/
Axis Gold And Silver Passive Fof Direct Growth,https://www.dezerv.in/mutual-funds/axis-gold-and-silver-passive-fof-direct-growth-inf846ka1408/
Axis Gold And Silver Passive Fof Regular Growth,https://www.dezerv.in/mutual-funds/axis-gold-and-silver-passive-fof-regular-growth-inf846ka1390/
Axis Gold Etf,https://www.dezerv.in/mutual-funds/axis-gold-etf-inf846k01w80/
Axis Gold Fund Direct Growth,https://www.dezerv.in/mutual-funds/axis-gold-fund-direct-growth-inf846k01ds2/
Axis Gold Fund Regular Growth,https://www.dezerv.in/mutual-funds/axis-gold-fund-regular-growth-inf846k01al3/
Axis Greater China Equity Fund Of Fund Direct Growth,https://www.dezerv.in/mutual-funds/axis-greater-china-equity-fund-of-fund-direct-growth-inf846k01y39/
Axis Greater China Equity Fund Of Fund Regular Growth,https://www.dezerv.in/mutual-funds/axis-greater-china-equity-fund-of-fund-regular-growth-inf846k01y62/
Axis Growth Opportunities Fund Direct Growth,https://www.dezerv.in/mutual-funds/axis-growth-opportunities-fund-direct-growth-inf846k01j46/
Axis Growth Opportunities Fund Regular Growth,https://www.dezerv.in/mutual-funds/axis-growth-opportunities-fund-regular-growth-inf846k01j79/
Axis Income Plus Arbitrage Passive Fund Of Funds Direct Growth,https://www.dezerv.in/mutual-funds/axis-income-plus-arbitrage-passive-fund-of-funds-direct-growth-inf846ka1283/
Axis Income Plus Arbitrage Passive Fund Of Funds Regular Growth,https://www.dezerv.in/mutual-funds/axis-income-plus-arbitrage-passive-fund-of-funds-regular-growth-inf846ka1275/
Axis India Manufacturing Fund Direct Growth,https://www.dezerv.in/mutual-funds/axis-india-manufacturing-fund-direct-growth-inf846k016s3/
Axis India Manufacturing Fund Regular Growth,https://www.dezerv.in/mutual-funds/axis-india-manufacturing-fund-regular-growth-inf846k013s0/
Axis Liquid Fund Direct Growth,https://www.dezerv.in/mutual-funds/axis-liquid-fund-direct-growth-inf846k01cx4/
Axis Liquid Fund Regular Growth,https://www.dezerv.in/mutual-funds/axis-liquid-fund-regular-growth-inf846k01412/
Axis Long Duration Fund Direct Growth,https://www.dezerv.in/mutual-funds/axis-long-duration-fund-direct-growth-inf846k014l3/
Axis Long Duration Fund Regular Growth,https://www.dezerv.in/mutual-funds/axis-long-duration-fund-regular-growth-inf846k015l0/
Axis Long Term Equity Fund Direct Growth,https://www.dezerv.in/mutual-funds/axis-long-term-equity-fund-direct-growth-inf846k01ew2/
Axis Long Term Equity Fund Regular Growth,https://www.dezerv.in/mutual-funds/axis-long-term-equity-fund-regular-growth-inf846k01131/
Axis Midcap Fund Direct Growth,https://www.dezerv.in/mutual-funds/axis-midcap-fund-direct-growth-inf846k01eh3/
Axis Midcap Fund Regular Growth,https://www.dezerv.in/mutual-funds/axis-midcap-fund-regular-growth-inf846k01859/
Axis Momentum Fund Direct Growth,https://www.dezerv.in/mutual-funds/axis-momentum-fund-direct-growth-inf846k011z9/
Axis Momentum Fund Regular Growth,https://www.dezerv.in/mutual-funds/axis-momentum-fund-regular-growth-inf846k010z1/
Axis Money Market Fund Direct Growth,https://www.dezerv.in/mutual-funds/axis-money-market-fund-direct-growth-inf846k01q62/
Axis Money Market Fund Regular Growth,https://www.dezerv.in/mutual-funds/axis-money-market-fund-regular-growth-inf846k01r46/
Axis Multi Asset Active Fof Direct Growth,https://www.dezerv.in/mutual-funds/axis-multi-asset-active-fof-direct-growth-inf846ka1366/
Axis Multi Asset Active Fof Regular Growth,https://www.dezerv.in/mutual-funds/axis-multi-asset-active-fof-regular-growth-inf846ka1333/
Axis Multi Asset Allocation Fund Direct Growth,https://www.dezerv.in/mutual-funds/axis-multi-asset-allocation-fund-direct-growth-inf846k01ev4/
Axis Multi Asset Allocation Fund Regular Growth,https://www.dezerv.in/mutual-funds/axis-multi-asset-allocation-fund-regular-growth-inf846k01768/
Axis Multicap Fund Direct Growth,https://www.dezerv.in/mutual-funds/axis-multicap-fund-direct-growth-inf846k013e0/
Axis Multicap Fund Regular Growth,https://www.dezerv.in/mutual-funds/axis-multicap-fund-regular-growth-inf846k016e3/
Axis Nasdaq 100 Fund Of Fund Direct Growth,https://www.dezerv.in/mutual-funds/axis-nasdaq-100-fund-of-fund-direct-growth-inf846k012k9/
Axis Nasdaq 100 Fund Of Fund Regular Growth,https://www.dezerv.in/mutual-funds/axis-nasdaq-100-fund-of-fund-regular-growth-inf846k015k2/
Axis Nifty 100 Index Fund Direct Growth,https://www.dezerv.in/mutual-funds/axis-nifty-100-index-fund-direct-growth-inf846k01s29/
Axis Nifty 100 Index Fund Regular Growth,https://www.dezerv.in/mutual-funds/axis-nifty-100-index-fund-regular-growth-inf846k01s52/
Axis Nifty 50 Etf,https://www.dezerv.in/mutual-funds/axis-nifty-50-etf-inf846k01w98/
Axis Nifty 50 Index Fund Direct Growth,https://www.dezerv.in/mutual-funds/axis-nifty-50-index-fund-direct-growth-inf846k013d2/
Axis Nifty 50 Index Fund Regular Growth,https://www.dezerv.in/mutual-funds/axis-nifty-50-index-fund-regular-growth-inf846k016d5/
Axis Nifty 500 Index Fund Direct Growth,https://www.dezerv.in/mutual-funds/axis-nifty-500-index-fund-direct-growth-inf846k019w9/
Axis Nifty 500 Index Fund Regular Growth,https://www.dezerv.in/mutual-funds/axis-nifty-500-index-fund-regular-growth-inf846k018w1/
Axis Nifty Aaa Bond Financial Services Mar 2028 Index Fund Direct Growth,https://www.dezerv.in/mutual-funds/axis-nifty-aaa-bond-financial-services-mar-2028-index-fund-direct-growth-inf846ka1051/
Axis Nifty Aaa Bond Financial Services Mar 2028 Index Fund Regular Growth,https://www.dezerv.in/mutual-funds/axis-nifty-aaa-bond-financial-services-mar-2028-index-fund-regular-growth-inf846ka1093/
Axis Nifty Aaa Bond Plus Sdl Apirl 2026 50 50 Etf Fund Of Funds Direct Growth,https://www.dezerv.in/mutual-funds/axis-nifty-aaa-bond-plus-sdl-apirl-2026-50-50-etf-fund-of-funds-direct-growth-inf846k017c5/
Axis Nifty Aaa Bond Plus Sdl Apirl 2026 50 50 Etf Fund Of Funds Regular Growth,https://www.dezerv.in/mutual-funds/axis-nifty-aaa-bond-plus-sdl-apirl-2026-50-50-etf-fund-of-funds-regular-growth-inf846k010d8/
Axis Nifty Aaa Bond Plus Sdl Apr 2026 50 50 Etf,https://www.dezerv.in/mutual-funds/axis-nifty-aaa-bond-plus-sdl-apr-2026-50-50-etf-inf846k01z04/
Axis Nifty Bank Etf,https://www.dezerv.in/mutual-funds/axis-nifty-bank-etf-inf846k01x63/
Axis Nifty Bank Index Fund Direct Growth,https://www.dezerv.in/mutual-funds/axis-nifty-bank-index-fund-direct-growth-inf846k015w7/
Axis Nifty Bank Index Fund Regular Growth,https://www.dezerv.in/mutual-funds/axis-nifty-bank-index-fund-regular-growth-inf846k012w4/
Axis Nifty G Sec September 2032 Index Fund Direct Growth,https://www.dezerv.in/mutual-funds/axis-nifty-g-sec-september-2032-index-fund-direct-growth-inf846k014p4/
Axis Nifty G Sec September 2032 Index Fund Regular Growth,https://www.dezerv.in/mutual-funds/axis-nifty-g-sec-september-2032-index-fund-regular-growth-inf846k017p7/
Axis Nifty Healthcare Etf,https://www.dezerv.in/mutual-funds/axis-nifty-healthcare-etf-inf846k01z12/
Axis Nifty India Consumption Etf,https://www.dezerv.in/mutual-funds/axis-nifty-india-consumption-etf-inf846k016c7/
Axis Nifty India Defence Index Fund Direct Growth,https://www.dezerv.in/mutual-funds/axis-nifty-india-defence-index-fund-direct-growth-inf846ka1523/
Axis Nifty India Defence Index Fund Regular Growth,https://www.dezerv.in/mutual-funds/axis-nifty-india-defence-index-fund-regular-growth-inf846ka1515/
Axis Nifty It Etf,https://www.dezerv.in/mutual-funds/axis-nifty-it-etf-inf846k01y96/
Axis Nifty It Index Fund Direct Growth,https://www.dezerv.in/mutual-funds/axis-nifty-it-index-fund-direct-growth-inf846k017r3/
Axis Nifty It Index Fund Regular Growth,https://www.dezerv.in/mutual-funds/axis-nifty-it-index-fund-regular-growth-inf846k010s6/
Axis Nifty Midcap 50 Index Fund Direct Growth,https://www.dezerv.in/mutual-funds/axis-nifty-midcap-50-index-fund-direct-growth-inf846k019h0/
Axis Nifty Midcap 50 Index Fund Regular Growth,https://www.dezerv.in/mutual-funds/axis-nifty-midcap-50-index-fund-regular-growth-inf846k012i3/
Axis Nifty Next 50 Index Fund Direct Growth,https://www.dezerv.in/mutual-funds/axis-nifty-next-50-index-fund-direct-growth-inf846k019e7/
Axis Nifty Next 50 Index Fund Regular Growth,https://www.dezerv.in/mutual-funds/axis-nifty-next-50-index-fund-regular-growth-inf846k012f9/
Axis Nifty Sdl September 2026 Debt Index Fund Direct Growth,https://www.dezerv.in/mutual-funds/axis-nifty-sdl-september-2026-debt-index-fund-direct-growth-inf846k018k6/
Axis Nifty Sdl September 2026 Debt Index Fund Regular Growth,https://www.dezerv.in/mutual-funds/axis-nifty-sdl-september-2026-debt-index-fund-regular-growth-inf846k011l9/
Axis Nifty Smallcap 50 Index Fund Direct Growth,https://www.dezerv.in/mutual-funds/axis-nifty-smallcap-50-index-fund-direct-growth-inf846k013h3/
Axis Nifty Smallcap 50 Index Fund Regular Growth,https://www.dezerv.in/mutual-funds/axis-nifty-smallcap-50-index-fund-regular-growth-inf846k016h6/
Axis Nifty500 Momentum 50 Etf,https://www.dezerv.in/mutual-funds/axis-nifty500-momentum-50-etf-inf846ka1127/
Axis Nifty500 Momentum 50 Index Fund Direct Growth,https://www.dezerv.in/mutual-funds/axis-nifty500-momentum-50-index-fund-direct-growth-inf846ka1044/
Axis Nifty500 Momentum 50 Index Fund Regular Growth,https://www.dezerv.in/mutual-funds/axis-nifty500-momentum-50-index-fund-regular-growth-inf846ka1036/
Axis Nifty500 Quality 50 Index Fund Direct Growth,https://www.dezerv.in/mutual-funds/axis-nifty500-quality-50-index-fund-direct-growth-inf846ka1200/
Axis Nifty500 Quality 50 Index Fund Regular Growth,https://www.dezerv.in/mutual-funds/axis-nifty500-quality-50-index-fund-regular-growth-inf846ka1192/
Axis Nifty500 Value 50 Etf,https://www.dezerv.in/mutual-funds/axis-nifty500-value-50-etf-inf846ka1119/
Axis Nifty500 Value 50 Index Fund Direct Growth,https://www.dezerv.in/mutual-funds/axis-nifty500-value-50-index-fund-direct-growth-inf846k013y8/
Axis Nifty500 Value 50 Index Fund Regular Growth,https://www.dezerv.in/mutual-funds/axis-nifty500-value-50-index-fund-regular-growth-inf846k012y0/
Axis Overnight Fund Direct Growth,https://www.dezerv.in/mutual-funds/axis-overnight-fund-direct-growth-inf846k01n65/
Axis Overnight Fund Regular Growth,https://www.dezerv.in/mutual-funds/axis-overnight-fund-regular-growth-inf846k01o23/
Axis Quant Fund Direct Growth,https://www.dezerv.in/mutual-funds/axis-quant-fund-direct-growth-inf846k01z87/
Axis Quant Fund Regular Growth,https://www.dezerv.in/mutual-funds/axis-quant-fund-regular-growth-inf846k011a2/
Axis Regular Saver Fund Direct Growth,https://www.dezerv.in/mutual-funds/axis-regular-saver-fund-direct-growth-inf846k01ea8/
Axis Regular Saver Fund Regular Growth,https://www.dezerv.in/mutual-funds/axis-regular-saver-fund-regular-growth-inf846k01693/
Axis Retirement Savings Fund Aggressive Plan Direct Growth,https://www.dezerv.in/mutual-funds/axis-retirement-savings-fund-aggressive-plan-direct-growth-inf846k01s86/
Axis Retirement Savings Fund Aggressive Plan Regular Growth,https://www.dezerv.in/mutual-funds/axis-retirement-savings-fund-aggressive-plan-regular-growth-inf846k01t02/
Axis Retirement Savings Fund Conservative Plan Direct Growth,https://www.dezerv.in/mutual-funds/axis-retirement-savings-fund-conservative-plan-direct-growth-inf846k01t69/
Axis Retirement Savings Fund Conservative Plan Regular Growth,https://www.dezerv.in/mutual-funds/axis-retirement-savings-fund-conservative-plan-regular-growth-inf846k01t85/
Axis Retirement Savings Fund Dynamic Plan Direct Growth,https://www.dezerv.in/mutual-funds/axis-retirement-savings-fund-dynamic-plan-direct-growth-inf846k01t28/
Axis Retirement Savings Fund Dynamic Plan Regular Growth,https://www.dezerv.in/mutual-funds/axis-retirement-savings-fund-dynamic-plan-regular-growth-inf846k01t44/
Axis S P 500 Etf Fund Of Fund Regular Growth,https://www.dezerv.in/mutual-funds/axis-s-p-500-etf-fund-of-fund-regular-growth-inf846k014r0/
Axis S P Bse Sensex Etf,https://www.dezerv.in/mutual-funds/axis-s-p-bse-sensex-etf-inf846k010q0/
Axis S P Bse Sensex Index Fund Direct Growth,https://www.dezerv.in/mutual-funds/axis-s-p-bse-sensex-index-fund-direct-growth-inf846k012v6/
Axis S P Bse Sensex Index Fund Regular Growth,https://www.dezerv.in/mutual-funds/axis-s-p-bse-sensex-index-fund-regular-growth-inf846k014v2/
Axis Services Opportunities Fund Direct Growth,https://www.dezerv.in/mutual-funds/axis-services-opportunities-fund-direct-growth-inf846ka1168/
Axis Services Opportunities Fund Regular Growth,https://www.dezerv.in/mutual-funds/axis-services-opportunities-fund-regular-growth-inf846ka1135/
Axis Short Term Fund Direct Growth,https://www.dezerv.in/mutual-funds/axis-short-term-fund-direct-growth-inf846k01ei1/
Axis Short Term Fund Regular Growth,https://www.dezerv.in/mutual-funds/axis-short-term-fund-regular-growth-inf846k01644/
Axis Silver Etf,https://www.dezerv.in/mutual-funds/axis-silver-etf-inf846k011k1/
Axis Silver Fund Of Funds Direct Growth,https://www.dezerv.in/mutual-funds/axis-silver-fund-of-funds-direct-growth-inf846k015j4/
Axis Silver Fund Of Funds Regular Growth,https://www.dezerv.in/mutual-funds/axis-silver-fund-of-funds-regular-growth-inf846k018j8/
Axis Small Cap Fund Direct Growth,https://www.dezerv.in/mutual-funds/axis-small-cap-fund-direct-growth-inf846k01k35/
Axis Small Cap Fund Regular Growth,https://www.dezerv.in/mutual-funds/axis-small-cap-fund-regular-growth-inf846k01k01/
Axis Special Situations Fund Direct Growth,https://www.dezerv.in/mutual-funds/axis-special-situations-fund-direct-growth-inf846k01x71/
Axis Special Situations Fund Regular Growth,https://www.dezerv.in/mutual-funds/axis-special-situations-fund-regular-growth-inf846k01y05/
Axis Strategic Bond Fund Direct Growth,https://www.dezerv.in/mutual-funds/axis-strategic-bond-fund-direct-growth-inf846k01dt0/
Axis Strategic Bond Fund Regular Growth,https://www.dezerv.in/mutual-funds/axis-strategic-bond-fund-regular-growth-inf846k01bp2/
Axis Treasury Advantage Fund Direct Growth,https://www.dezerv.in/mutual-funds/axis-treasury-advantage-fund-direct-growth-inf846k01en1/
Axis Treasury Advantage Fund Regular Growth,https://www.dezerv.in/mutual-funds/axis-treasury-advantage-fund-regular-growth-inf846k01537/
Axis Ultra Short Term Fund Direct Growth,https://www.dezerv.in/mutual-funds/axis-ultra-short-term-fund-direct-growth-inf846k01f40/
Axis Ultra Short Term Fund Regular Growth,https://www.dezerv.in/mutual-funds/axis-ultra-short-term-fund-regular-growth-inf846k01g23/
Axis Us Treasury Dynamic Bond Etf Fund Of Fund Direct Growth,https://www.dezerv.in/mutual-funds/axis-us-treasury-dynamic-bond-etf-fund-of-fund-direct-growth-inf846k017t9/
Axis Us Treasury Dynamic Bond Etf Fund Of Fund Regular Growth,https://www.dezerv.in/mutual-funds/axis-us-treasury-dynamic-bond-etf-fund-of-fund-regular-growth-inf846k013t8/
Axis Value Fund Direct Growth,https://www.dezerv.in/mutual-funds/axis-value-fund-direct-growth-inf846k010c0/
Axis Value Fund Regular Growth,https://www.dezerv.in/mutual-funds/axis-value-fund-regular-growth-inf846k013c4/
Bajaj Finserv Arbitrage Fund Direct Growth,https://www.dezerv.in/mutual-funds/bajaj-finserv-arbitrage-fund-direct-growth-inf0qa701524/
Bajaj Finserv Arbitrage Fund Regular Growth,https://www.dezerv.in/mutual-funds/bajaj-finserv-arbitrage-fund-regular-growth-inf0qa701490/
Bajaj Finserv Balanced Advantage Fund Direct Growth,https://www.dezerv.in/mutual-funds/bajaj-finserv-balanced-advantage-fund-direct-growth-inf0qa701656/
Bajaj Finserv Balanced Advantage Fund Regular Growth,https://www.dezerv.in/mutual-funds/bajaj-finserv-balanced-advantage-fund-regular-growth-inf0qa701680/
Bajaj Finserv Banking And Financial Services Fund Direct Growth,https://www.dezerv.in/mutual-funds/bajaj-finserv-banking-and-financial-services-fund-direct-growth-inf0qa701bz6/
Bajaj Finserv Banking And Financial Services Fund Regular Growth,https://www.dezerv.in/mutual-funds/bajaj-finserv-banking-and-financial-services-fund-regular-growth-inf0qa701bw3/
Bajaj Finserv Banking And Psu Fund Direct Growth,https://www.dezerv.in/mutual-funds/bajaj-finserv-banking-and-psu-fund-direct-growth-inf0qa701607/
Bajaj Finserv Banking And Psu Fund Regular Growth,https://www.dezerv.in/mutual-funds/bajaj-finserv-banking-and-psu-fund-regular-growth-inf0qa701557/
Bajaj Finserv Consumption Fund Direct Growth,https://www.dezerv.in/mutual-funds/bajaj-finserv-consumption-fund-direct-growth-inf0qa701946/
Bajaj Finserv Consumption Fund Regular Growth,https://www.dezerv.in/mutual-funds/bajaj-finserv-consumption-fund-regular-growth-inf0qa701979/
Bajaj Finserv Elss Tax Saver Fund Direct Growth,https://www.dezerv.in/mutual-funds/bajaj-finserv-elss-tax-saver-fund-direct-growth-inf0qa701ak0/
Bajaj Finserv Elss Tax Saver Fund Regular Growth,https://www.dezerv.in/mutual-funds/bajaj-finserv-elss-tax-saver-fund-regular-growth-inf0qa701ai4/
Bajaj Finserv Equity Savings Fund Direct Growth,https://www.dezerv.in/mutual-funds/bajaj-finserv-equity-savings-fund-direct-growth-inf0qa701bt9/
Bajaj Finserv Equity Savings Fund Regular Growth,https://www.dezerv.in/mutual-funds/bajaj-finserv-equity-savings-fund-regular-growth-inf0qa701bq5/
Bajaj Finserv Flexi Cap Fund Direct Growth,https://www.dezerv.in/mutual-funds/bajaj-finserv-flexi-cap-fund-direct-growth-inf0qa701342/
Bajaj Finserv Flexi Cap Fund Regular Growth,https://www.dezerv.in/mutual-funds/bajaj-finserv-flexi-cap-fund-regular-growth-inf0qa701383/
Bajaj Finserv Gilt Fund Direct Growth,https://www.dezerv.in/mutual-funds/bajaj-finserv-gilt-fund-direct-growth-inf0qa701ap9/
Bajaj Finserv Gilt Fund Regular Growth,https://www.dezerv.in/mutual-funds/bajaj-finserv-gilt-fund-regular-growth-inf0qa701am6/
Bajaj Finserv Healthcare Fund Direct Growth,https://www.dezerv.in/mutual-funds/bajaj-finserv-healthcare-fund-direct-growth-inf0qa701ab9/
Bajaj Finserv Healthcare Fund Regular Growth,https://www.dezerv.in/mutual-funds/bajaj-finserv-healthcare-fund-regular-growth-inf0qa701987/
Bajaj Finserv Large And Mid Cap Fund Direct Growth,https://www.dezerv.in/mutual-funds/bajaj-finserv-large-and-mid-cap-fund-direct-growth-inf0qa701763/
Bajaj Finserv Large And Mid Cap Fund Regular Growth,https://www.dezerv.in/mutual-funds/bajaj-finserv-large-and-mid-cap-fund-regular-growth-inf0qa701730/
Bajaj Finserv Large Cap Fund Direct Growth,https://www.dezerv.in/mutual-funds/bajaj-finserv-large-cap-fund-direct-growth-inf0qa701896/
Bajaj Finserv Large Cap Fund Regular Growth,https://www.dezerv.in/mutual-funds/bajaj-finserv-large-cap-fund-regular-growth-inf0qa701862/
Bajaj Finserv Liquid Fund Direct Growth,https://www.dezerv.in/mutual-funds/bajaj-finserv-liquid-fund-direct-growth-inf0qa701011/
Bajaj Finserv Liquid Fund Regular Growth,https://www.dezerv.in/mutual-funds/bajaj-finserv-liquid-fund-regular-growth-inf0qa701094/
Bajaj Finserv Low Duration Fund Direct Growth,https://www.dezerv.in/mutual-funds/bajaj-finserv-low-duration-fund-direct-growth-inf0qa701cf6/
Bajaj Finserv Low Duration Fund Regular Growth,https://www.dezerv.in/mutual-funds/bajaj-finserv-low-duration-fund-regular-growth-inf0qa701cc3/
Bajaj Finserv Money Market Fund Direct Growth,https://www.dezerv.in/mutual-funds/bajaj-finserv-money-market-fund-direct-growth-inf0qa701334/
Bajaj Finserv Money Market Fund Regular Growth,https://www.dezerv.in/mutual-funds/bajaj-finserv-money-market-fund-regular-growth-inf0qa701441/
Bajaj Finserv Multi Asset Allocation Fund Direct Growth,https://www.dezerv.in/mutual-funds/bajaj-finserv-multi-asset-allocation-fund-direct-growth-inf0qa701821/
Bajaj Finserv Multi Asset Allocation Fund Regular Growth,https://www.dezerv.in/mutual-funds/bajaj-finserv-multi-asset-allocation-fund-regular-growth-inf0qa701797/
Bajaj Finserv Multi Cap Fund Direct Growth,https://www.dezerv.in/mutual-funds/bajaj-finserv-multi-cap-fund-direct-growth-inf0qa701av7/
Bajaj Finserv Multi Cap Fund Regular Growth,https://www.dezerv.in/mutual-funds/bajaj-finserv-multi-cap-fund-regular-growth-inf0qa701as3/
Bajaj Finserv Nifty 1D Rate Liquid Etf,https://www.dezerv.in/mutual-funds/bajaj-finserv-nifty-1d-rate-liquid-etf-inf0qa701854/
Bajaj Finserv Nifty 50 Etf,https://www.dezerv.in/mutual-funds/bajaj-finserv-nifty-50-etf-inf0qa701722/
Bajaj Finserv Nifty 50 Index Fund Direct Growth,https://www.dezerv.in/mutual-funds/bajaj-finserv-nifty-50-index-fund-direct-growth-inf0qa701ba9/
Bajaj Finserv Nifty 50 Index Fund Regular Growth,https://www.dezerv.in/mutual-funds/bajaj-finserv-nifty-50-index-fund-regular-growth-inf0qa701ay1/
Bajaj Finserv Nifty Bank Etf,https://www.dezerv.in/mutual-funds/bajaj-finserv-nifty-bank-etf-inf0qa701714/
Bajaj Finserv Nifty Next 50 Index Fund Direct Growth,https://www.dezerv.in/mutual-funds/bajaj-finserv-nifty-next-50-index-fund-direct-growth-inf0qa701bg6/
Bajaj Finserv Nifty Next 50 Index Fund Regular Growth,https://www.dezerv.in/mutual-funds/bajaj-finserv-nifty-next-50-index-fund-regular-growth-inf0qa701bd3/
Bajaj Finserv Overnight Fund Direct Growth,https://www.dezerv.in/mutual-funds/bajaj-finserv-overnight-fund-direct-growth-inf0qa701177/
Bajaj Finserv Overnight Fund Regular Growth,https://www.dezerv.in/mutual-funds/bajaj-finserv-overnight-fund-regular-growth-inf0qa701250/
Bajaj Finserv Small Cap Fund Direct Growth,https://www.dezerv.in/mutual-funds/bajaj-finserv-small-cap-fund-direct-growth-inf0qa701bn2/
Bajaj Finserv Small Cap Fund Regular Growth,https://www.dezerv.in/mutual-funds/bajaj-finserv-small-cap-fund-regular-growth-inf0qa701bk8/
Bandhan All Seasons Bond Fund Direct Growth,https://www.dezerv.in/mutual-funds/bandhan-all-seasons-bond-fund-direct-growth-inf194k01u72/
Bandhan All Seasons Bond Fund Regular Growth,https://www.dezerv.in/mutual-funds/bandhan-all-seasons-bond-fund-regular-growth-inf194k01se5/
Bandhan Arbitrage Fund Direct Growth,https://www.dezerv.in/mutual-funds/bandhan-arbitrage-fund-direct-growth-inf194k01y60/
Bandhan Arbitrage Fund Regular Growth,https://www.dezerv.in/mutual-funds/bandhan-arbitrage-fund-regular-growth-inf194k01649/
Bandhan Asset Allocation Fof Aggressive Plan Direct Growth,https://www.dezerv.in/mutual-funds/bandhan-asset-allocation-fof-aggressive-plan-direct-growth-inf194k012b6/
Bandhan Asset Allocation Fof Aggressive Plan Regular Growth,https://www.dezerv.in/mutual-funds/bandhan-asset-allocation-fof-aggressive-plan-regular-growth-inf194k01953/
Bandhan Asset Allocation Fof Conservative Plan Direct Growth,https://www.dezerv.in/mutual-funds/bandhan-asset-allocation-fof-conservative-plan-direct-growth-inf194k016a9/
Bandhan Asset Allocation Fof Conservative Plan Regular Growth,https://www.dezerv.in/mutual-funds/bandhan-asset-allocation-fof-conservative-plan-regular-growth-inf194k01987/
Bandhan Asset Allocation Fof Moderate Plan Direct Growth,https://www.dezerv.in/mutual-funds/bandhan-asset-allocation-fof-moderate-plan-direct-growth-inf194k019a3/
Bandhan Asset Allocation Fof Moderate Plan Regular Growth,https://www.dezerv.in/mutual-funds/bandhan-asset-allocation-fof-moderate-plan-regular-growth-inf194k01ab9/
Bandhan Balanced Advantage Fund Direct Growth,https://www.dezerv.in/mutual-funds/bandhan-balanced-advantage-fund-direct-growth-inf194ka1uh1/
Bandhan Balanced Advantage Fund Regular Growth,https://www.dezerv.in/mutual-funds/bandhan-balanced-advantage-fund-regular-growth-inf194ka1ue8/
Bandhan Banking Psu Debt Fund Direct Growth,https://www.dezerv.in/mutual-funds/bandhan-banking-psu-debt-fund-direct-growth-inf194k015g8/
Bandhan Banking Psu Debt Fund Regular Growth,https://www.dezerv.in/mutual-funds/bandhan-banking-psu-debt-fund-regular-growth-inf194k01sn6/
Bandhan Bond Fund Income Plan Direct Growth,https://www.dezerv.in/mutual-funds/bandhan-bond-fund-income-plan-direct-growth-inf194k01r51/
Bandhan Bond Fund Income Plan Regular Growth,https://www.dezerv.in/mutual-funds/bandhan-bond-fund-income-plan-regular-growth-inf194k01jq8/
Bandhan Bond Fund Medium Term Plan Direct Growth,https://www.dezerv.in/mutual-funds/bandhan-bond-fund-medium-term-plan-direct-growth-inf194k01s50/
Bandhan Bond Fund Medium Term Plan Regular Growth,https://www.dezerv.in/mutual-funds/bandhan-bond-fund-medium-term-plan-regular-growth-inf194k01ju0/
Bandhan Bond Fund Short Term Plan Direct Growth,https://www.dezerv.in/mutual-funds/bandhan-bond-fund-short-term-plan-direct-growth-inf194k01u07/
Bandhan Bond Fund Short Term Plan Regular Growth,https://www.dezerv.in/mutual-funds/bandhan-bond-fund-short-term-plan-regular-growth-inf194k01hf5/
Bandhan Bse Healthcare Index Fund Direct Growth,https://www.dezerv.in/mutual-funds/bandhan-bse-healthcare-index-fund-direct-growth-inf194kb1is2/
Bandhan Bse Healthcare Index Fund Regular Growth,https://www.dezerv.in/mutual-funds/bandhan-bse-healthcare-index-fund-regular-growth-inf194kb1ir4/
Bandhan Bse India Sector Leaders Index Fund Direct Growth,https://www.dezerv.in/mutual-funds/bandhan-bse-india-sector-leaders-index-fund-direct-growth-inf194kb1kb4/
Bandhan Bse India Sector Leaders Index Fund Regular Growth,https://www.dezerv.in/mutual-funds/bandhan-bse-india-sector-leaders-index-fund-regular-growth-inf194kb1ka6/
Bandhan Business Cycle Fund Direct Growth,https://www.dezerv.in/mutual-funds/bandhan-business-cycle-fund-direct-growth-inf194kb1iq6/
Bandhan Business Cycle Fund Regular Growth,https://www.dezerv.in/mutual-funds/bandhan-business-cycle-fund-regular-growth-inf194kb1ip8/
Bandhan Core Equity Fund Direct Growth,https://www.dezerv.in/mutual-funds/bandhan-core-equity-fund-direct-growth-inf194k01v89/
Bandhan Core Equity Fund Regular Growth,https://www.dezerv.in/mutual-funds/bandhan-core-equity-fund-regular-growth-inf194k01524/
Bandhan Corporate Bond Fund Direct Growth,https://www.dezerv.in/mutual-funds/bandhan-corporate-bond-fund-direct-growth-inf194ka1m23/
Bandhan Corporate Bond Fund Regular Growth,https://www.dezerv.in/mutual-funds/bandhan-corporate-bond-fund-regular-growth-inf194ka1l81/
Bandhan Credit Risk Fund Direct Growth,https://www.dezerv.in/mutual-funds/bandhan-credit-risk-fund-direct-growth-inf194ka1x61/
Bandhan Credit Risk Fund Regular Growth,https://www.dezerv.in/mutual-funds/bandhan-credit-risk-fund-regular-growth-inf194ka1w39/
Bandhan Crisil Ibx 10 90 Gilt Sdl Index Dec 2029 Fund Direct Growth,https://www.dezerv.in/mutual-funds/bandhan-crisil-ibx-10-90-gilt-sdl-index-dec-2029-fund-direct-growth-inf194kb1jl5/
Bandhan Crisil Ibx 10 90 Gilt Sdl Index Dec 2029 Fund Regular Growth,https://www.dezerv.in/mutual-funds/bandhan-crisil-ibx-10-90-gilt-sdl-index-dec-2029-fund-regular-growth-inf194kb1jo9/
Bandhan Crisil Ibx Financial Services 3 6 Months Debt Index Fund Direct Growth,https://www.dezerv.in/mutual-funds/bandhan-crisil-ibx-financial-services-3-6-months-debt-index-fund-direct-growth-inf194kb1jr2/
Bandhan Crisil Ibx Financial Services 3 6 Months Debt Index Fund Regular Growth,https://www.dezerv.in/mutual-funds/bandhan-crisil-ibx-financial-services-3-6-months-debt-index-fund-regular-growth-inf194kb1js0/
Bandhan Crisil Ibx Gilt April 2026 Index Fund Direct Growth,https://www.dezerv.in/mutual-funds/bandhan-crisil-ibx-gilt-april-2026-index-fund-direct-growth-inf194kb1eh4/
Bandhan Crisil Ibx Gilt April 2026 Index Fund Regular Growth,https://www.dezerv.in/mutual-funds/bandhan-crisil-ibx-gilt-april-2026-index-fund-regular-growth-inf194kb1ek8/
Bandhan Crisil Ibx Gilt April 2028 Index Fund Direct Growth,https://www.dezerv.in/mutual-funds/bandhan-crisil-ibx-gilt-april-2028-index-fund-direct-growth-inf194kb1bv1/
Bandhan Crisil Ibx Gilt April 2028 Index Fund Regular Growth,https://www.dezerv.in/mutual-funds/bandhan-crisil-ibx-gilt-april-2028-index-fund-regular-growth-inf194kb1bs7/
Bandhan Crisil Ibx Gilt April 2032 Index Fund Direct Growth,https://www.dezerv.in/mutual-funds/bandhan-crisil-ibx-gilt-april-2032-index-fund-direct-growth-inf194kb1en2/
Bandhan Crisil Ibx Gilt April 2032 Index Fund Regular Growth,https://www.dezerv.in/mutual-funds/bandhan-crisil-ibx-gilt-april-2032-index-fund-regular-growth-inf194kb1eq5/
Bandhan Crisil Ibx Gilt June 2027 Index Fund Direct Growth,https://www.dezerv.in/mutual-funds/bandhan-crisil-ibx-gilt-june-2027-index-fund-direct-growth-inf194kb1bp3/
Bandhan Crisil Ibx Gilt June 2027 Index Fund Regular Growth,https://www.dezerv.in/mutual-funds/bandhan-crisil-ibx-gilt-june-2027-index-fund-regular-growth-inf194kb1bl2/
Bandhan Crisil Ibx Gilt June 2032 Index Fund Direct Growth,https://www.dezerv.in/mutual-funds/bandhan-crisil-ibx-gilt-june-2032-index-fund-direct-growth-inf194kb1ff5/
Bandhan Crisil Ibx Gilt June 2032 Index Fund Regular Growth,https://www.dezerv.in/mutual-funds/bandhan-crisil-ibx-gilt-june-2032-index-fund-regular-growth-inf194kb1fi9/
Bandhan Crisil Ibx Gilt November 2026 Index Fund Direct Growth,https://www.dezerv.in/mutual-funds/bandhan-crisil-ibx-gilt-november-2026-index-fund-direct-growth-inf194kb1et9/
Bandhan Crisil Ibx Gilt November 2026 Index Fund Regular Growth,https://www.dezerv.in/mutual-funds/bandhan-crisil-ibx-gilt-november-2026-index-fund-regular-growth-inf194kb1ew3/
Bandhan Crisil Ibx Gilt September 2027 Index Fund Direct Growth,https://www.dezerv.in/mutual-funds/bandhan-crisil-ibx-gilt-september-2027-index-fund-direct-growth-inf194kb1ez6/
Bandhan Crisil Ibx Gilt September 2027 Index Fund Regular Growth,https://www.dezerv.in/mutual-funds/bandhan-crisil-ibx-gilt-september-2027-index-fund-regular-growth-inf194kb1fc2/
Bandhan Dynamic Bond Fund Direct Growth,https://www.dezerv.in/mutual-funds/bandhan-dynamic-bond-fund-direct-growth-inf194k01n63/
Bandhan Dynamic Bond Fund Regular Growth,https://www.dezerv.in/mutual-funds/bandhan-dynamic-bond-fund-regular-growth-inf194k01qg4/
Bandhan Emerging Businesses Fund Direct Growth,https://www.dezerv.in/mutual-funds/bandhan-emerging-businesses-fund-direct-growth-inf194kb1al4/
Bandhan Emerging Businesses Fund Regular Growth,https://www.dezerv.in/mutual-funds/bandhan-emerging-businesses-fund-regular-growth-inf194kb1aj8/
Bandhan Equity Savings Fund Direct Growth,https://www.dezerv.in/mutual-funds/bandhan-equity-savings-fund-direct-growth-inf194k01z02/
Bandhan Equity Savings Fund Regular Growth,https://www.dezerv.in/mutual-funds/bandhan-equity-savings-fund-regular-growth-inf194k01581/
Bandhan Financial Services Fund Direct Growth,https://www.dezerv.in/mutual-funds/bandhan-financial-services-fund-direct-growth-inf194kb1gb2/
Bandhan Financial Services Fund Regular Growth,https://www.dezerv.in/mutual-funds/bandhan-financial-services-fund-regular-growth-inf194kb1ge6/
Bandhan Fixed Maturity Plan Fmp Series 209 93 Days Direct Growth,https://www.dezerv.in/mutual-funds/bandhan-fixed-maturity-plan-fmp-series-209-93-days-direct-growth-inf194kb1jd2/
Bandhan Fixed Maturity Plan Fmp Series 209 93 Days Regular Growth,https://www.dezerv.in/mutual-funds/bandhan-fixed-maturity-plan-fmp-series-209-93-days-regular-growth-inf194kb1jg5/
Bandhan Fixed Term Plan Series 179 Direct Growth,https://www.dezerv.in/mutual-funds/bandhan-fixed-term-plan-series-179-direct-growth-inf194kb1777/
Bandhan Fixed Term Plan Series 179 Regular Growth,https://www.dezerv.in/mutual-funds/bandhan-fixed-term-plan-series-179-regular-growth-inf194kb1736/
Bandhan Fixed Term Plan Series 197 Direct Growth,https://www.dezerv.in/mutual-funds/bandhan-fixed-term-plan-series-197-direct-growth-inf194kb1df0/
Bandhan Fixed Term Plan Series 197 Regular Growth,https://www.dezerv.in/mutual-funds/bandhan-fixed-term-plan-series-197-regular-growth-inf194kb1da1/
Bandhan Flexi Cap Fund Direct Growth,https://www.dezerv.in/mutual-funds/bandhan-flexi-cap-fund-direct-growth-inf194k01w62/
Bandhan Flexi Cap Fund Regular Growth,https://www.dezerv.in/mutual-funds/bandhan-flexi-cap-fund-regular-growth-inf194k01391/
Bandhan Floating Rate Fund Direct Growth,https://www.dezerv.in/mutual-funds/bandhan-floating-rate-fund-direct-growth-inf194kb1ba5/
Bandhan Floating Rate Fund Regular Growth,https://www.dezerv.in/mutual-funds/bandhan-floating-rate-fund-regular-growth-inf194kb1ap5/
Bandhan Focused Equity Fund Direct Growth,https://www.dezerv.in/mutual-funds/bandhan-focused-equity-fund-direct-growth-inf194k01w21/
Bandhan Focused Equity Fund Regular Growth,https://www.dezerv.in/mutual-funds/bandhan-focused-equity-fund-regular-growth-inf194k01466/
Bandhan Gold Etf Fof Direct Growth,https://www.dezerv.in/mutual-funds/bandhan-gold-etf-fof-direct-growth-inf194kb1kl3/
Bandhan Gold Etf Fof Regular Growth,https://www.dezerv.in/mutual-funds/bandhan-gold-etf-fof-regular-growth-inf194kb1kk5/
Bandhan Gold Etf,https://www.dezerv.in/mutual-funds/bandhan-gold-etf-inf194kb1kj7/
Bandhan Government Securities Fund Constant Maturity Plan Direct Growth,https://www.dezerv.in/mutual-funds/bandhan-government-securities-fund-constant-maturity-plan-direct-growth-inf194k01p38/
Bandhan Government Securities Fund Constant Maturity Plan Regular Growth,https://www.dezerv.in/mutual-funds/bandhan-government-securities-fund-constant-maturity-plan-regular-growth-inf194k01fa0/
Bandhan Government Securities Fund Investment Plan Direct Growth,https://www.dezerv.in/mutual-funds/bandhan-government-securities-fund-investment-plan-direct-growth-inf194k01q29/
Bandhan Government Securities Fund Investment Plan Regular Growth,https://www.dezerv.in/mutual-funds/bandhan-government-securities-fund-investment-plan-regular-growth-inf194k01dz2/
Bandhan Healthcare Fund Direct Growth,https://www.dezerv.in/mutual-funds/bandhan-healthcare-fund-direct-growth-inf194kb1kf5/
Bandhan Healthcare Fund Regular Growth,https://www.dezerv.in/mutual-funds/bandhan-healthcare-fund-regular-growth-inf194kb1kc2/
Bandhan Hybrid Equity Fund Direct Growth,https://www.dezerv.in/mutual-funds/bandhan-hybrid-equity-fund-direct-growth-inf194ka1u56/
Bandhan Hybrid Equity Fund Regular Growth,https://www.dezerv.in/mutual-funds/bandhan-hybrid-equity-fund-regular-growth-inf194ka1u15/
Bandhan Infrastructure Fund Direct Growth,https://www.dezerv.in/mutual-funds/bandhan-infrastructure-fund-direct-growth-inf194k01x46/
Bandhan Infrastructure Fund Regular Growth,https://www.dezerv.in/mutual-funds/bandhan-infrastructure-fund-regular-growth-inf194k01by9/
Bandhan Innovation Fund Direct Growth,https://www.dezerv.in/mutual-funds/bandhan-innovation-fund-direct-growth-inf194kb1ie2/
Bandhan Innovation Fund Regular Growth,https://www.dezerv.in/mutual-funds/bandhan-innovation-fund-regular-growth-inf194kb1ib8/
Bandhan Interval Fund Series 17 Direct Growth,https://www.dezerv.in/mutual-funds/bandhan-interval-fund-series-17-direct-growth-inf194kb1ca3/
Bandhan Interval Fund Series 17 Regular Growth,https://www.dezerv.in/mutual-funds/bandhan-interval-fund-series-17-regular-growth-inf194kb1by5/
Bandhan Large Cap Fund Direct Growth,https://www.dezerv.in/mutual-funds/bandhan-large-cap-fund-direct-growth-inf194k01z44/
Bandhan Large Cap Fund Regular Growth,https://www.dezerv.in/mutual-funds/bandhan-large-cap-fund-regular-growth-inf194k01516/
Bandhan Liquid Fund Direct Growth,https://www.dezerv.in/mutual-funds/bandhan-liquid-fund-direct-growth-inf194k01i60/
Bandhan Liquid Fund Regular Growth,https://www.dezerv.in/mutual-funds/bandhan-liquid-fund-regular-growth-inf194k01vx9/
Bandhan Long Duration Fund Direct Growth,https://www.dezerv.in/mutual-funds/bandhan-long-duration-fund-direct-growth-inf194kb1hy2/
Bandhan Long Duration Fund Regular Growth,https://www.dezerv.in/mutual-funds/bandhan-long-duration-fund-regular-growth-inf194kb1hv8/
Bandhan Low Duration Fund Direct Growth,https://www.dezerv.in/mutual-funds/bandhan-low-duration-fund-direct-growth-inf194k01j77/
Bandhan Low Duration Fund Regular Growth,https://www.dezerv.in/mutual-funds/bandhan-low-duration-fund-regular-growth-inf194k01fu8/
Bandhan Midcap Fund Direct Growth,https://www.dezerv.in/mutual-funds/bandhan-midcap-fund-direct-growth-inf194kb1dj2/
Bandhan Midcap Fund Regular Growth,https://www.dezerv.in/mutual-funds/bandhan-midcap-fund-regular-growth-inf194kb1dm6/
Bandhan Money Manager Fund Direct Growth,https://www.dezerv.in/mutual-funds/bandhan-money-manager-fund-direct-growth-inf194k01m80/
Bandhan Money Manager Fund Regular Growth,https://www.dezerv.in/mutual-funds/bandhan-money-manager-fund-regular-growth-inf194k01lj9/
Bandhan Multi Asset Allocation Fund Direct Growth,https://www.dezerv.in/mutual-funds/bandhan-multi-asset-allocation-fund-direct-growth-inf194kb1hm7/
Bandhan Multi Asset Allocation Fund Regular Growth,https://www.dezerv.in/mutual-funds/bandhan-multi-asset-allocation-fund-regular-growth-inf194kb1hj3/
Bandhan Multi Cap Fund Direct Growth,https://www.dezerv.in/mutual-funds/bandhan-multi-cap-fund-direct-growth-inf194kb1cl0/
Bandhan Multi Cap Fund Regular Growth,https://www.dezerv.in/mutual-funds/bandhan-multi-cap-fund-regular-growth-inf194kb1ci6/
Bandhan Multi Factor Fund Direct Growth,https://www.dezerv.in/mutual-funds/bandhan-multi-factor-fund-direct-growth-inf194kb1jx0/
Bandhan Multi Factor Fund Regular Growth,https://www.dezerv.in/mutual-funds/bandhan-multi-factor-fund-regular-growth-inf194kb1ju6/
Bandhan Nifty 100 Index Fund Direct Growth,https://www.dezerv.in/mutual-funds/bandhan-nifty-100-index-fund-direct-growth-inf194kb1cr7/
Bandhan Nifty 100 Index Fund Regular Growth,https://www.dezerv.in/mutual-funds/bandhan-nifty-100-index-fund-regular-growth-inf194kb1co4/
Bandhan Nifty 200 Quality 30 Index Fund Direct Growth,https://www.dezerv.in/mutual-funds/bandhan-nifty-200-quality-30-index-fund-direct-growth-inf194kb1ja8/
Bandhan Nifty 200 Quality 30 Index Fund Regular Growth,https://www.dezerv.in/mutual-funds/bandhan-nifty-200-quality-30-index-fund-regular-growth-inf194kb1iz7/
Bandhan Nifty 50 Etf,https://www.dezerv.in/mutual-funds/bandhan-nifty-50-etf-inf194ka1u07/
Bandhan Nifty 50 Index Fund Direct Growth,https://www.dezerv.in/mutual-funds/bandhan-nifty-50-index-fund-direct-growth-inf194k012a8/
Bandhan Nifty 50 Index Fund Regular Growth,https://www.dezerv.in/mutual-funds/bandhan-nifty-50-index-fund-regular-growth-inf194k01920/
Bandhan Nifty 500 Momentum 50 Index Fund Direct Growth,https://www.dezerv.in/mutual-funds/bandhan-nifty-500-momentum-50-index-fund-direct-growth-inf194kb1iy0/
Bandhan Nifty 500 Momentum 50 Index Fund Regular Growth,https://www.dezerv.in/mutual-funds/bandhan-nifty-500-momentum-50-index-fund-regular-growth-inf194kb1ix2/
Bandhan Nifty 500 Value 50 Index Fund Direct Growth,https://www.dezerv.in/mutual-funds/bandhan-nifty-500-value-50-index-fund-direct-growth-inf194kb1iw4/
Bandhan Nifty 500 Value 50 Index Fund Regular Growth,https://www.dezerv.in/mutual-funds/bandhan-nifty-500-value-50-index-fund-regular-growth-inf194kb1iv6/
Bandhan Nifty Alpha 50 Index Fund Direct Growth,https://www.dezerv.in/mutual-funds/bandhan-nifty-alpha-50-index-fund-direct-growth-inf194kb1ha2/
Bandhan Nifty Alpha 50 Index Fund Regular Growth,https://www.dezerv.in/mutual-funds/bandhan-nifty-alpha-50-index-fund-regular-growth-inf194kb1gx6/
Bandhan Nifty Alpha Low Volatility 30 Index Fund Direct Growth,https://www.dezerv.in/mutual-funds/bandhan-nifty-alpha-low-volatility-30-index-fund-direct-growth-inf194kb1jc4/
Bandhan Nifty Alpha Low Volatility 30 Index Fund Regular Growth,https://www.dezerv.in/mutual-funds/bandhan-nifty-alpha-low-volatility-30-index-fund-regular-growth-inf194kb1jb6/
Bandhan Nifty Bank Index Fund Direct Growth,https://www.dezerv.in/mutual-funds/bandhan-nifty-bank-index-fund-direct-growth-inf194kb1io1/
Bandhan Nifty Bank Index Fund Regular Growth,https://www.dezerv.in/mutual-funds/bandhan-nifty-bank-index-fund-regular-growth-inf194kb1in3/
Bandhan Nifty It Index Fund Direct Growth,https://www.dezerv.in/mutual-funds/bandhan-nifty-it-index-fund-direct-growth-inf194kb1gk3/
Bandhan Nifty It Index Fund Regular Growth,https://www.dezerv.in/mutual-funds/bandhan-nifty-it-index-fund-regular-growth-inf194kb1gh9/
Bandhan Nifty Midcap 150 Index Fund Direct Growth,https://www.dezerv.in/mutual-funds/bandhan-nifty-midcap-150-index-fund-direct-growth-inf194kb1it0/
Bandhan Nifty Midcap 150 Index Fund Regular Growth,https://www.dezerv.in/mutual-funds/bandhan-nifty-midcap-150-index-fund-regular-growth-inf194kb1iu8/
Bandhan Nifty Next 50 Index Fund Direct Growth,https://www.dezerv.in/mutual-funds/bandhan-nifty-next-50-index-fund-direct-growth-inf194kb1jk7/
Bandhan Nifty Next 50 Index Fund Regular Growth,https://www.dezerv.in/mutual-funds/bandhan-nifty-next-50-index-fund-regular-growth-inf194kb1jj9/
Bandhan Nifty Smallcap 250 Index Fund Direct Growth,https://www.dezerv.in/mutual-funds/bandhan-nifty-smallcap-250-index-fund-direct-growth-inf194kb1hg9/
Bandhan Nifty Smallcap 250 Index Fund Regular Growth,https://www.dezerv.in/mutual-funds/bandhan-nifty-smallcap-250-index-fund-regular-growth-inf194kb1hd6/
Bandhan Nifty Total Market Index Fund Direct Growth,https://www.dezerv.in/mutual-funds/bandhan-nifty-total-market-index-fund-direct-growth-inf194kb1ik9/
Bandhan Nifty Total Market Index Fund Regular Growth,https://www.dezerv.in/mutual-funds/bandhan-nifty-total-market-index-fund-regular-growth-inf194kb1ih5/
Bandhan Nifty100 Low Volatility 30 Index Fund Direct Growth,https://www.dezerv.in/mutual-funds/bandhan-nifty100-low-volatility-30-index-fund-direct-growth-inf194kb1dv7/
Bandhan Nifty100 Low Volatility 30 Index Fund Regular Growth,https://www.dezerv.in/mutual-funds/bandhan-nifty100-low-volatility-30-index-fund-regular-growth-inf194kb1dy1/
Bandhan Nifty200 Momentum 30 Index Fund Direct Growth,https://www.dezerv.in/mutual-funds/bandhan-nifty200-momentum-30-index-fund-direct-growth-inf194kb1dp9/
Bandhan Nifty200 Momentum 30 Index Fund Regular Growth,https://www.dezerv.in/mutual-funds/bandhan-nifty200-momentum-30-index-fund-regular-growth-inf194kb1ds3/
Bandhan Overnight Fund Direct Growth,https://www.dezerv.in/mutual-funds/bandhan-overnight-fund-direct-growth-inf194kb1447/
Bandhan Overnight Fund Regular Growth,https://www.dezerv.in/mutual-funds/bandhan-overnight-fund-regular-growth-inf194kb1314/
Bandhan Regular Savings Fund Direct Growth,https://www.dezerv.in/mutual-funds/bandhan-regular-savings-fund-direct-growth-inf194k015b9/
Bandhan Regular Savings Fund Regular Growth,https://www.dezerv.in/mutual-funds/bandhan-regular-savings-fund-regular-growth-inf194k01rw9/
Bandhan Retirement Fund Direct Growth,https://www.dezerv.in/mutual-funds/bandhan-retirement-fund-direct-growth-inf194kb1gu2/
Bandhan Retirement Fund Regular Growth,https://www.dezerv.in/mutual-funds/bandhan-retirement-fund-regular-growth-inf194kb1gn7/
Bandhan S P Bse Sensex Etf,https://www.dezerv.in/mutual-funds/bandhan-s-p-bse-sensex-etf-inf194ka1t91/
Bandhan Silver Etf Fof Direct Growth,https://www.dezerv.in/mutual-funds/bandhan-silver-etf-fof-direct-growth-inf194kb1km1/
Bandhan Silver Etf Fof Direct Growth,https://www.dezerv.in/mutual-funds/bandhan-silver-etf-fof-direct-growth-inf194kb1kn9/
Bandhan Silver Etf,https://www.dezerv.in/mutual-funds/bandhan-silver-etf-inf194kb1ki9/
Bandhan Sterling Value Fund Direct Growth,https://www.dezerv.in/mutual-funds/bandhan-sterling-value-fund-direct-growth-inf194k01z85/
Bandhan Sterling Value Fund Regular Growth,https://www.dezerv.in/mutual-funds/bandhan-sterling-value-fund-regular-growth-inf194k01342/
Bandhan Tax Advantage Elss Fund Direct Growth,https://www.dezerv.in/mutual-funds/bandhan-tax-advantage-elss-fund-direct-growth-inf194k01y29/
Bandhan Tax Advantage Elss Fund Regular Growth,https://www.dezerv.in/mutual-funds/bandhan-tax-advantage-elss-fund-regular-growth-inf194k01292/
Bandhan Transportation And Logistics Fund Direct Growth,https://www.dezerv.in/mutual-funds/bandhan-transportation-and-logistics-fund-direct-growth-inf194kb1eb7/
Bandhan Transportation And Logistics Fund Regular Growth,https://www.dezerv.in/mutual-funds/bandhan-transportation-and-logistics-fund-regular-growth-inf194kb1ee1/
Bandhan Ultra Short Term Fund Direct Growth,https://www.dezerv.in/mutual-funds/bandhan-ultra-short-term-fund-direct-growth-inf194ka16r3/
Bandhan Ultra Short Term Fund Regular Growth,https://www.dezerv.in/mutual-funds/bandhan-ultra-short-term-fund-regular-growth-inf194ka10q8/
Bandhan Us Equity Fund Of Fund Direct Growth,https://www.dezerv.in/mutual-funds/bandhan-us-equity-fund-of-fund-direct-growth-inf194kb1cf2/
Bandhan Us Equity Fund Of Fund Regular Growth,https://www.dezerv.in/mutual-funds/bandhan-us-equity-fund-of-fund-regular-growth-inf194kb1cc9/
Bandhan Us Treasury Bond 0 1 Year Fund Of Fund Direct Growth,https://www.dezerv.in/mutual-funds/bandhan-us-treasury-bond-0-1-year-fund-of-fund-direct-growth-inf194kb1fv2/
Bandhan Us Treasury Bond 0 1 Year Fund Of Fund Regular Growth,https://www.dezerv.in/mutual-funds/bandhan-us-treasury-bond-0-1-year-fund-of-fund-regular-growth-inf194kb1ft6/
Bank Of India Arbitrage Fund Direct Growth,https://www.dezerv.in/mutual-funds/bank-of-india-arbitrage-fund-direct-growth-inf761k01ed3/
Bank Of India Arbitrage Fund Regular Growth,https://www.dezerv.in/mutual-funds/bank-of-india-arbitrage-fund-regular-growth-inf761k01dw5/
Bank Of India Balanced Advantage Fund Direct Growth,https://www.dezerv.in/mutual-funds/bank-of-india-balanced-advantage-fund-direct-growth-inf761k01bo6/
Bank Of India Balanced Advantage Fund Regular Growth,https://www.dezerv.in/mutual-funds/bank-of-india-balanced-advantage-fund-regular-growth-inf761k01br9/
Bank Of India Banking And Financial Services Fund Direct Growth,https://www.dezerv.in/mutual-funds/bank-of-india-banking-and-financial-services-fund-direct-growth-inf761k01he4/
Bank Of India Banking And Financial Services Fund Regular Growth,https://www.dezerv.in/mutual-funds/bank-of-india-banking-and-financial-services-fund-regular-growth-inf761k01hh7/
Bank Of India Bluechip Fund Direct Growth,https://www.dezerv.in/mutual-funds/bank-of-india-bluechip-fund-direct-growth-inf761k01fl3/
Bank Of India Bluechip Fund Regular Growth,https://www.dezerv.in/mutual-funds/bank-of-india-bluechip-fund-regular-growth-inf761k01fo7/
Bank Of India Business Cycle Fund Direct Growth,https://www.dezerv.in/mutual-funds/bank-of-india-business-cycle-fund-direct-growth-inf761k01gf3/
Bank Of India Business Cycle Fund Regular Growth,https://www.dezerv.in/mutual-funds/bank-of-india-business-cycle-fund-regular-growth-inf761k01gc0/
Bank Of India Conservative Hybrid Fund Direct Growth,https://www.dezerv.in/mutual-funds/bank-of-india-conservative-hybrid-fund-direct-growth-inf761k01819/
Bank Of India Conservative Hybrid Fund Regular Growth,https://www.dezerv.in/mutual-funds/bank-of-india-conservative-hybrid-fund-regular-growth-inf761k01462/
Bank Of India Consumption Fund Direct Growth,https://www.dezerv.in/mutual-funds/bank-of-india-consumption-fund-direct-growth-inf761k01gi7/
Bank Of India Consumption Fund Regular Growth,https://www.dezerv.in/mutual-funds/bank-of-india-consumption-fund-regular-growth-inf761k01gl1/
Bank Of India Credit Risk Fund Direct Growth,https://www.dezerv.in/mutual-funds/bank-of-india-credit-risk-fund-direct-growth-inf761k01dg8/
Bank Of India Credit Risk Fund Regular Growth,https://www.dezerv.in/mutual-funds/bank-of-india-credit-risk-fund-regular-growth-inf761k01dh6/
Bank Of India Flexi Cap Fund Direct Growth,https://www.dezerv.in/mutual-funds/bank-of-india-flexi-cap-fund-direct-growth-inf761k01ff5/
Bank Of India Flexi Cap Fund Regular Growth,https://www.dezerv.in/mutual-funds/bank-of-india-flexi-cap-fund-regular-growth-inf761k01fi9/
Bank Of India Large Mid Cap Equity Fund Direct Growth,https://www.dezerv.in/mutual-funds/bank-of-india-large-mid-cap-equity-fund-direct-growth-inf761k01652/
Bank Of India Large Mid Cap Equity Fund Regular Growth,https://www.dezerv.in/mutual-funds/bank-of-india-large-mid-cap-equity-fund-regular-growth-inf761k01108/
Bank Of India Liquid Direct Growth,https://www.dezerv.in/mutual-funds/bank-of-india-liquid-direct-growth-inf761k01785/
Bank Of India Liquid Regular Growth,https://www.dezerv.in/mutual-funds/bank-of-india-liquid-regular-growth-inf761k01306/
Bank Of India Manufacturing And Infrastructure Fund Direct Growth,https://www.dezerv.in/mutual-funds/bank-of-india-manufacturing-and-infrastructure-fund-direct-growth-inf761k01702/
Bank Of India Manufacturing And Infrastructure Fund Regular Growth,https://www.dezerv.in/mutual-funds/bank-of-india-manufacturing-and-infrastructure-fund-regular-growth-inf761k01199/
Bank Of India Mid Cap Fund Direct Growth,https://www.dezerv.in/mutual-funds/bank-of-india-mid-cap-fund-direct-growth-inf761k01gy4/
Bank Of India Mid Cap Fund Regular Growth,https://www.dezerv.in/mutual-funds/bank-of-india-mid-cap-fund-regular-growth-inf761k01hb0/
Bank Of India Mid Small Cap Equity Debt Direct Growth,https://www.dezerv.in/mutual-funds/bank-of-india-mid-small-cap-equity-debt-direct-growth-inf761k01dm6/
Bank Of India Mid Small Cap Equity Debt Regular Growth,https://www.dezerv.in/mutual-funds/bank-of-india-mid-small-cap-equity-debt-regular-growth-inf761k01dp9/
Bank Of India Midcap Tax Fund Series 1 Direct Growth,https://www.dezerv.in/mutual-funds/bank-of-india-midcap-tax-fund-series-1-direct-growth-inf761k01ds3/
Bank Of India Midcap Tax Fund Series 1 Regular Growth,https://www.dezerv.in/mutual-funds/bank-of-india-midcap-tax-fund-series-1-regular-growth-inf761k01du9/
Bank Of India Midcap Tax Fund Series 2 Direct Growth,https://www.dezerv.in/mutual-funds/bank-of-india-midcap-tax-fund-series-2-direct-growth-inf761k01el6/
Bank Of India Midcap Tax Fund Series 2 Regular Growth,https://www.dezerv.in/mutual-funds/bank-of-india-midcap-tax-fund-series-2-regular-growth-inf761k01en2/
Bank Of India Money Market Fund Direct Growth,https://www.dezerv.in/mutual-funds/bank-of-india-money-market-fund-direct-growth-inf761k01go5/
Bank Of India Money Market Fund Regular Growth,https://www.dezerv.in/mutual-funds/bank-of-india-money-market-fund-regular-growth-inf761k01gs6/
Bank Of India Multi Asset Allocation Fund Direct Growth,https://www.dezerv.in/mutual-funds/bank-of-india-multi-asset-allocation-fund-direct-growth-inf761k01fz3/
Bank Of India Multi Asset Allocation Fund Regular Growth,https://www.dezerv.in/mutual-funds/bank-of-india-multi-asset-allocation-fund-regular-growth-inf761k01fw0/
Bank Of India Multi Cap Fund Direct Growth,https://www.dezerv.in/mutual-funds/bank-of-india-multi-cap-fund-direct-growth-inf761k01fr0/
Bank Of India Multi Cap Fund Regular Growth,https://www.dezerv.in/mutual-funds/bank-of-india-multi-cap-fund-regular-growth-inf761k01ft6/
Bank Of India Multi Cap Fund Regular Growth,https://www.dezerv.in/mutual-funds/bank-of-india-multi-cap-fund-regular-growth-inf761k01fu4/
Bank Of India Overnight Fund Direct Growth,https://www.dezerv.in/mutual-funds/bank-of-india-overnight-fund-direct-growth-inf761k01eu7/
Bank Of India Overnight Fund Regular Growth,https://www.dezerv.in/mutual-funds/bank-of-india-overnight-fund-regular-growth-inf761k01ez6/
Bank Of India Small Cap Fund Direct Growth,https://www.dezerv.in/mutual-funds/bank-of-india-small-cap-fund-direct-growth-inf761k01ep7/
Bank Of India Small Cap Fund Regular Growth,https://www.dezerv.in/mutual-funds/bank-of-india-small-cap-fund-regular-growth-inf761k01er3/
Bank Of India St Income Direct Growth,https://www.dezerv.in/mutual-funds/bank-of-india-st-income-direct-growth-inf761k01736/
Bank Of India St Income Regular Growth,https://www.dezerv.in/mutual-funds/bank-of-india-st-income-regular-growth-inf761k01579/
Bank Of India Tax Advantage Fund Direct Growth,https://www.dezerv.in/mutual-funds/bank-of-india-tax-advantage-fund-direct-growth-inf761k01884/
Bank Of India Tax Advantage Fund Regular Growth,https://www.dezerv.in/mutual-funds/bank-of-india-tax-advantage-fund-regular-growth-inf761k01181/
Bank Of India Ultra Short Duration Fund Direct Growth,https://www.dezerv.in/mutual-funds/bank-of-india-ultra-short-duration-fund-direct-growth-inf761k01892/
Bank Of India Ultra Short Duration Fund Regular Growth,https://www.dezerv.in/mutual-funds/bank-of-india-ultra-short-duration-fund-regular-growth-inf761k01298/
Baroda Bnp Paribas Aggressive Hybrid Fund Direct Growth,https://www.dezerv.in/mutual-funds/baroda-bnp-paribas-aggressive-hybrid-fund-direct-growth-inf251k01oz7/
Baroda Bnp Paribas Aggressive Hybrid Fund Regular Growth,https://www.dezerv.in/mutual-funds/baroda-bnp-paribas-aggressive-hybrid-fund-regular-growth-inf251k01ow4/
Baroda Bnp Paribas Aqua Fund Of Fund Direct Growth,https://www.dezerv.in/mutual-funds/baroda-bnp-paribas-aqua-fund-of-fund-direct-growth-inf251k01qt5/
Baroda Bnp Paribas Aqua Fund Of Fund Regular Growth,https://www.dezerv.in/mutual-funds/baroda-bnp-paribas-aqua-fund-of-fund-regular-growth-inf251k01qq1/
Baroda Bnp Paribas Arbitrage Fund Direct Growth,https://www.dezerv.in/mutual-funds/baroda-bnp-paribas-arbitrage-fund-direct-growth-inf251k01ot0/
Baroda Bnp Paribas Arbitrage Fund Regular Growth,https://www.dezerv.in/mutual-funds/baroda-bnp-paribas-arbitrage-fund-regular-growth-inf251k01on3/
Baroda Bnp Paribas Balanced Advantage Fund Direct Growth,https://www.dezerv.in/mutual-funds/baroda-bnp-paribas-balanced-advantage-fund-direct-growth-inf955l01hf7/
Baroda Bnp Paribas Balanced Advantage Fund Regular Growth,https://www.dezerv.in/mutual-funds/baroda-bnp-paribas-balanced-advantage-fund-regular-growth-inf955l01hc4/
Baroda Bnp Paribas Banking And Financial Services Fund Direct Growth,https://www.dezerv.in/mutual-funds/baroda-bnp-paribas-banking-and-financial-services-fund-direct-growth-inf955l01971/
Baroda Bnp Paribas Banking And Financial Services Fund Regular Growth,https://www.dezerv.in/mutual-funds/baroda-bnp-paribas-banking-and-financial-services-fund-regular-growth-inf955l01856/
Baroda Bnp Paribas Banking And Psu Bond Fund Direct Growth,https://www.dezerv.in/mutual-funds/baroda-bnp-paribas-banking-and-psu-bond-fund-direct-growth-inf955l01kc8/
Baroda Bnp Paribas Banking And Psu Bond Fund Regular Growth,https://www.dezerv.in/mutual-funds/baroda-bnp-paribas-banking-and-psu-bond-fund-regular-growth-inf955l01jx6/
Baroda Bnp Paribas Business Conglomerates Fund Direct Growth,https://www.dezerv.in/mutual-funds/baroda-bnp-paribas-business-conglomerates-fund-direct-growth-inf251k01vj6/
Baroda Bnp Paribas Business Conglomerates Fund Regular Growth,https://www.dezerv.in/mutual-funds/baroda-bnp-paribas-business-conglomerates-fund-regular-growth-inf251k01vg2/
Baroda Bnp Paribas Business Cycle Fund Direct Growth,https://www.dezerv.in/mutual-funds/baroda-bnp-paribas-business-cycle-fund-direct-growth-inf955l01kk1/
Baroda Bnp Paribas Business Cycle Fund Regular Growth,https://www.dezerv.in/mutual-funds/baroda-bnp-paribas-business-cycle-fund-regular-growth-inf955l01kh7/
Baroda Bnp Paribas Children S Fund Direct Growth,https://www.dezerv.in/mutual-funds/baroda-bnp-paribas-children-s-fund-direct-growth-inf251k01ue9/
Baroda Bnp Paribas Children S Fund Regular Growth,https://www.dezerv.in/mutual-funds/baroda-bnp-paribas-children-s-fund-regular-growth-inf251k01uc3/
Baroda Bnp Paribas Conservative Hybrid Fund Direct Growth,https://www.dezerv.in/mutual-funds/baroda-bnp-paribas-conservative-hybrid-fund-direct-growth-inf251k01hr8/
Baroda Bnp Paribas Conservative Hybrid Fund Regular Growth,https://www.dezerv.in/mutual-funds/baroda-bnp-paribas-conservative-hybrid-fund-regular-growth-inf251k01845/
Baroda Bnp Paribas Corporate Bond Fund Direct Growth,https://www.dezerv.in/mutual-funds/baroda-bnp-paribas-corporate-bond-fund-direct-growth-inf251k01gp4/
Baroda Bnp Paribas Corporate Bond Fund Regular Growth,https://www.dezerv.in/mutual-funds/baroda-bnp-paribas-corporate-bond-fund-regular-growth-inf251k01ep9/
Baroda Bnp Paribas Credit Risk Fund Direct Growth,https://www.dezerv.in/mutual-funds/baroda-bnp-paribas-credit-risk-fund-direct-growth-inf955l01fr6/
Baroda Bnp Paribas Credit Risk Fund Regular Growth,https://www.dezerv.in/mutual-funds/baroda-bnp-paribas-credit-risk-fund-regular-growth-inf955l01fp0/
Baroda Bnp Paribas Dividend Yield Fund Direct Growth,https://www.dezerv.in/mutual-funds/baroda-bnp-paribas-dividend-yield-fund-direct-growth-inf251k01tv5/
Baroda Bnp Paribas Dividend Yield Fund Regular Growth,https://www.dezerv.in/mutual-funds/baroda-bnp-paribas-dividend-yield-fund-regular-growth-inf251k01ts1/
Baroda Bnp Paribas Dynamic Bond Fund Direct Growth,https://www.dezerv.in/mutual-funds/baroda-bnp-paribas-dynamic-bond-fund-direct-growth-inf251k01gw0/
Baroda Bnp Paribas Dynamic Bond Fund Regular Growth,https://www.dezerv.in/mutual-funds/baroda-bnp-paribas-dynamic-bond-fund-regular-growth-inf251k01ef0/
Baroda Bnp Paribas Elss Fund Direct Growth,https://www.dezerv.in/mutual-funds/baroda-bnp-paribas-elss-fund-direct-growth-inf251k01hf3/
Baroda Bnp Paribas Elss Fund Regular Growth,https://www.dezerv.in/mutual-funds/baroda-bnp-paribas-elss-fund-regular-growth-inf251k01985/
Baroda Bnp Paribas Energy Opportunities Fund Direct Growth,https://www.dezerv.in/mutual-funds/baroda-bnp-paribas-energy-opportunities-fund-direct-growth-inf251k01uj8/
Baroda Bnp Paribas Energy Opportunities Fund Regular Growth,https://www.dezerv.in/mutual-funds/baroda-bnp-paribas-energy-opportunities-fund-regular-growth-inf251k01ug4/
Baroda Bnp Paribas Equity Savings Fund Direct Growth,https://www.dezerv.in/mutual-funds/baroda-bnp-paribas-equity-savings-fund-direct-growth-inf955l01il3/
Baroda Bnp Paribas Equity Savings Fund Regular Growth,https://www.dezerv.in/mutual-funds/baroda-bnp-paribas-equity-savings-fund-regular-growth-inf955l01ii9/
Baroda Bnp Paribas Esg Best In Class Strategy Fund Direct Growth,https://www.dezerv.in/mutual-funds/baroda-bnp-paribas-esg-best-in-class-strategy-fund-direct-growth-inf251k01vp3/
Baroda Bnp Paribas Esg Best In Class Strategy Fund Regular Growth,https://www.dezerv.in/mutual-funds/baroda-bnp-paribas-esg-best-in-class-strategy-fund-regular-growth-inf251k01vm0/
Baroda Bnp Paribas Flexi Cap Fund Direct Growth,https://www.dezerv.in/mutual-funds/baroda-bnp-paribas-flexi-cap-fund-direct-growth-inf251k01qz2/
Baroda Bnp Paribas Flexi Cap Fund Regular Growth,https://www.dezerv.in/mutual-funds/baroda-bnp-paribas-flexi-cap-fund-regular-growth-inf251k01qw9/
Baroda Bnp Paribas Floater Fund Direct Growth,https://www.dezerv.in/mutual-funds/baroda-bnp-paribas-floater-fund-direct-growth-inf251k01rx5/
Baroda Bnp Paribas Floater Fund Regular Growth,https://www.dezerv.in/mutual-funds/baroda-bnp-paribas-floater-fund-regular-growth-inf251k01ru1/
Baroda Bnp Paribas Focused Fund Direct Growth,https://www.dezerv.in/mutual-funds/baroda-bnp-paribas-focused-fund-direct-growth-inf251k01pn0/
Baroda Bnp Paribas Focused Fund Regular Growth,https://www.dezerv.in/mutual-funds/baroda-bnp-paribas-focused-fund-regular-growth-inf251k01pk6/
Baroda Bnp Paribas Gilt Fund Direct Growth,https://www.dezerv.in/mutual-funds/baroda-bnp-paribas-gilt-fund-direct-growth-inf955l01ad7/
Baroda Bnp Paribas Gilt Fund Regular Growth,https://www.dezerv.in/mutual-funds/baroda-bnp-paribas-gilt-fund-regular-growth-inf955l01450/
Baroda Bnp Paribas Gold Etf Fund Of Fund Direct Growth,https://www.dezerv.in/mutual-funds/baroda-bnp-paribas-gold-etf-fund-of-fund-direct-growth-inf251k01vf4/
Baroda Bnp Paribas Gold Etf Fund Of Fund Regular Growth,https://www.dezerv.in/mutual-funds/baroda-bnp-paribas-gold-etf-fund-of-fund-regular-growth-inf251k01ve7/
Baroda Bnp Paribas Gold Etf,https://www.dezerv.in/mutual-funds/baroda-bnp-paribas-gold-etf-inf251k01su9/
Baroda Bnp Paribas Health And Wellness Fund Direct Growth,https://www.dezerv.in/mutual-funds/baroda-bnp-paribas-health-and-wellness-fund-direct-growth-inf251k01va5/
Baroda Bnp Paribas Health And Wellness Fund Regular Growth,https://www.dezerv.in/mutual-funds/baroda-bnp-paribas-health-and-wellness-fund-regular-growth-inf251k01uy7/
Baroda Bnp Paribas Income Plus Arbitrage Active Fund Of Fund Direct Growth,https://www.dezerv.in/mutual-funds/baroda-bnp-paribas-income-plus-arbitrage-active-fund-of-fund-direct-growth-inf251k01ut7/
Baroda Bnp Paribas Income Plus Arbitrage Active Fund Of Fund Regular Growth,https://www.dezerv.in/mutual-funds/baroda-bnp-paribas-income-plus-arbitrage-active-fund-of-fund-regular-growth-inf251k01ur1/
Baroda Bnp Paribas India Consumption Fund Direct Growth,https://www.dezerv.in/mutual-funds/baroda-bnp-paribas-india-consumption-fund-direct-growth-inf251k01pt7/
Baroda Bnp Paribas India Consumption Fund Regular Growth,https://www.dezerv.in/mutual-funds/baroda-bnp-paribas-india-consumption-fund-regular-growth-inf251k01pq3/
Baroda Bnp Paribas Innovation Fund Direct Growth,https://www.dezerv.in/mutual-funds/baroda-bnp-paribas-innovation-fund-direct-growth-inf251k01te1/
Baroda Bnp Paribas Innovation Fund Regular Growth,https://www.dezerv.in/mutual-funds/baroda-bnp-paribas-innovation-fund-regular-growth-inf251k01tb7/
Baroda Bnp Paribas Large Cap Fund Direct Growth,https://www.dezerv.in/mutual-funds/baroda-bnp-paribas-large-cap-fund-direct-growth-inf251k01hn7/
Baroda Bnp Paribas Large Cap Fund Regular Growth,https://www.dezerv.in/mutual-funds/baroda-bnp-paribas-large-cap-fund-regular-growth-inf251k01894/
Baroda Bnp Paribas Large Mid Cap Fund Direct Growth,https://www.dezerv.in/mutual-funds/baroda-bnp-paribas-large-mid-cap-fund-direct-growth-inf955l01ju2/
Baroda Bnp Paribas Large Mid Cap Fund Regular Growth,https://www.dezerv.in/mutual-funds/baroda-bnp-paribas-large-mid-cap-fund-regular-growth-inf955l01jr8/
Baroda Bnp Paribas Liquid Fund Direct Growth,https://www.dezerv.in/mutual-funds/baroda-bnp-paribas-liquid-fund-direct-growth-inf955l01al0/
Baroda Bnp Paribas Liquid Fund Regular Growth,https://www.dezerv.in/mutual-funds/baroda-bnp-paribas-liquid-fund-regular-growth-inf955l01484/
Baroda Bnp Paribas Low Duration Fund Direct Growth,https://www.dezerv.in/mutual-funds/baroda-bnp-paribas-low-duration-fund-direct-growth-inf251k01gj7/
Baroda Bnp Paribas Low Duration Fund Regular Growth,https://www.dezerv.in/mutual-funds/baroda-bnp-paribas-low-duration-fund-regular-growth-inf251k01dl0/
Baroda Bnp Paribas Manufacturing Fund Direct Growth,https://www.dezerv.in/mutual-funds/baroda-bnp-paribas-manufacturing-fund-direct-growth-inf251k01tp7/
Baroda Bnp Paribas Manufacturing Fund Regular Growth,https://www.dezerv.in/mutual-funds/baroda-bnp-paribas-manufacturing-fund-regular-growth-inf251k01tm4/
Baroda Bnp Paribas Medium Duration Fund Direct Growth,https://www.dezerv.in/mutual-funds/baroda-bnp-paribas-medium-duration-fund-direct-growth-inf251k01lu4/
Baroda Bnp Paribas Medium Duration Fund Regular Growth,https://www.dezerv.in/mutual-funds/baroda-bnp-paribas-medium-duration-fund-regular-growth-inf251k01lt6/
Baroda Bnp Paribas Mid Cap Fund Direct Growth,https://www.dezerv.in/mutual-funds/baroda-bnp-paribas-mid-cap-fund-direct-growth-inf251k01hq0/
Baroda Bnp Paribas Mid Cap Fund Regular Growth,https://www.dezerv.in/mutual-funds/baroda-bnp-paribas-mid-cap-fund-regular-growth-inf251k01aw3/
Baroda Bnp Paribas Money Market Fund Direct Growth,https://www.dezerv.in/mutual-funds/baroda-bnp-paribas-money-market-fund-direct-growth-inf955l01id0/
Baroda Bnp Paribas Money Market Fund Regular Growth,https://www.dezerv.in/mutual-funds/baroda-bnp-paribas-money-market-fund-regular-growth-inf955l01hy8/
Baroda Bnp Paribas Multi Asset Active Fund Of Funds Regular Growth,https://www.dezerv.in/mutual-funds/baroda-bnp-paribas-multi-asset-active-fund-of-funds-regular-growth-inf251k01um2/
Baroda Bnp Paribas Multi Asset Active Fund Of Funds Regular Growth,https://www.dezerv.in/mutual-funds/baroda-bnp-paribas-multi-asset-active-fund-of-funds-regular-growth-inf251k01uo8/
Baroda Bnp Paribas Multi Asset Fund Direct Growth,https://www.dezerv.in/mutual-funds/baroda-bnp-paribas-multi-asset-fund-direct-growth-inf251k01rf2/
Baroda Bnp Paribas Multi Asset Fund Regular Growth,https://www.dezerv.in/mutual-funds/baroda-bnp-paribas-multi-asset-fund-regular-growth-inf251k01rc9/
Baroda Bnp Paribas Multi Cap Fund Direct Growth,https://www.dezerv.in/mutual-funds/baroda-bnp-paribas-multi-cap-fund-direct-growth-inf955l01ag0/
Baroda Bnp Paribas Multi Cap Fund Regular Growth,https://www.dezerv.in/mutual-funds/baroda-bnp-paribas-multi-cap-fund-regular-growth-inf955l01674/
Baroda Bnp Paribas Nifty 50 Index Fund Direct Growth,https://www.dezerv.in/mutual-funds/baroda-bnp-paribas-nifty-50-index-fund-direct-growth-inf251k01sy1/
Baroda Bnp Paribas Nifty 50 Index Fund Regular Growth,https://www.dezerv.in/mutual-funds/baroda-bnp-paribas-nifty-50-index-fund-regular-growth-inf251k01sv7/
Baroda Bnp Paribas Nifty Bank Etf,https://www.dezerv.in/mutual-funds/baroda-bnp-paribas-nifty-bank-etf-inf251k01tl6/
Baroda Bnp Paribas Nifty Midcap 150 Index Fund Direct Growth,https://www.dezerv.in/mutual-funds/baroda-bnp-paribas-nifty-midcap-150-index-fund-direct-growth-inf251k01ua7/
Baroda Bnp Paribas Nifty Midcap 150 Index Fund Regular Growth,https://www.dezerv.in/mutual-funds/baroda-bnp-paribas-nifty-midcap-150-index-fund-regular-growth-inf251k01ub5/
Baroda Bnp Paribas Nifty Sdl December 2026 Index Fund Direct Growth,https://www.dezerv.in/mutual-funds/baroda-bnp-paribas-nifty-sdl-december-2026-index-fund-direct-growth-inf251k01rl0/
Baroda Bnp Paribas Nifty Sdl December 2026 Index Fund Regular Growth,https://www.dezerv.in/mutual-funds/baroda-bnp-paribas-nifty-sdl-december-2026-index-fund-regular-growth-inf251k01ri6/
Baroda Bnp Paribas Nifty Sdl December 2028 Index Fund Direct Growth,https://www.dezerv.in/mutual-funds/baroda-bnp-paribas-nifty-sdl-december-2028-index-fund-direct-growth-inf251k01rr7/
Baroda Bnp Paribas Nifty Sdl December 2028 Index Fund Regular Growth,https://www.dezerv.in/mutual-funds/baroda-bnp-paribas-nifty-sdl-december-2028-index-fund-regular-growth-inf251k01ro4/
Baroda Bnp Paribas Nifty200 Momentum 30 Index Fund Direct Growth,https://www.dezerv.in/mutual-funds/baroda-bnp-paribas-nifty200-momentum-30-index-fund-direct-growth-inf251k01ty9/
Baroda Bnp Paribas Nifty200 Momentum 30 Index Fund Regular Growth,https://www.dezerv.in/mutual-funds/baroda-bnp-paribas-nifty200-momentum-30-index-fund-regular-growth-inf251k01tz6/
Baroda Bnp Paribas Overnight Fund Direct Growth,https://www.dezerv.in/mutual-funds/baroda-bnp-paribas-overnight-fund-direct-growth-inf955l01hv4/
Baroda Bnp Paribas Overnight Fund Regular Growth,https://www.dezerv.in/mutual-funds/baroda-bnp-paribas-overnight-fund-regular-growth-inf955l01hs0/
Baroda Bnp Paribas Retirement Fund Direct Growth,https://www.dezerv.in/mutual-funds/baroda-bnp-paribas-retirement-fund-direct-growth-inf251k01tj0/
Baroda Bnp Paribas Retirement Fund Regular Growth,https://www.dezerv.in/mutual-funds/baroda-bnp-paribas-retirement-fund-regular-growth-inf251k01th4/
Baroda Bnp Paribas Short Duration Fund Direct Growth,https://www.dezerv.in/mutual-funds/baroda-bnp-paribas-short-duration-fund-direct-growth-inf955l01bd5/
Baroda Bnp Paribas Short Duration Fund Regular Growth,https://www.dezerv.in/mutual-funds/baroda-bnp-paribas-short-duration-fund-regular-growth-inf955l01153/
Baroda Bnp Paribas Small Cap Fund Direct Growth,https://www.dezerv.in/mutual-funds/baroda-bnp-paribas-small-cap-fund-direct-growth-inf251k01sr5/
Baroda Bnp Paribas Small Cap Fund Regular Growth,https://www.dezerv.in/mutual-funds/baroda-bnp-paribas-small-cap-fund-regular-growth-inf251k01so2/
Baroda Bnp Paribas Ultra Short Duration Fund Direct Growth,https://www.dezerv.in/mutual-funds/baroda-bnp-paribas-ultra-short-duration-fund-direct-growth-inf955l01ha8/
Baroda Bnp Paribas Ultra Short Duration Fund Regular Growth,https://www.dezerv.in/mutual-funds/baroda-bnp-paribas-ultra-short-duration-fund-regular-growth-inf955l01gx2/
Baroda Bnp Paribas Value Fund Direct Growth,https://www.dezerv.in/mutual-funds/baroda-bnp-paribas-value-fund-direct-growth-inf251k01sd5/
Baroda Bnp Paribas Value Fund Regular Growth,https://www.dezerv.in/mutual-funds/baroda-bnp-paribas-value-fund-regular-growth-inf251k01sa1/
Bharat 22 Etf,https://www.dezerv.in/mutual-funds/bharat-22-etf-inf109kb15y7/
Bharat Bond Etf April 2025,https://www.dezerv.in/mutual-funds/bharat-bond-etf-april-2025-inf754k01ld3/
Bharat Bond Etf April 2030,https://www.dezerv.in/mutual-funds/bharat-bond-etf-april-2030-inf754k01ko2/
Bharat Bond Etf April 2031,https://www.dezerv.in/mutual-funds/bharat-bond-etf-april-2031-inf754k01le1/
Bharat Bond Etf April 2032,https://www.dezerv.in/mutual-funds/bharat-bond-etf-april-2032-inf754k01ob1/
Bharat Bond Etf April 2033,https://www.dezerv.in/mutual-funds/bharat-bond-etf-april-2033-inf754k01qx0/
Bharat Bond Etf Fof April 2032 Direct Growth,https://www.dezerv.in/mutual-funds/bharat-bond-etf-fof-april-2032-direct-growth-inf754k01ny5/
Bharat Bond Etf Fof April 2032 Regular Growth,https://www.dezerv.in/mutual-funds/bharat-bond-etf-fof-april-2032-regular-growth-inf754k01nv1/
Bharat Bond Etf Fof April 2033 Direct Growth,https://www.dezerv.in/mutual-funds/bharat-bond-etf-fof-april-2033-direct-growth-inf754k01rc2/
Bharat Bond Etf Fof April 2033 Regular Growth,https://www.dezerv.in/mutual-funds/bharat-bond-etf-fof-april-2033-regular-growth-inf754k01qy8/
Bharat Bond Fof April 2025 Direct Growth,https://www.dezerv.in/mutual-funds/bharat-bond-fof-april-2025-direct-growth-inf754k01li2/
Bharat Bond Fof April 2025 Regular Growth,https://www.dezerv.in/mutual-funds/bharat-bond-fof-april-2025-regular-growth-inf754k01lf8/
Bharat Bond Fof April 2030 Direct Growth,https://www.dezerv.in/mutual-funds/bharat-bond-fof-april-2030-direct-growth-inf754k01ky1/
Bharat Bond Fof April 2030 Regular Growth,https://www.dezerv.in/mutual-funds/bharat-bond-fof-april-2030-regular-growth-inf754k01kv7/
Bharat Bond Fof April 2031 Direct Growth,https://www.dezerv.in/mutual-funds/bharat-bond-fof-april-2031-direct-growth-inf754k01lo0/
Bharat Bond Fof April 2031 Regular Growth,https://www.dezerv.in/mutual-funds/bharat-bond-fof-april-2031-regular-growth-inf754k01ll6/
Canara Robeco Balanced Advantage Fund Direct Growth,https://www.dezerv.in/mutual-funds/canara-robeco-balanced-advantage-fund-direct-growth-inf760k01ld0/
Canara Robeco Balanced Advantage Fund Regular Growth,https://www.dezerv.in/mutual-funds/canara-robeco-balanced-advantage-fund-regular-growth-inf760k01la6/
Canara Robeco Banking And Financial Services Fund Direct Growth,https://www.dezerv.in/mutual-funds/canara-robeco-banking-and-financial-services-fund-direct-growth-inf760k01ln9/
Canara Robeco Banking And Financial Services Fund Regular Growth,https://www.dezerv.in/mutual-funds/canara-robeco-banking-and-financial-services-fund-regular-growth-inf760k01lm1/
Canara Robeco Banking And Psu Debt Fund Direct Growth,https://www.dezerv.in/mutual-funds/canara-robeco-banking-and-psu-debt-fund-direct-growth-inf760k01kc4/
Canara Robeco Banking And Psu Debt Fund Regular Growth,https://www.dezerv.in/mutual-funds/canara-robeco-banking-and-psu-debt-fund-regular-growth-inf760k01kf7/
Canara Robeco Bluechip Equity Fund Direct Growth,https://www.dezerv.in/mutual-funds/canara-robeco-bluechip-equity-fund-direct-growth-inf760k01fr2/
Canara Robeco Bluechip Equity Fund Regular Growth,https://www.dezerv.in/mutual-funds/canara-robeco-bluechip-equity-fund-regular-growth-inf760k01ar3/
Canara Robeco Conservative Hybrid Fund Direct Growth,https://www.dezerv.in/mutual-funds/canara-robeco-conservative-hybrid-fund-direct-growth-inf760k01gb4/
Canara Robeco Conservative Hybrid Fund Regular Growth,https://www.dezerv.in/mutual-funds/canara-robeco-conservative-hybrid-fund-regular-growth-inf760k01282/
Canara Robeco Consumer Trends Fund Direct Growth,https://www.dezerv.in/mutual-funds/canara-robeco-consumer-trends-fund-direct-growth-inf760k01du1/
Canara Robeco Consumer Trends Fund Regular Growth,https://www.dezerv.in/mutual-funds/canara-robeco-consumer-trends-fund-regular-growth-inf760k01241/
Canara Robeco Corporate Bond Fund Direct Growth,https://www.dezerv.in/mutual-funds/canara-robeco-corporate-bond-fund-direct-growth-inf760k01hb2/
Canara Robeco Corporate Bond Fund Regular Growth,https://www.dezerv.in/mutual-funds/canara-robeco-corporate-bond-fund-regular-growth-inf760k01gy6/
Canara Robeco Dynamic Bond Direct Growth,https://www.dezerv.in/mutual-funds/canara-robeco-dynamic-bond-direct-growth-inf760k01ec7/
Canara Robeco Dynamic Bond Regular Growth,https://www.dezerv.in/mutual-funds/canara-robeco-dynamic-bond-regular-growth-inf760k01449/
Canara Robeco Emerging Equities Direct Growth,https://www.dezerv.in/mutual-funds/canara-robeco-emerging-equities-direct-growth-inf760k01ei4/
Canara Robeco Emerging Equities Regular Growth,https://www.dezerv.in/mutual-funds/canara-robeco-emerging-equities-regular-growth-inf760k01167/
Canara Robeco Equity Hybrid Fund Direct Growth,https://www.dezerv.in/mutual-funds/canara-robeco-equity-hybrid-fund-direct-growth-inf760k01ez8/
Canara Robeco Equity Hybrid Fund Regular Growth,https://www.dezerv.in/mutual-funds/canara-robeco-equity-hybrid-fund-regular-growth-inf760k01050/
Canara Robeco Equity Taxsaver Fund Direct Growth,https://www.dezerv.in/mutual-funds/canara-robeco-equity-taxsaver-fund-direct-growth-inf760k01el8/
Canara Robeco Equity Taxsaver Fund Regular Growth,https://www.dezerv.in/mutual-funds/canara-robeco-equity-taxsaver-fund-regular-growth-inf760k01100/
Canara Robeco Flexi Cap Fund Direct Growth,https://www.dezerv.in/mutual-funds/canara-robeco-flexi-cap-fund-direct-growth-inf760k01ef0/
Canara Robeco Flexi Cap Fund Regular Growth,https://www.dezerv.in/mutual-funds/canara-robeco-flexi-cap-fund-regular-growth-inf760k01019/
Canara Robeco Focused Equity Fund Direct Growth,https://www.dezerv.in/mutual-funds/canara-robeco-focused-equity-fund-direct-growth-inf760k01jq6/
Canara Robeco Focused Equity Fund Regular Growth,https://www.dezerv.in/mutual-funds/canara-robeco-focused-equity-fund-regular-growth-inf760k01jt0/
Canara Robeco Gilt Fund Direct Growth,https://www.dezerv.in/mutual-funds/canara-robeco-gilt-fund-direct-growth-inf760k01fc4/
Canara Robeco Gilt Fund Regular Growth,https://www.dezerv.in/mutual-funds/canara-robeco-gilt-fund-regular-growth-inf760k01ae1/
Canara Robeco Income Fund Direct Growth,https://www.dezerv.in/mutual-funds/canara-robeco-income-fund-direct-growth-inf760k01fi1/
Canara Robeco Income Fund Regular Growth,https://www.dezerv.in/mutual-funds/canara-robeco-income-fund-regular-growth-inf760k01324/
Canara Robeco Infrastructure Direct Growth,https://www.dezerv.in/mutual-funds/canara-robeco-infrastructure-direct-growth-inf760k01fo9/
Canara Robeco Infrastructure Regular Growth,https://www.dezerv.in/mutual-funds/canara-robeco-infrastructure-regular-growth-inf760k01274/
Canara Robeco Liquid Fund Direct Growth,https://www.dezerv.in/mutual-funds/canara-robeco-liquid-fund-direct-growth-inf760k01fu6/
Canara Robeco Liquid Fund Regular Growth,https://www.dezerv.in/mutual-funds/canara-robeco-liquid-fund-regular-growth-inf760k01cw9/
Canara Robeco Manufacturing Fund Direct Growth,https://www.dezerv.in/mutual-funds/canara-robeco-manufacturing-fund-direct-growth-inf760k01kz5/
Canara Robeco Manufacturing Fund Regular Growth,https://www.dezerv.in/mutual-funds/canara-robeco-manufacturing-fund-regular-growth-inf760k01ku6/
Canara Robeco Mid Cap Fund Direct Growth,https://www.dezerv.in/mutual-funds/canara-robeco-mid-cap-fund-direct-growth-inf760k01ki1/
Canara Robeco Mid Cap Fund Regular Growth,https://www.dezerv.in/mutual-funds/canara-robeco-mid-cap-fund-regular-growth-inf760k01kl5/
Canara Robeco Multi Asset Allocation Fund Direct Growth,https://www.dezerv.in/mutual-funds/canara-robeco-multi-asset-allocation-fund-direct-growth-inf760k01lh1/
Canara Robeco Multi Asset Allocation Fund Regular Growth,https://www.dezerv.in/mutual-funds/canara-robeco-multi-asset-allocation-fund-regular-growth-inf760k01lg3/
Canara Robeco Multi Cap Fund Direct Growth,https://www.dezerv.in/mutual-funds/canara-robeco-multi-cap-fund-direct-growth-inf760k01ko9/
Canara Robeco Multi Cap Fund Regular Growth,https://www.dezerv.in/mutual-funds/canara-robeco-multi-cap-fund-regular-growth-inf760k01kr2/
Canara Robeco Overnight Fund Direct Growth,https://www.dezerv.in/mutual-funds/canara-robeco-overnight-fund-direct-growth-inf760k01jm5/
Canara Robeco Overnight Fund Regular Growth,https://www.dezerv.in/mutual-funds/canara-robeco-overnight-fund-regular-growth-inf760k01jo1/
Canara Robeco Savings Fund Direct Growth,https://www.dezerv.in/mutual-funds/canara-robeco-savings-fund-direct-growth-inf760k01et1/
Canara Robeco Savings Fund Regular Growth,https://www.dezerv.in/mutual-funds/canara-robeco-savings-fund-regular-growth-inf760k01795/
Canara Robeco Short Duration Fund Direct Growth,https://www.dezerv.in/mutual-funds/canara-robeco-short-duration-fund-direct-growth-inf760k01dx5/
Canara Robeco Short Duration Fund Regular Growth,https://www.dezerv.in/mutual-funds/canara-robeco-short-duration-fund-regular-growth-inf760k01bm2/
Canara Robeco Small Cap Fund Direct Growth,https://www.dezerv.in/mutual-funds/canara-robeco-small-cap-fund-direct-growth-inf760k01jc6/
Canara Robeco Small Cap Fund Regular Growth,https://www.dezerv.in/mutual-funds/canara-robeco-small-cap-fund-regular-growth-inf760k01jf9/
Canara Robeco Ultra Short Term Fund Direct Growth,https://www.dezerv.in/mutual-funds/canara-robeco-ultra-short-term-fund-direct-growth-inf760k01gm1/
Canara Robeco Ultra Short Term Fund Regular Growth,https://www.dezerv.in/mutual-funds/canara-robeco-ultra-short-term-fund-regular-growth-inf760k01dc9/
Canara Robeco Value Fund Direct Growth,https://www.dezerv.in/mutual-funds/canara-robeco-value-fund-direct-growth-inf760k01jw4/
Canara Robeco Value Fund Regular Growth,https://www.dezerv.in/mutual-funds/canara-robeco-value-fund-regular-growth-inf760k01jz7/
Capitalmind Arbitrage Fund Direct Growth,https://www.dezerv.in/mutual-funds/capitalmind-arbitrage-fund-direct-growth-inf226401117/
Capitalmind Arbitrage Fund Regular Growth,https://www.dezerv.in/mutual-funds/capitalmind-arbitrage-fund-regular-growth-inf226401141/
Capitalmind Flexi Cap Fund Direct Growth,https://www.dezerv.in/mutual-funds/capitalmind-flexi-cap-fund-direct-growth-inf226401018/
Capitalmind Flexi Cap Fund Regular Growth,https://www.dezerv.in/mutual-funds/capitalmind-flexi-cap-fund-regular-growth-inf226401026/
Capitalmind Liquid Fund Direct Growth,https://www.dezerv.in/mutual-funds/capitalmind-liquid-fund-direct-growth-inf226401034/
Capitalmind Liquid Fund Regular Growth,https://www.dezerv.in/mutual-funds/capitalmind-liquid-fund-regular-growth-inf226401042/
Capitalmind Multi Asset Allocation Fund Direct Growth,https://www.dezerv.in/mutual-funds/capitalmind-multi-asset-allocation-fund-direct-growth-inf226401059/
Capitalmind Multi Asset Allocation Fund Regular Growth,https://www.dezerv.in/mutual-funds/capitalmind-multi-asset-allocation-fund-regular-growth-inf226401083/
Choice Gold Etf,https://www.dezerv.in/mutual-funds/choice-gold-etf-inf2kcx01012/
Choice Nifty 50 Index Fund Direct Growth,https://www.dezerv.in/mutual-funds/choice-nifty-50-index-fund-direct-growth-inf2kcx01020/
Choice Nifty 50 Index Fund Regular Growth,https://www.dezerv.in/mutual-funds/choice-nifty-50-index-fund-regular-growth-inf2kcx01038/
Choice Nifty Next 50 Index Fund Direct Growth,https://www.dezerv.in/mutual-funds/choice-nifty-next-50-index-fund-direct-growth-inf2kcx01046/
Choice Nifty Next 50 Index Fund Regular Growth,https://www.dezerv.in/mutual-funds/choice-nifty-next-50-index-fund-regular-growth-inf2kcx01053/
Cpse Etf,https://www.dezerv.in/mutual-funds/cpse-etf-inf457m01133/
Diviniti Equity Long Short Fund Direct Growth,https://www.dezerv.in/mutual-funds/diviniti-equity-long-short-fund-direct-growth-inf00xx30043/
Diviniti Equity Long Short Fund Regular Growth,https://www.dezerv.in/mutual-funds/diviniti-equity-long-short-fund-regular-growth-inf00xx30019/
Dsp 10Y G Sec Fund Direct Growth,https://www.dezerv.in/mutual-funds/dsp-10y-g-sec-fund-direct-growth-inf740k019i5/
Dsp 10Y G Sec Fund Regular Growth,https://www.dezerv.in/mutual-funds/dsp-10y-g-sec-fund-regular-growth-inf740k012i0/
Dsp Arbitrage Fund Direct Growth,https://www.dezerv.in/mutual-funds/dsp-arbitrage-fund-direct-growth-inf740ka1dn4/
Dsp Arbitrage Fund Regular Growth,https://www.dezerv.in/mutual-funds/dsp-arbitrage-fund-regular-growth-inf740ka1di4/
Dsp Banking Financial Services Fund Direct Growth,https://www.dezerv.in/mutual-funds/dsp-banking-financial-services-fund-direct-growth-inf740ka1tq3/
Dsp Banking Financial Services Fund Regular Growth,https://www.dezerv.in/mutual-funds/dsp-banking-financial-services-fund-regular-growth-inf740ka1tn0/
Dsp Banking Psu Debt Fund Direct Growth,https://www.dezerv.in/mutual-funds/dsp-banking-psu-debt-fund-direct-growth-inf740k01zw2/
Dsp Banking Psu Debt Fund Regular Growth,https://www.dezerv.in/mutual-funds/dsp-banking-psu-debt-fund-regular-growth-inf740k01zp6/
Dsp Bfsi Next Index Fund Direct Growth,https://www.dezerv.in/mutual-funds/dsp-bfsi-next-index-fund-direct-growth-inf740ka1la4/
Dsp Bond Fund Direct Growth,https://www.dezerv.in/mutual-funds/dsp-bond-fund-direct-growth-inf740k01mz3/
Dsp Bond Fund Regular Growth,https://www.dezerv.in/mutual-funds/dsp-bond-fund-regular-growth-inf740k01557/
Dsp Bse Sensex Next 30 Etf,https://www.dezerv.in/mutual-funds/dsp-bse-sensex-next-30-etf-inf740ka1ve5/
Dsp Bse Sensex Next 30 Index Fund Direct Growth,https://www.dezerv.in/mutual-funds/dsp-bse-sensex-next-30-index-fund-direct-growth-inf740ka1vb1/
Dsp Bse Sensex Next 30 Index Fund Regular Growth,https://www.dezerv.in/mutual-funds/dsp-bse-sensex-next-30-index-fund-regular-growth-inf740ka1uy5/
Dsp Bse Top 10 Banks Etf,https://www.dezerv.in/mutual-funds/dsp-bse-top-10-banks-etf-inf740ka1yh2/
Dsp Business Cycle Fund Direct Growth,https://www.dezerv.in/mutual-funds/dsp-business-cycle-fund-direct-growth-inf740ka1ux7/
Dsp Business Cycle Fund Regular Growth,https://www.dezerv.in/mutual-funds/dsp-business-cycle-fund-regular-growth-inf740ka1us7/
Dsp Corporate Bond Fund Direct Growth,https://www.dezerv.in/mutual-funds/dsp-corporate-bond-fund-direct-growth-inf740ka1ke8/
Dsp Corporate Bond Fund Regular Growth,https://www.dezerv.in/mutual-funds/dsp-corporate-bond-fund-regular-growth-inf740ka1jx0/
Dsp Credit Risk Fund Direct Growth,https://www.dezerv.in/mutual-funds/dsp-credit-risk-fund-direct-growth-inf740k01os4/
Dsp Credit Risk Fund Regular Growth,https://www.dezerv.in/mutual-funds/dsp-credit-risk-fund-regular-growth-inf740k01599/
Dsp Crisil Sdl Plus G Sec Apr 2033 50 50 Index Fund Direct Growth,https://www.dezerv.in/mutual-funds/dsp-crisil-sdl-plus-g-sec-apr-2033-50-50-index-fund-direct-growth-inf740ka1sb7/
Dsp Crisil Sdl Plus G Sec Apr 2033 50 50 Index Fund Regular Growth,https://www.dezerv.in/mutual-funds/dsp-crisil-sdl-plus-g-sec-apr-2033-50-50-index-fund-regular-growth-inf740ka1ry1/
Dsp Dynamic Asset Allocation Fund Direct Growth,https://www.dezerv.in/mutual-funds/dsp-dynamic-asset-allocation-fund-direct-growth-inf740k01k81/
Dsp Dynamic Asset Allocation Fund Regular Growth,https://www.dezerv.in/mutual-funds/dsp-dynamic-asset-allocation-fund-regular-growth-inf740k01k57/
Dsp Equity Bond Fund Direct Growth,https://www.dezerv.in/mutual-funds/dsp-equity-bond-fund-direct-growth-inf740k01ny4/
Dsp Equity Bond Fund Regular Growth,https://www.dezerv.in/mutual-funds/dsp-equity-bond-fund-regular-growth-inf740k01318/
Dsp Equity Opportunities Fund Direct Growth,https://www.dezerv.in/mutual-funds/dsp-equity-opportunities-fund-direct-growth-inf740k01pl6/
Dsp Equity Opportunities Fund Regular Growth,https://www.dezerv.in/mutual-funds/dsp-equity-opportunities-fund-regular-growth-inf740k01094/
Dsp Equity Savings Fund Direct Growth,https://www.dezerv.in/mutual-funds/dsp-equity-savings-fund-direct-growth-inf740ka1504/
Dsp Equity Savings Fund Regular Growth,https://www.dezerv.in/mutual-funds/dsp-equity-savings-fund-regular-growth-inf740ka1439/
Dsp Fixed Maturity Plan Series 270 1144 Days Direct Growth,https://www.dezerv.in/mutual-funds/dsp-fixed-maturity-plan-series-270-1144-days-direct-growth-inf740ka1sn2/
Dsp Fixed Maturity Plan Series 270 1144 Days Regular Growth,https://www.dezerv.in/mutual-funds/dsp-fixed-maturity-plan-series-270-1144-days-regular-growth-inf740ka1sk8/
Dsp Fixed Maturity Plan Series 277 789 Days Direct Growth,https://www.dezerv.in/mutual-funds/dsp-fixed-maturity-plan-series-277-789-days-direct-growth-inf740ka1xp7/
Dsp Fixed Maturity Plan Series 277 789 Days Regular Growth,https://www.dezerv.in/mutual-funds/dsp-fixed-maturity-plan-series-277-789-days-regular-growth-inf740ka1xl6/
Dsp Flexi Cap Fund Direct Growth,https://www.dezerv.in/mutual-funds/dsp-flexi-cap-fund-direct-growth-inf740k01pi2/
Dsp Flexi Cap Fund Regular Growth,https://www.dezerv.in/mutual-funds/dsp-flexi-cap-fund-regular-growth-inf740k01037/
Dsp Floater Fund Direct Growth,https://www.dezerv.in/mutual-funds/dsp-floater-fund-direct-growth-inf740ka1pv1/
Dsp Floater Fund Regular Growth,https://www.dezerv.in/mutual-funds/dsp-floater-fund-regular-growth-inf740ka1ps7/
Dsp Fmp Series 252 38 Month Direct Growth,https://www.dezerv.in/mutual-funds/dsp-fmp-series-252-38-month-direct-growth-inf740ka1nk9/
Dsp Fmp Series 252 38 Month Regular Growth,https://www.dezerv.in/mutual-funds/dsp-fmp-series-252-38-month-regular-growth-inf740ka1nh5/
Dsp Fmp Series 261 37 Month Direct Growth,https://www.dezerv.in/mutual-funds/dsp-fmp-series-261-37-month-direct-growth-inf740ka1pj6/
Dsp Fmp Series 261 37 Month Regular Growth,https://www.dezerv.in/mutual-funds/dsp-fmp-series-261-37-month-regular-growth-inf740ka1pg2/
Dsp Fmp Series 264 60M 17D Direct Growth,https://www.dezerv.in/mutual-funds/dsp-fmp-series-264-60m-17d-direct-growth-inf740ka1qh8/
Dsp Fmp Series 264 60M 17D Regular Growth,https://www.dezerv.in/mutual-funds/dsp-fmp-series-264-60m-17d-regular-growth-inf740ka1qe5/
Dsp Fmp Series 267 1246 Days Direct Growth,https://www.dezerv.in/mutual-funds/dsp-fmp-series-267-1246-days-direct-growth-inf740ka1ri4/
Dsp Fmp Series 267 1246 Days Regular Growth,https://www.dezerv.in/mutual-funds/dsp-fmp-series-267-1246-days-regular-growth-inf740ka1rf0/
Dsp Fmp Series 268 1281 Days Direct Growth,https://www.dezerv.in/mutual-funds/dsp-fmp-series-268-1281-days-direct-growth-inf740ka1ro2/
Dsp Fmp Series 268 1281 Days Regular Growth,https://www.dezerv.in/mutual-funds/dsp-fmp-series-268-1281-days-regular-growth-inf740ka1rl8/
Dsp Focus Fund Direct Growth,https://www.dezerv.in/mutual-funds/dsp-focus-fund-direct-growth-inf740k01ob0/
Dsp Focus Fund Regular Growth,https://www.dezerv.in/mutual-funds/dsp-focus-fund-regular-growth-inf740k01532/
Dsp Global Allocation Fund Direct Growth,https://www.dezerv.in/mutual-funds/dsp-global-allocation-fund-direct-growth-inf740k01z50/
Dsp Global Allocation Fund Regular Growth,https://www.dezerv.in/mutual-funds/dsp-global-allocation-fund-regular-growth-inf740k01z27/
Dsp Global Innovation Fund Of Fund Direct Growth,https://www.dezerv.in/mutual-funds/dsp-global-innovation-fund-of-fund-direct-growth-inf740ka1qp1/
Dsp Global Innovation Fund Of Fund Regular Growth,https://www.dezerv.in/mutual-funds/dsp-global-innovation-fund-of-fund-regular-growth-inf740ka1qm8/
Dsp Gold Etf Fund Of Fund Direct Growth,https://www.dezerv.in/mutual-funds/dsp-gold-etf-fund-of-fund-direct-growth-inf740ka1tk6/
Dsp Gold Etf Fund Of Fund Regular Growth,https://www.dezerv.in/mutual-funds/dsp-gold-etf-fund-of-fund-regular-growth-inf740ka1th2/
Dsp Gold Etf,https://www.dezerv.in/mutual-funds/dsp-gold-etf-inf740ka1sw3/
Dsp Government Securities Direct Growth,https://www.dezerv.in/mutual-funds/dsp-government-securities-direct-growth-inf740k01nf3/
Dsp Government Securities Regular Growth,https://www.dezerv.in/mutual-funds/dsp-government-securities-regular-growth-inf740k01615/
Dsp Healthcare Fund Direct Growth,https://www.dezerv.in/mutual-funds/dsp-healthcare-fund-direct-growth-inf740ka1lg1/
Dsp Healthcare Fund Regular Growth,https://www.dezerv.in/mutual-funds/dsp-healthcare-fund-regular-growth-inf740ka1ld8/
Dsp India Tiger Fund Direct Growth,https://www.dezerv.in/mutual-funds/dsp-india-tiger-fund-direct-growth-inf740k01pu7/
Dsp India Tiger Fund Regular Growth,https://www.dezerv.in/mutual-funds/dsp-india-tiger-fund-regular-growth-inf740k01151/
Dsp Liquidity Fund Direct Growth,https://www.dezerv.in/mutual-funds/dsp-liquidity-fund-direct-growth-inf740k01ql4/
Dsp Liquidity Fund Regular Growth,https://www.dezerv.in/mutual-funds/dsp-liquidity-fund-regular-growth-inf740k01fk9/
Dsp Low Duration Fund Direct Growth,https://www.dezerv.in/mutual-funds/dsp-low-duration-fund-direct-growth-inf740k013q1/
Dsp Low Duration Fund Regular Growth,https://www.dezerv.in/mutual-funds/dsp-low-duration-fund-regular-growth-inf740k018p2/
Dsp Midcap Fund Direct Growth,https://www.dezerv.in/mutual-funds/dsp-midcap-fund-direct-growth-inf740k01px1/
Dsp Midcap Fund Regular Growth,https://www.dezerv.in/mutual-funds/dsp-midcap-fund-regular-growth-inf740k01128/
Dsp Msci India Etf,https://www.dezerv.in/mutual-funds/dsp-msci-india-etf-inf740ka1wv7/
Dsp Multi Asset Allocation Fund Direct Growth,https://www.dezerv.in/mutual-funds/dsp-multi-asset-allocation-fund-direct-growth-inf740ka1te9/
Dsp Multi Asset Allocation Fund Regular Growth,https://www.dezerv.in/mutual-funds/dsp-multi-asset-allocation-fund-regular-growth-inf740ka1tb5/
Dsp Multi Asset Omni Fund Of Funds Direct Growth,https://www.dezerv.in/mutual-funds/dsp-multi-asset-omni-fund-of-funds-direct-growth-inf740ka1ye9/
Dsp Multi Asset Omni Fund Of Funds Regular Growth,https://www.dezerv.in/mutual-funds/dsp-multi-asset-omni-fund-of-funds-regular-growth-inf740ka1yb5/
Dsp Multicap Fund Direct Growth,https://www.dezerv.in/mutual-funds/dsp-multicap-fund-direct-growth-inf740ka1uc1/
Dsp Multicap Fund Regular Growth,https://www.dezerv.in/mutual-funds/dsp-multicap-fund-regular-growth-inf740ka1tz4/
Dsp Natural Resource New Energy Fund Direct Growth,https://www.dezerv.in/mutual-funds/dsp-natural-resource-new-energy-fund-direct-growth-inf740k01qa7/
Dsp Natural Resource New Energy Fund Regular Growth,https://www.dezerv.in/mutual-funds/dsp-natural-resource-new-energy-fund-regular-growth-inf740k01060/
Dsp Nifty 1D Rate Liquid Etf,https://www.dezerv.in/mutual-funds/dsp-nifty-1d-rate-liquid-etf-inf740ka1eu7/
Dsp Nifty 50 Equal Weight Etf,https://www.dezerv.in/mutual-funds/dsp-nifty-50-equal-weight-etf-inf740ka1qk2/
Dsp Nifty 50 Equal Weight Index Fund Direct Growth,https://www.dezerv.in/mutual-funds/dsp-nifty-50-equal-weight-index-fund-direct-growth-inf740ka1cr7/
Dsp Nifty 50 Equal Weight Index Fund Regular Growth,https://www.dezerv.in/mutual-funds/dsp-nifty-50-equal-weight-index-fund-regular-growth-inf740ka1co4/
Dsp Nifty 50 Etf,https://www.dezerv.in/mutual-funds/dsp-nifty-50-etf-inf740ka1cl0/
Dsp Nifty 50 Index Fund Direct Growth,https://www.dezerv.in/mutual-funds/dsp-nifty-50-index-fund-direct-growth-inf740ka1mm7/
Dsp Nifty 50 Index Fund Regular Growth,https://www.dezerv.in/mutual-funds/dsp-nifty-50-index-fund-regular-growth-inf740ka1mj3/
Dsp Nifty 500 Index Fund Direct Growth,https://www.dezerv.in/mutual-funds/dsp-nifty-500-index-fund-direct-growth-inf740ka1xy9/
Dsp Nifty 500 Index Fund Regular Growth,https://www.dezerv.in/mutual-funds/dsp-nifty-500-index-fund-regular-growth-inf740ka1xv5/
Dsp Nifty Bank Etf,https://www.dezerv.in/mutual-funds/dsp-nifty-bank-etf-inf740ka1rx3/
Dsp Nifty Bank Index Fund Direct Growth,https://www.dezerv.in/mutual-funds/dsp-nifty-bank-index-fund-direct-growth-inf740ka1uo6/
Dsp Nifty Bank Index Fund Regular Growth,https://www.dezerv.in/mutual-funds/dsp-nifty-bank-index-fund-regular-growth-inf740ka1un8/
Dsp Nifty Healthcare Etf Regular Growth,https://www.dezerv.in/mutual-funds/dsp-nifty-healthcare-etf-regular-growth-inf740ka1uf4/
Dsp Nifty Healthcare Index Fund Direct Growth,https://www.dezerv.in/mutual-funds/dsp-nifty-healthcare-index-fund-direct-growth-inf740ka1wf0/
Dsp Nifty Healthcare Index Fund Regular Growth,https://www.dezerv.in/mutual-funds/dsp-nifty-healthcare-index-fund-regular-growth-inf740ka1wc7/
Dsp Nifty It Etf,https://www.dezerv.in/mutual-funds/dsp-nifty-it-etf-inf740ka1sx1/
Dsp Nifty It Index Fund Direct Growth,https://www.dezerv.in/mutual-funds/dsp-nifty-it-index-fund-direct-growth-inf740ka1wl8/
Dsp Nifty It Index Fund Regular Growth,https://www.dezerv.in/mutual-funds/dsp-nifty-it-index-fund-regular-growth-inf740ka1wi4/
Dsp Nifty Midcap 150 Etf,https://www.dezerv.in/mutual-funds/dsp-nifty-midcap-150-etf-inf740ka1ww5/
Dsp Nifty Midcap 150 Index Fund Direct Growth,https://www.dezerv.in/mutual-funds/dsp-nifty-midcap-150-index-fund-direct-growth-inf740ka1xb7/
Dsp Nifty Midcap 150 Index Fund Regular Growth,https://www.dezerv.in/mutual-funds/dsp-nifty-midcap-150-index-fund-regular-growth-inf740ka1wy1/
Dsp Nifty Midcap 150 Quality 50 Etf,https://www.dezerv.in/mutual-funds/dsp-nifty-midcap-150-quality-50-etf-inf740ka1ql0/
Dsp Nifty Midcap 150 Quality 50 Index Fund Direct Growth,https://www.dezerv.in/mutual-funds/dsp-nifty-midcap-150-quality-50-index-fund-direct-growth-inf740ka1rb9/
Dsp Nifty Midcap 150 Quality 50 Index Fund Regular Growth,https://www.dezerv.in/mutual-funds/dsp-nifty-midcap-150-quality-50-index-fund-regular-growth-inf740ka1qy3/
Dsp Nifty Next 50 Etf,https://www.dezerv.in/mutual-funds/dsp-nifty-next-50-etf-inf740ka1xu7/
Dsp Nifty Next 50 Index Fund Direct Growth,https://www.dezerv.in/mutual-funds/dsp-nifty-next-50-index-fund-direct-growth-inf740ka1mg9/
Dsp Nifty Next 50 Index Fund Regular Growth,https://www.dezerv.in/mutual-funds/dsp-nifty-next-50-index-fund-regular-growth-inf740ka1md6/
Dsp Nifty Private Bank Etf,https://www.dezerv.in/mutual-funds/dsp-nifty-private-bank-etf-inf740ka1ta7/
Dsp Nifty Private Bank Index Fund Direct Growth,https://www.dezerv.in/mutual-funds/dsp-nifty-private-bank-index-fund-direct-growth-inf740ka1vn6/
Dsp Nifty Private Bank Index Fund Regular Growth,https://www.dezerv.in/mutual-funds/dsp-nifty-private-bank-index-fund-regular-growth-inf740ka1vk2/
Dsp Nifty Psu Bank Etf,https://www.dezerv.in/mutual-funds/dsp-nifty-psu-bank-etf-inf740ka1sy9/
Dsp Nifty Sdl Plus G Sec Jun 2028 30 70 Index Fund Direct Growth,https://www.dezerv.in/mutual-funds/dsp-nifty-sdl-plus-g-sec-jun-2028-30-70-index-fund-direct-growth-inf740ka1qv9/
Dsp Nifty Sdl Plus G Sec Jun 2028 30 70 Index Fund Regular Growth,https://www.dezerv.in/mutual-funds/dsp-nifty-sdl-plus-g-sec-jun-2028-30-70-index-fund-regular-growth-inf740ka1qs5/
Dsp Nifty Sdl Plus G Sec Sep 2027 50 50 Index Fund Direct Growth,https://www.dezerv.in/mutual-funds/dsp-nifty-sdl-plus-g-sec-sep-2027-50-50-index-fund-direct-growth-inf740ka1sh4/
Dsp Nifty Sdl Plus G Sec Sep 2027 50 50 Index Fund Regular Growth,https://www.dezerv.in/mutual-funds/dsp-nifty-sdl-plus-g-sec-sep-2027-50-50-index-fund-regular-growth-inf740ka1se1/
Dsp Nifty Smallcap 250 Etf,https://www.dezerv.in/mutual-funds/dsp-nifty-smallcap-250-etf-inf740ka1wx3/
Dsp Nifty Smallcap 250 Index Fund Direct Growth,https://www.dezerv.in/mutual-funds/dsp-nifty-smallcap-250-index-fund-direct-growth-inf740ka1xh4/
Dsp Nifty Smallcap 250 Index Fund Regular Growth,https://www.dezerv.in/mutual-funds/dsp-nifty-smallcap-250-index-fund-regular-growth-inf740ka1xe1/
Dsp Nifty Smallcap250 Quality 50 Index Fund Direct Growth,https://www.dezerv.in/mutual-funds/dsp-nifty-smallcap250-quality-50-index-fund-direct-growth-inf740ka1tw1/
Dsp Nifty Smallcap250 Quality 50 Index Fund Regular Growth,https://www.dezerv.in/mutual-funds/dsp-nifty-smallcap250-quality-50-index-fund-regular-growth-inf740ka1tt7/
Dsp Nifty Top 10 Equal Weight Etf,https://www.dezerv.in/mutual-funds/dsp-nifty-top-10-equal-weight-etf-inf740ka1ur9/
Dsp Nifty Top 10 Equal Weight Index Fund Direct Growth,https://www.dezerv.in/mutual-funds/dsp-nifty-top-10-equal-weight-index-fund-direct-growth-inf740ka1uq1/
Dsp Nifty Top 10 Equal Weight Index Fund Regular Growth,https://www.dezerv.in/mutual-funds/dsp-nifty-top-10-equal-weight-index-fund-regular-growth-inf740ka1up3/
Dsp Nifty500 Flexicap Quality 30 Etf,https://www.dezerv.in/mutual-funds/dsp-nifty500-flexicap-quality-30-etf-inf740ka1wu9/
Dsp Nifty500 Flexicap Quality 30 Index Fund Direct Growth,https://www.dezerv.in/mutual-funds/dsp-nifty500-flexicap-quality-30-index-fund-direct-growth-inf740ka1wr5/
Dsp Nifty500 Flexicap Quality 30 Index Fund Regular Growth,https://www.dezerv.in/mutual-funds/dsp-nifty500-flexicap-quality-30-index-fund-regular-growth-inf740ka1wo2/
Dsp Overnight Fund Direct Growth,https://www.dezerv.in/mutual-funds/dsp-overnight-fund-direct-growth-inf740ka1mc8/
Dsp Overnight Fund Regular Growth,https://www.dezerv.in/mutual-funds/dsp-overnight-fund-regular-growth-inf740ka1mb0/
Dsp Quant Fund Direct Growth,https://www.dezerv.in/mutual-funds/dsp-quant-fund-direct-growth-inf740ka1nq6/
Dsp Quant Fund Regular Growth,https://www.dezerv.in/mutual-funds/dsp-quant-fund-regular-growth-inf740ka1nn3/
Dsp Regular Saving Fund Direct Growth,https://www.dezerv.in/mutual-funds/dsp-regular-saving-fund-direct-growth-inf740k01no5/
Dsp Regular Saving Fund Regular Growth,https://www.dezerv.in/mutual-funds/dsp-regular-saving-fund-regular-growth-inf740k01441/
Dsp S P Bse Liquid Rate Etf,https://www.dezerv.in/mutual-funds/dsp-s-p-bse-liquid-rate-etf-inf740ka1um0/
Dsp S P Bse Sensex Etf,https://www.dezerv.in/mutual-funds/dsp-s-p-bse-sensex-etf-inf740ka1sz6/
Dsp Savings Fund Direct Growth,https://www.dezerv.in/mutual-funds/dsp-savings-fund-direct-growth-inf740k01nu2/
Dsp Savings Fund Regular Growth,https://www.dezerv.in/mutual-funds/dsp-savings-fund-regular-growth-inf740k01714/
Dsp Short Term Fund Direct Growth,https://www.dezerv.in/mutual-funds/dsp-short-term-fund-direct-growth-inf740k01nj5/
Dsp Short Term Fund Regular Growth,https://www.dezerv.in/mutual-funds/dsp-short-term-fund-regular-growth-inf740k01656/
Dsp Silver Etf Fund Of Fund Direct Growth,https://www.dezerv.in/mutual-funds/dsp-silver-etf-fund-of-fund-direct-growth-inf740ka1vz0/
Dsp Silver Etf Fund Of Fund Regular Growth,https://www.dezerv.in/mutual-funds/dsp-silver-etf-fund-of-fund-regular-growth-inf740ka1vw7/
Dsp Silver Etf,https://www.dezerv.in/mutual-funds/dsp-silver-etf-inf740ka1re3/
Dsp Small Cap Fund Direct Growth,https://www.dezerv.in/mutual-funds/dsp-small-cap-fund-direct-growth-inf740k01qd1/
Dsp Small Cap Fund Regular Growth,https://www.dezerv.in/mutual-funds/dsp-small-cap-fund-regular-growth-inf740k01797/
Dsp Strategic Bond Fund Direct Growth,https://www.dezerv.in/mutual-funds/dsp-strategic-bond-fund-direct-growth-inf740k01qg4/
Dsp Strategic Bond Fund Regular Growth,https://www.dezerv.in/mutual-funds/dsp-strategic-bond-fund-regular-growth-inf740k01gk7/
Dsp Tax Saver Fund Direct Growth,https://www.dezerv.in/mutual-funds/dsp-tax-saver-fund-direct-growth-inf740k01ok1/
Dsp Tax Saver Fund Regular Growth,https://www.dezerv.in/mutual-funds/dsp-tax-saver-fund-regular-growth-inf740k01185/
Dsp Top 100 Equity Fund Direct Growth,https://www.dezerv.in/mutual-funds/dsp-top-100-equity-fund-direct-growth-inf740k01pr3/
Dsp Top 100 Equity Fund Regular Growth,https://www.dezerv.in/mutual-funds/dsp-top-100-equity-fund-regular-growth-inf740k01243/
Dsp Ultra Short Fund Direct Growth,https://www.dezerv.in/mutual-funds/dsp-ultra-short-fund-direct-growth-inf740k01on5/
Dsp Ultra Short Fund Regular Growth,https://www.dezerv.in/mutual-funds/dsp-ultra-short-fund-regular-growth-inf740k01qq3/
Dsp Us Flexible Equity Fund Direct Growth,https://www.dezerv.in/mutual-funds/dsp-us-flexible-equity-fund-direct-growth-inf740k01oh7/
Dsp Us Flexible Equity Fund Regular Growth,https://www.dezerv.in/mutual-funds/dsp-us-flexible-equity-fund-regular-growth-inf740k01lp6/
Dsp Us Treasury Fund Of Fund Direct Growth,https://www.dezerv.in/mutual-funds/dsp-us-treasury-fund-of-fund-direct-growth-inf740ka1uj6/
Dsp Us Treasury Fund Of Fund Regular Growth,https://www.dezerv.in/mutual-funds/dsp-us-treasury-fund-of-fund-regular-growth-inf740ka1ug2/
Dsp Value Fund Direct Growth,https://www.dezerv.in/mutual-funds/dsp-value-fund-direct-growth-inf740ka1pp3/
Dsp Value Fund Regular Growth,https://www.dezerv.in/mutual-funds/dsp-value-fund-regular-growth-inf740ka1pm0/
Dsp World Agriculture Direct Growth,https://www.dezerv.in/mutual-funds/dsp-world-agriculture-direct-growth-inf740k01oe4/
Dsp World Agriculture Regular Growth,https://www.dezerv.in/mutual-funds/dsp-world-agriculture-regular-growth-inf740k01ek2/
Dsp World Energy Direct Growth,https://www.dezerv.in/mutual-funds/dsp-world-energy-direct-growth-inf740k01pc5/
Dsp World Energy Regular Growth,https://www.dezerv.in/mutual-funds/dsp-world-energy-regular-growth-inf740k01284/
Dsp World Gold Fund Of Fund Direct Growth,https://www.dezerv.in/mutual-funds/dsp-world-gold-fund-of-fund-direct-growth-inf740k01oz9/
Dsp World Gold Fund Of Fund Regular Growth,https://www.dezerv.in/mutual-funds/dsp-world-gold-fund-of-fund-regular-growth-inf740k01250/
Dsp World Mining Direct Growth,https://www.dezerv.in/mutual-funds/dsp-world-mining-direct-growth-inf740k01pf8/
Dsp World Mining Regular Growth,https://www.dezerv.in/mutual-funds/dsp-world-mining-regular-growth-inf740k01730/
Dynasif Active Asset Allocator Long Short Fund Direct Growth,https://www.dezerv.in/mutual-funds/dynasif-active-asset-allocator-long-short-fund-direct-growth-inf579m30109/
Dynasif Active Asset Allocator Long Short Fund Regular Growth,https://www.dezerv.in/mutual-funds/dynasif-active-asset-allocator-long-short-fund-regular-growth-inf579m30075/
Dynasif Equity Long Short Fund Direct Growth,https://www.dezerv.in/mutual-funds/dynasif-equity-long-short-fund-direct-growth-inf579m30042/
Dynasif Equity Long Short Fund Regular Growth,https://www.dezerv.in/mutual-funds/dynasif-equity-long-short-fund-regular-growth-inf579m30018/
Edelweiss Aggressive Hybrid Fund Direct Growth,https://www.dezerv.in/mutual-funds/edelweiss-aggressive-hybrid-fund-direct-growth-inf754k01ce0/
Edelweiss Arbitrage Fund Direct Growth,https://www.dezerv.in/mutual-funds/edelweiss-arbitrage-fund-direct-growth-inf754k01ea4/
Edelweiss Arbitrage Fund Regular Growth,https://www.dezerv.in/mutual-funds/edelweiss-arbitrage-fund-regular-growth-inf754k01ef3/
Edelweiss Asean Equity Off Shore Direct Growth,https://www.dezerv.in/mutual-funds/edelweiss-asean-equity-off-shore-direct-growth-inf843k01aw7/
Edelweiss Asean Equity Off Shore Regular Growth,https://www.dezerv.in/mutual-funds/edelweiss-asean-equity-off-shore-regular-growth-inf843k01609/
Edelweiss Balanced Advantage Fund Direct Growth,https://www.dezerv.in/mutual-funds/edelweiss-balanced-advantage-fund-direct-growth-inf754k01bs2/
Edelweiss Balanced Advantage Fund Regular Growth,https://www.dezerv.in/mutual-funds/edelweiss-balanced-advantage-fund-regular-growth-inf754k01285/
Edelweiss Banking And Psu Debt Fund Direct Growth,https://www.dezerv.in/mutual-funds/edelweiss-banking-and-psu-debt-fund-direct-growth-inf843k01fc8/
Edelweiss Banking And Psu Debt Fund Regular Growth,https://www.dezerv.in/mutual-funds/edelweiss-banking-and-psu-debt-fund-regular-growth-inf843k01fk1/
Edelweiss Bse Capital Markets Insurance Etf,https://www.dezerv.in/mutual-funds/edelweiss-bse-capital-markets-insurance-etf-inf754k01tx4/
Edelweiss Bse Internet Economy Index Fund Direct Growth,https://www.dezerv.in/mutual-funds/edelweiss-bse-internet-economy-index-fund-direct-growth-inf754k01ux2/
Edelweiss Bse Internet Economy Index Fund Regular Growth,https://www.dezerv.in/mutual-funds/edelweiss-bse-internet-economy-index-fund-regular-growth-inf754k01vb6/
Edelweiss Bse Sensex Etf,https://www.dezerv.in/mutual-funds/edelweiss-bse-sensex-etf-inf754k01vy8/
Edelweiss Business Cycle Fund Direct Growth,https://www.dezerv.in/mutual-funds/edelweiss-business-cycle-fund-direct-growth-inf754k01ta2/
Edelweiss Business Cycle Fund Regular Growth,https://www.dezerv.in/mutual-funds/edelweiss-business-cycle-fund-regular-growth-inf754k01sw8/
Edelweiss Consumption Fund Direct Growth,https://www.dezerv.in/mutual-funds/edelweiss-consumption-fund-direct-growth-inf754k01ty2/
Edelweiss Consumption Fund Regular Growth,https://www.dezerv.in/mutual-funds/edelweiss-consumption-fund-regular-growth-inf754k01uc6/
Edelweiss Crisil Ibx 50 50 Gilt Plus Sdl April 2037 Index Fund Direct Growth,https://www.dezerv.in/mutual-funds/edelweiss-crisil-ibx-50-50-gilt-plus-sdl-april-2037-index-fund-direct-growth-inf754k01pf9/
Edelweiss Crisil Ibx 50 50 Gilt Plus Sdl April 2037 Index Fund Regular Growth,https://www.dezerv.in/mutual-funds/edelweiss-crisil-ibx-50-50-gilt-plus-sdl-april-2037-index-fund-regular-growth-inf754k01pb8/
Edelweiss Crisil Ibx 50 50 Gilt Plus Sdl June 2027 Index Fund Direct Growth,https://www.dezerv.in/mutual-funds/edelweiss-crisil-ibx-50-50-gilt-plus-sdl-june-2027-index-fund-direct-growth-inf754k01pn3/
Edelweiss Crisil Ibx 50 50 Gilt Plus Sdl June 2027 Index Fund Regular Growth,https://www.dezerv.in/mutual-funds/edelweiss-crisil-ibx-50-50-gilt-plus-sdl-june-2027-index-fund-regular-growth-inf754k01pj1/
Edelweiss Crisil Ibx 50 50 Gilt Plus Sdl Sep 2028 Index Fund Direct Growth,https://www.dezerv.in/mutual-funds/edelweiss-crisil-ibx-50-50-gilt-plus-sdl-sep-2028-index-fund-direct-growth-inf754k01pv6/
Edelweiss Crisil Ibx 50 50 Gilt Plus Sdl Sep 2028 Index Fund Regular Growth,https://www.dezerv.in/mutual-funds/edelweiss-crisil-ibx-50-50-gilt-plus-sdl-sep-2028-index-fund-regular-growth-inf754k01pr4/
Edelweiss Crisil Ibx 50 50 Gilt Plus Sdl Short Duration Index Fund Direct Growth,https://www.dezerv.in/mutual-funds/edelweiss-crisil-ibx-50-50-gilt-plus-sdl-short-duration-index-fund-direct-growth-inf754k01rk5/
Edelweiss Crisil Ibx 50 50 Gilt Plus Sdl Short Duration Index Fund Regular Growth,https://www.dezerv.in/mutual-funds/edelweiss-crisil-ibx-50-50-gilt-plus-sdl-short-duration-index-fund-regular-growth-inf754k01rg3/
Edelweiss Crisil Ibx Aaa Bond Nbfc Hfc Jun 2027 Index Fund Direct Growth,https://www.dezerv.in/mutual-funds/edelweiss-crisil-ibx-aaa-bond-nbfc-hfc-jun-2027-index-fund-direct-growth-inf754k01ug7/
Edelweiss Crisil Ibx Aaa Bond Nbfc Hfc Jun 2027 Index Fund Regular Growth,https://www.dezerv.in/mutual-funds/edelweiss-crisil-ibx-aaa-bond-nbfc-hfc-jun-2027-index-fund-regular-growth-inf754k01uk9/
Edelweiss Crisil Ibx Aaa Financial Services Jan 2028 Index Fund Direct Growth,https://www.dezerv.in/mutual-funds/edelweiss-crisil-ibx-aaa-financial-services-jan-2028-index-fund-direct-growth-inf754k01tp0/
Edelweiss Crisil Ibx Aaa Financial Services Jan 2028 Index Fund Regular Growth,https://www.dezerv.in/mutual-funds/edelweiss-crisil-ibx-aaa-financial-services-jan-2028-index-fund-regular-growth-inf754k01tt2/
Edelweiss Crisil Psu Plus Sdl 50 50 Oct 2025 Index Fund Direct Growth,https://www.dezerv.in/mutual-funds/edelweiss-crisil-psu-plus-sdl-50-50-oct-2025-index-fund-direct-growth-inf754k01og0/
Edelweiss Crisil Psu Plus Sdl 50 50 Oct 2025 Index Fund Regular Growth,https://www.dezerv.in/mutual-funds/edelweiss-crisil-psu-plus-sdl-50-50-oct-2025-index-fund-regular-growth-inf754k01oc9/
Edelweiss Emerging Markets Opportunities Equity Offshore Direct Growth,https://www.dezerv.in/mutual-funds/edelweiss-emerging-markets-opportunities-equity-offshore-direct-growth-inf843k01iz3/
Edelweiss Emerging Markets Opportunities Equity Offshore Regular Growth,https://www.dezerv.in/mutual-funds/edelweiss-emerging-markets-opportunities-equity-offshore-regular-growth-inf843k01iy6/
Edelweiss Equity Savings Fund Direct Growth,https://www.dezerv.in/mutual-funds/edelweiss-equity-savings-fund-direct-growth-inf843k01kc8/
Edelweiss Equity Savings Fund Regular Growth,https://www.dezerv.in/mutual-funds/edelweiss-equity-savings-fund-regular-growth-inf843k01kg9/
Edelweiss Etf Nifty Bank,https://www.dezerv.in/mutual-funds/edelweiss-etf-nifty-bank-inf754k01el1/
Edelweiss Europe Dynamic Equity Offshore Fund Direct Growth,https://www.dezerv.in/mutual-funds/edelweiss-europe-dynamic-equity-offshore-fund-direct-growth-inf843k01gi3/
Edelweiss Europe Dynamic Equity Offshore Fund Regular Growth,https://www.dezerv.in/mutual-funds/edelweiss-europe-dynamic-equity-offshore-fund-regular-growth-inf843k01gj1/
Edelweiss Financial Services Fund Direct Growth,https://www.dezerv.in/mutual-funds/edelweiss-financial-services-fund-direct-growth-inf754k01wh1/
Edelweiss Financial Services Fund Regular Growth,https://www.dezerv.in/mutual-funds/edelweiss-financial-services-fund-regular-growth-inf754k01wl3/
Edelweiss Flexi Cap Fund Direct Growth,https://www.dezerv.in/mutual-funds/edelweiss-flexi-cap-fund-direct-growth-inf843k01kk1/
Edelweiss Flexi Cap Fund Regular Growth,https://www.dezerv.in/mutual-funds/edelweiss-flexi-cap-fund-regular-growth-inf843k01kn5/
Edelweiss Focused Equity Fund Direct Growth,https://www.dezerv.in/mutual-funds/edelweiss-focused-equity-fund-direct-growth-inf754k01op1/
Edelweiss Focused Equity Fund Regular Growth,https://www.dezerv.in/mutual-funds/edelweiss-focused-equity-fund-regular-growth-inf754k01ol0/
Edelweiss Gold And Silver Etf Fund Of Fund Direct Growth,https://www.dezerv.in/mutual-funds/edelweiss-gold-and-silver-etf-fund-of-fund-direct-growth-inf754k01ox5/
Edelweiss Gold And Silver Etf Fund Of Fund Regular Growth,https://www.dezerv.in/mutual-funds/edelweiss-gold-and-silver-etf-fund-of-fund-regular-growth-inf754k01ot3/
Edelweiss Gold Etf Fof Direct Growth,https://www.dezerv.in/mutual-funds/edelweiss-gold-etf-fof-direct-growth-inf754k01wp4/
Edelweiss Gold Etf Fof Regular Growth,https://www.dezerv.in/mutual-funds/edelweiss-gold-etf-fof-regular-growth-inf754k01wq2/
Edelweiss Gold Etf,https://www.dezerv.in/mutual-funds/edelweiss-gold-etf-inf754k01se6/
Edelweiss Government Securities Fund Direct Growth,https://www.dezerv.in/mutual-funds/edelweiss-government-securities-fund-direct-growth-inf843k01gs2/
Edelweiss Government Securities Fund Regular Growth,https://www.dezerv.in/mutual-funds/edelweiss-government-securities-fund-regular-growth-inf843k01hc4/
Edelweiss Greater China Equity Direct Growth,https://www.dezerv.in/mutual-funds/edelweiss-greater-china-equity-direct-growth-inf843k01au1/
Edelweiss Greater China Equity Regular Growth,https://www.dezerv.in/mutual-funds/edelweiss-greater-china-equity-regular-growth-inf843k01138/
Edelweiss Income Plus Arbitrage Active Fund Of Funds Direct Growth,https://www.dezerv.in/mutual-funds/edelweiss-income-plus-arbitrage-active-fund-of-funds-direct-growth-inf754k01vf7/
Edelweiss Income Plus Arbitrage Active Fund Of Funds Regular Growth,https://www.dezerv.in/mutual-funds/edelweiss-income-plus-arbitrage-active-fund-of-funds-regular-growth-inf754k01vj9/
Edelweiss Large Cap Fund Direct Growth,https://www.dezerv.in/mutual-funds/edelweiss-large-cap-fund-direct-growth-inf754k01bw4/
Edelweiss Large Cap Fund Regular Growth,https://www.dezerv.in/mutual-funds/edelweiss-large-cap-fund-regular-growth-inf754k01046/
Edelweiss Large Mid Cap Fund Direct Growth,https://www.dezerv.in/mutual-funds/edelweiss-large-mid-cap-fund-direct-growth-inf843k01al0/
Edelweiss Large Mid Cap Fund Regular Growth,https://www.dezerv.in/mutual-funds/edelweiss-large-mid-cap-fund-regular-growth-inf843k01047/
Edelweiss Liquid Fund Direct Growth,https://www.dezerv.in/mutual-funds/edelweiss-liquid-fund-direct-growth-inf754k01gm4/
Edelweiss Liquid Fund Regular Growth,https://www.dezerv.in/mutual-funds/edelweiss-liquid-fund-regular-growth-inf754k01gz6/
Edelweiss Long Term Equity Fund Direct Growth,https://www.dezerv.in/mutual-funds/edelweiss-long-term-equity-fund-direct-growth-inf754k01ca8/
Edelweiss Long Term Equity Fund Regular Growth,https://www.dezerv.in/mutual-funds/edelweiss-long-term-equity-fund-regular-growth-inf754k01517/
Edelweiss Low Duration Fund Direct Growth,https://www.dezerv.in/mutual-funds/edelweiss-low-duration-fund-direct-growth-inf754k01up8/
Edelweiss Low Duration Fund Regular Growth,https://www.dezerv.in/mutual-funds/edelweiss-low-duration-fund-regular-growth-inf754k01ut0/
Edelweiss Mid Cap Fund Direct Growth,https://www.dezerv.in/mutual-funds/edelweiss-mid-cap-fund-direct-growth-inf843k01ao4/
Edelweiss Mid Cap Fund Regular Growth,https://www.dezerv.in/mutual-funds/edelweiss-mid-cap-fund-regular-growth-inf843k01013/
Edelweiss Money Market Fund Direct Growth,https://www.dezerv.in/mutual-funds/edelweiss-money-market-fund-direct-growth-inf843k01ce1/
Edelweiss Money Market Fund Regular Growth,https://www.dezerv.in/mutual-funds/edelweiss-money-market-fund-regular-growth-inf843k01344/
Edelweiss Msci India Domestic World Healthcare 45 Index Fund Direct Growth,https://www.dezerv.in/mutual-funds/edelweiss-msci-india-domestic-world-healthcare-45-index-fund-direct-growth-inf754k01lv5/
Edelweiss Msci India Domestic World Healthcare 45 Index Fund Regular Growth,https://www.dezerv.in/mutual-funds/edelweiss-msci-india-domestic-world-healthcare-45-index-fund-regular-growth-inf754k01lr3/
Edelweiss Multi Asset Allocation Fund Direct Growth,https://www.dezerv.in/mutual-funds/edelweiss-multi-asset-allocation-fund-direct-growth-inf754k01rs8/
Edelweiss Multi Asset Allocation Fund Regular Growth,https://www.dezerv.in/mutual-funds/edelweiss-multi-asset-allocation-fund-regular-growth-inf754k01ro7/
Edelweiss Multi Asset Omni Fund Of Fund Direct Growth,https://www.dezerv.in/mutual-funds/edelweiss-multi-asset-omni-fund-of-fund-direct-growth-inf754k01vn1/
Edelweiss Multi Asset Omni Fund Of Fund Regular Growth,https://www.dezerv.in/mutual-funds/edelweiss-multi-asset-omni-fund-of-fund-regular-growth-inf754k01vr2/
Edelweiss Multi Cap Fund Direct Growth,https://www.dezerv.in/mutual-funds/edelweiss-multi-cap-fund-direct-growth-inf754k01sd8/
Edelweiss Multi Cap Fund Regular Growth,https://www.dezerv.in/mutual-funds/edelweiss-multi-cap-fund-regular-growth-inf754k01rw0/
Edelweiss Nifty 100 Quality 30 Index Fund Direct Growth,https://www.dezerv.in/mutual-funds/edelweiss-nifty-100-quality-30-index-fund-direct-growth-inf754k01nj6/
Edelweiss Nifty 100 Quality 30 Index Fund Regular Growth,https://www.dezerv.in/mutual-funds/edelweiss-nifty-100-quality-30-index-fund-regular-growth-inf754k01nf4/
Edelweiss Nifty 1D Rate Liquid Etf Growth,https://www.dezerv.in/mutual-funds/edelweiss-nifty-1d-rate-liquid-etf-growth-inf754k01vw2/
Edelweiss Nifty 50 Etf,https://www.dezerv.in/mutual-funds/edelweiss-nifty-50-etf-inf754k01vx0/
Edelweiss Nifty 50 Index Fund Direct Growth,https://www.dezerv.in/mutual-funds/edelweiss-nifty-50-index-fund-direct-growth-inf754k01nb3/
Edelweiss Nifty 50 Index Fund Regular Growth,https://www.dezerv.in/mutual-funds/edelweiss-nifty-50-index-fund-regular-growth-inf754k01mx9/
Edelweiss Nifty Alpha Low Volatility 30 Index Fund Direct Growth,https://www.dezerv.in/mutual-funds/edelweiss-nifty-alpha-low-volatility-30-index-fund-direct-growth-inf754k01ss6/
Edelweiss Nifty Alpha Low Volatility 30 Index Fund Regular Growth,https://www.dezerv.in/mutual-funds/edelweiss-nifty-alpha-low-volatility-30-index-fund-regular-growth-inf754k01so5/
Edelweiss Nifty Bank Etf,https://www.dezerv.in/mutual-funds/edelweiss-nifty-bank-etf-inf754k01te4/
Edelweiss Nifty Large Midcap 250 Index Fund Direct Growth,https://www.dezerv.in/mutual-funds/edelweiss-nifty-large-midcap-250-index-fund-direct-growth-inf754k01nr9/
Edelweiss Nifty Large Midcap 250 Index Fund Regular Growth,https://www.dezerv.in/mutual-funds/edelweiss-nifty-large-midcap-250-index-fund-regular-growth-inf754k01nn8/
Edelweiss Nifty Largemidcap 250 Etf,https://www.dezerv.in/mutual-funds/edelweiss-nifty-largemidcap-250-etf-inf754k01vv4/
Edelweiss Nifty Largemidcap250 Plus 8 13 Yr G Sec 70 30 Index Fund Direct Growth,https://www.dezerv.in/mutual-funds/edelweiss-nifty-largemidcap250-plus-8-13-yr-g-sec-70-30-index-fund-direct-growth-inf754k01wr0/
Edelweiss Nifty Largemidcap250 Plus 8 13 Yr G Sec 70 30 Index Fund Regular Growth,https://www.dezerv.in/mutual-funds/edelweiss-nifty-largemidcap250-plus-8-13-yr-g-sec-70-30-index-fund-regular-growth-inf754k01wv2/
Edelweiss Nifty Midcap150 Momentum 50 Index Fund Direct Growth,https://www.dezerv.in/mutual-funds/edelweiss-nifty-midcap150-momentum-50-index-fund-direct-growth-inf754k01qd2/
Edelweiss Nifty Midcap150 Momentum 50 Index Fund Regular Growth,https://www.dezerv.in/mutual-funds/edelweiss-nifty-midcap150-momentum-50-index-fund-regular-growth-inf754k01pz7/
Edelweiss Nifty Next 50 Index Fund Direct Growth,https://www.dezerv.in/mutual-funds/edelweiss-nifty-next-50-index-fund-direct-growth-inf754k01ql5/
Edelweiss Nifty Next 50 Index Fund Regular Growth,https://www.dezerv.in/mutual-funds/edelweiss-nifty-next-50-index-fund-regular-growth-inf754k01qh3/
Edelweiss Nifty Psu Bond Plus Sdl Apr 2026 50 50 Index Fund Direct Growth,https://www.dezerv.in/mutual-funds/edelweiss-nifty-psu-bond-plus-sdl-apr-2026-50-50-index-fund-direct-growth-inf754k01md1/
Edelweiss Nifty Psu Bond Plus Sdl Apr 2026 50 50 Index Fund Regular Growth,https://www.dezerv.in/mutual-funds/edelweiss-nifty-psu-bond-plus-sdl-apr-2026-50-50-index-fund-regular-growth-inf754k01lz6/
Edelweiss Nifty Psu Bond Plus Sdl Apr 2027 50 50 Index Fund Direct Growth,https://www.dezerv.in/mutual-funds/edelweiss-nifty-psu-bond-plus-sdl-apr-2027-50-50-index-fund-direct-growth-inf754k01mt7/
Edelweiss Nifty Psu Bond Plus Sdl Apr 2027 50 50 Index Fund Regular Growth,https://www.dezerv.in/mutual-funds/edelweiss-nifty-psu-bond-plus-sdl-apr-2027-50-50-index-fund-regular-growth-inf754k01mp5/
Edelweiss Nifty Smallcap 250 Index Fund Direct Growth,https://www.dezerv.in/mutual-funds/edelweiss-nifty-smallcap-250-index-fund-direct-growth-inf754k01qt8/
Edelweiss Nifty Smallcap 250 Index Fund Regular Growth,https://www.dezerv.in/mutual-funds/edelweiss-nifty-smallcap-250-index-fund-regular-growth-inf754k01qp6/
Edelweiss Nifty500 Multicap Momentum Quality 50 Etf,https://www.dezerv.in/mutual-funds/edelweiss-nifty500-multicap-momentum-quality-50-etf-inf754k01tf1/
Edelweiss Nifty500 Multicap Momentum Quality 50 Index Fund Direct Growth,https://www.dezerv.in/mutual-funds/edelweiss-nifty500-multicap-momentum-quality-50-index-fund-direct-growth-inf754k01tn5/
Edelweiss Nifty500 Multicap Momentum Quality 50 Index Fund Regular Growth,https://www.dezerv.in/mutual-funds/edelweiss-nifty500-multicap-momentum-quality-50-index-fund-regular-growth-inf754k01tj3/
Edelweiss Overnight Fund Direct Growth,https://www.dezerv.in/mutual-funds/edelweiss-overnight-fund-direct-growth-inf754k01jv9/
Edelweiss Overnight Fund Regular Growth,https://www.dezerv.in/mutual-funds/edelweiss-overnight-fund-regular-growth-inf754k01ke3/
Edelweiss Recently Listed Ipo Fund Direct Growth,https://www.dezerv.in/mutual-funds/edelweiss-recently-listed-ipo-fund-direct-growth-inf754k01ml4/
Edelweiss Recently Listed Ipo Fund Regular Growth,https://www.dezerv.in/mutual-funds/edelweiss-recently-listed-ipo-fund-regular-growth-inf754k01mh2/
Edelweiss Silver Etf Fund Of Fund Direct Growth,https://www.dezerv.in/mutual-funds/edelweiss-silver-etf-fund-of-fund-direct-growth-inf754k01vz5/
Edelweiss Silver Etf Fund Of Fund Regular Growth,https://www.dezerv.in/mutual-funds/edelweiss-silver-etf-fund-of-fund-regular-growth-inf754k01wd0/
Edelweiss Silver Etf Regular Growth,https://www.dezerv.in/mutual-funds/edelweiss-silver-etf-regular-growth-inf754k01sf3/
Edelweiss Small Cap Fund Direct Growth,https://www.dezerv.in/mutual-funds/edelweiss-small-cap-fund-direct-growth-inf754k01jn6/
Edelweiss Small Cap Fund Regular Growth,https://www.dezerv.in/mutual-funds/edelweiss-small-cap-fund-regular-growth-inf754k01jj4/
Edelweiss Technology Fund Direct Growth,https://www.dezerv.in/mutual-funds/edelweiss-technology-fund-direct-growth-inf754k01sk3/
Edelweiss Technology Fund Regular Growth,https://www.dezerv.in/mutual-funds/edelweiss-technology-fund-regular-growth-inf754k01sg1/
Edelweiss Us Technology Equity Fund Of Fund Direct Growth,https://www.dezerv.in/mutual-funds/edelweiss-us-technology-equity-fund-of-fund-direct-growth-inf754k01lb7/
Edelweiss Us Technology Equity Fund Of Fund Regular Growth,https://www.dezerv.in/mutual-funds/edelweiss-us-technology-equity-fund-of-fund-regular-growth-inf754k01lc5/
Edelweiss Us Value Equity Offshore Fund Direct Growth,https://www.dezerv.in/mutual-funds/edelweiss-us-value-equity-offshore-fund-direct-growth-inf843k01ec1/
Edelweiss Us Value Equity Offshore Fund Regular Growth,https://www.dezerv.in/mutual-funds/edelweiss-us-value-equity-offshore-fund-regular-growth-inf843k01ed9/
F Motilal Oswal Arbitrage Fund Direct Growth,https://www.dezerv.in/mutual-funds/f-motilal-oswal-arbitrage-fund-direct-growth-inf247l01ed1/
F Motilal Oswal Arbitrage Fund Regular Growth,https://www.dezerv.in/mutual-funds/f-motilal-oswal-arbitrage-fund-regular-growth-inf247l01eg4/
Franklin Asian Equity Fund Direct Growth,https://www.dezerv.in/mutual-funds/franklin-asian-equity-fund-direct-growth-inf090i01iz5/
Franklin Asian Equity Fund Regular Growth,https://www.dezerv.in/mutual-funds/franklin-asian-equity-fund-regular-growth-inf090i01ab3/
Franklin Build India Direct Growth,https://www.dezerv.in/mutual-funds/franklin-build-india-direct-growth-inf090i01jf5/
Franklin Build India Regular Growth,https://www.dezerv.in/mutual-funds/franklin-build-india-regular-growth-inf090i01ae7/
Franklin India Arbitrage Fund Direct Growth,https://www.dezerv.in/mutual-funds/franklin-india-arbitrage-fund-direct-growth-inf090i01xs9/
Franklin India Arbitrage Fund Regular Growth,https://www.dezerv.in/mutual-funds/franklin-india-arbitrage-fund-regular-growth-inf090i01xp5/
Franklin India Balanced Advantage Fund Direct Growth,https://www.dezerv.in/mutual-funds/franklin-india-balanced-advantage-fund-direct-growth-inf090i01wq5/
Franklin India Balanced Advantage Fund Regular Growth,https://www.dezerv.in/mutual-funds/franklin-india-balanced-advantage-fund-regular-growth-inf090i01wn2/
Franklin India Banking Psu Debt Fund Direct Growth,https://www.dezerv.in/mutual-funds/franklin-india-banking-psu-debt-fund-direct-growth-inf090i01kr8/
Franklin India Banking Psu Debt Fund Regular Growth,https://www.dezerv.in/mutual-funds/franklin-india-banking-psu-debt-fund-regular-growth-inf090i01ko5/
Franklin India Bluechip Fund Direct Growth,https://www.dezerv.in/mutual-funds/franklin-india-bluechip-fund-direct-growth-inf090i01fn7/
Franklin India Bluechip Fund Regular Growth,https://www.dezerv.in/mutual-funds/franklin-india-bluechip-fund-regular-growth-inf090i01171/
Franklin India Corporate Debt Fund Direct Growth,https://www.dezerv.in/mutual-funds/franklin-india-corporate-debt-fund-direct-growth-inf090i01fw8/
Franklin India Corporate Debt Fund Regular Growth,https://www.dezerv.in/mutual-funds/franklin-india-corporate-debt-fund-regular-growth-inf090i01dg6/
Franklin India Credit Risk Fund Direct Growth,https://www.dezerv.in/mutual-funds/franklin-india-credit-risk-fund-direct-growth-inf090i01jl3/
Franklin India Credit Risk Fund Regular Growth,https://www.dezerv.in/mutual-funds/franklin-india-credit-risk-fund-regular-growth-inf090i01et7/
Franklin India Credit Risk Fund Segregated Portfolio 2 Direct Growth,https://www.dezerv.in/mutual-funds/franklin-india-credit-risk-fund-segregated-portfolio-2-direct-growth-inf090i01tp3/
Franklin India Credit Risk Fund Segregated Portfolio 2 Regular Growth,https://www.dezerv.in/mutual-funds/franklin-india-credit-risk-fund-segregated-portfolio-2-regular-growth-inf090i01tn8/
Franklin India Debt Hybrid Fund Direct Growth,https://www.dezerv.in/mutual-funds/franklin-india-debt-hybrid-fund-direct-growth-inf090i01gf1/
Franklin India Debt Hybrid Fund Regular Growth,https://www.dezerv.in/mutual-funds/franklin-india-debt-hybrid-fund-regular-growth-inf090i01ea7/
Franklin India Debt Hybrid Fund Segregated Portfolio 1 Direct Growth,https://www.dezerv.in/mutual-funds/franklin-india-debt-hybrid-fund-segregated-portfolio-1-direct-growth-inf090i01wh4/
Franklin India Debt Hybrid Fund Segregated Portfolio 1 Regular Growth,https://www.dezerv.in/mutual-funds/franklin-india-debt-hybrid-fund-segregated-portfolio-1-regular-growth-inf090i01we1/
Franklin India Dynamic Accrual Fund Segregated Portfolio 2 Direct Growth,https://www.dezerv.in/mutual-funds/franklin-india-dynamic-accrual-fund-segregated-portfolio-2-direct-growth-inf090i01tx7/
Franklin India Dynamic Accrual Fund Segregated Portfolio 2 Regular Growth,https://www.dezerv.in/mutual-funds/franklin-india-dynamic-accrual-fund-segregated-portfolio-2-regular-growth-inf090i01tv1/
Franklin India Dynamic Asset Allo Fof Direct Growth,https://www.dezerv.in/mutual-funds/franklin-india-dynamic-asset-allo-fof-direct-growth-inf090i01hv6/
Franklin India Dynamic Asset Allo Fof Regular Growth,https://www.dezerv.in/mutual-funds/franklin-india-dynamic-asset-allo-fof-regular-growth-inf090i01262/
Franklin India Equity Advantage Fund Direct Growth,https://www.dezerv.in/mutual-funds/franklin-india-equity-advantage-fund-direct-growth-inf090i01in1/
Franklin India Equity Advantage Fund Regular Growth,https://www.dezerv.in/mutual-funds/franklin-india-equity-advantage-fund-regular-growth-inf090i01205/
Franklin India Equity Hybrid Fund Direct Growth,https://www.dezerv.in/mutual-funds/franklin-india-equity-hybrid-fund-direct-growth-inf090i01fz1/
Franklin India Equity Hybrid Fund Regular Growth,https://www.dezerv.in/mutual-funds/franklin-india-equity-hybrid-fund-regular-growth-inf090i01817/
Franklin India Equity Savings Fund Direct Growth,https://www.dezerv.in/mutual-funds/franklin-india-equity-savings-fund-direct-growth-inf090i01pd7/
Franklin India Equity Savings Fund Regular Growth,https://www.dezerv.in/mutual-funds/franklin-india-equity-savings-fund-regular-growth-inf090i01pa3/
Franklin India Feeder Franklin U S Opportunities Fund Direct Growth,https://www.dezerv.in/mutual-funds/franklin-india-feeder-franklin-u-s-opportunities-fund-direct-growth-inf090i01jr0/
Franklin India Feeder Franklin U S Opportunities Fund Regular Growth,https://www.dezerv.in/mutual-funds/franklin-india-feeder-franklin-u-s-opportunities-fund-regular-growth-inf090i01ew1/
Franklin India Feeder Templeton European Opportunities Fund Direct Growth,https://www.dezerv.in/mutual-funds/franklin-india-feeder-templeton-european-opportunities-fund-direct-growth-inf090i01kx6/
Franklin India Feeder Templeton European Opportunities Fund Regular Growth,https://www.dezerv.in/mutual-funds/franklin-india-feeder-templeton-european-opportunities-fund-regular-growth-inf090i01ku2/
Franklin India Flexi Cap Fund Direct Growth,https://www.dezerv.in/mutual-funds/franklin-india-flexi-cap-fund-direct-growth-inf090i01fk3/
Franklin India Flexi Cap Fund Regular Growth,https://www.dezerv.in/mutual-funds/franklin-india-flexi-cap-fund-regular-growth-inf090i01239/
Franklin India Floating Rate Fund Direct Growth,https://www.dezerv.in/mutual-funds/franklin-india-floating-rate-fund-direct-growth-inf090i01lk1/
Franklin India Floating Rate Fund Regular Growth,https://www.dezerv.in/mutual-funds/franklin-india-floating-rate-fund-regular-growth-inf090i01lm7/
Franklin India Focused Equity Fund Direct Growth,https://www.dezerv.in/mutual-funds/franklin-india-focused-equity-fund-direct-growth-inf090i01iw2/
Franklin India Focused Equity Fund Regular Growth,https://www.dezerv.in/mutual-funds/franklin-india-focused-equity-fund-regular-growth-inf090i01981/
Franklin India Government Securities Direct Growth,https://www.dezerv.in/mutual-funds/franklin-india-government-securities-direct-growth-inf090i01hs2/
Franklin India Government Securities Regular Growth,https://www.dezerv.in/mutual-funds/franklin-india-government-securities-regular-growth-inf090i01cu9/
Franklin India Income Opportunities Fund Segregated Portfolio 2 Direct Growth,https://www.dezerv.in/mutual-funds/franklin-india-income-opportunities-fund-segregated-portfolio-2-direct-growth-inf090i01th0/
Franklin India Income Opportunities Fund Segregated Portfolio 2 Regular Growth,https://www.dezerv.in/mutual-funds/franklin-india-income-opportunities-fund-segregated-portfolio-2-regular-growth-inf090i01tf4/
Franklin India Liquid Fund Regular Growth,https://www.dezerv.in/mutual-funds/franklin-india-liquid-fund-regular-growth-inf090i01bb1/
Franklin India Long Duration Fund Direct Growth,https://www.dezerv.in/mutual-funds/franklin-india-long-duration-fund-direct-growth-inf090i01xy7/
Franklin India Long Duration Fund Regular Growth,https://www.dezerv.in/mutual-funds/franklin-india-long-duration-fund-regular-growth-inf090i01xv3/
Franklin India Low Duration Fund Direct Growth,https://www.dezerv.in/mutual-funds/franklin-india-low-duration-fund-direct-growth-inf090i01ye7/
Franklin India Low Duration Fund Regular Growth,https://www.dezerv.in/mutual-funds/franklin-india-low-duration-fund-regular-growth-inf090i01yb3/
Franklin India Low Duration Fund Segregated Portfolio 2 Direct Growth,https://www.dezerv.in/mutual-funds/franklin-india-low-duration-fund-segregated-portfolio-2-direct-growth-inf090i01uj4/
Franklin India Low Duration Fund Segregated Portfolio 2 Regular Growth,https://www.dezerv.in/mutual-funds/franklin-india-low-duration-fund-segregated-portfolio-2-regular-growth-inf090i01ug0/
Franklin India Medium To Long Duration Fund Direct Growth,https://www.dezerv.in/mutual-funds/franklin-india-medium-to-long-duration-fund-direct-growth-inf090i01xg4/
Franklin India Medium To Long Duration Fund Regular Growth,https://www.dezerv.in/mutual-funds/franklin-india-medium-to-long-duration-fund-regular-growth-inf090i01xd1/
Franklin India Money Market Fund Direct Growth,https://www.dezerv.in/mutual-funds/franklin-india-money-market-fund-direct-growth-inf090i01gv8/
Franklin India Money Market Fund Regular Growth,https://www.dezerv.in/mutual-funds/franklin-india-money-market-fund-regular-growth-inf090i01ca1/
Franklin India Multi Asset Allocation Fund Direct Growth,https://www.dezerv.in/mutual-funds/franklin-india-multi-asset-allocation-fund-direct-growth-inf090i01yh0/
Franklin India Multi Asset Allocation Fund Regular Growth,https://www.dezerv.in/mutual-funds/franklin-india-multi-asset-allocation-fund-regular-growth-inf090i01ym0/
Franklin India Multi Asset Solution Fund Of Funds Direct Growth,https://www.dezerv.in/mutual-funds/franklin-india-multi-asset-solution-fund-of-funds-direct-growth-inf090i01lh7/
Franklin India Multi Asset Solution Fund Of Funds Regular Growth,https://www.dezerv.in/mutual-funds/franklin-india-multi-asset-solution-fund-of-funds-regular-growth-inf090i01le4/
Franklin India Multi Cap Fund Direct Growth,https://www.dezerv.in/mutual-funds/franklin-india-multi-cap-fund-direct-growth-inf090i01xa7/
Franklin India Multi Cap Fund Regular Growth,https://www.dezerv.in/mutual-funds/franklin-india-multi-cap-fund-regular-growth-inf090i01wx1/
Franklin India Multi Factor Fund Direct Growth,https://www.dezerv.in/mutual-funds/franklin-india-multi-factor-fund-direct-growth-inf090i01yq1/
Franklin India Multi Factor Fund Regular Growth,https://www.dezerv.in/mutual-funds/franklin-india-multi-factor-fund-regular-growth-inf090i01yn8/
Franklin India Nse Nifty 50 Index Fund Direct Growth,https://www.dezerv.in/mutual-funds/franklin-india-nse-nifty-50-index-fund-direct-growth-inf090i01gs4/
Franklin India Nse Nifty 50 Index Fund Regular Growth,https://www.dezerv.in/mutual-funds/franklin-india-nse-nifty-50-index-fund-regular-growth-inf090i01890/
Franklin India Opportunities Fund Direct Growth,https://www.dezerv.in/mutual-funds/franklin-india-opportunities-fund-direct-growth-inf090i01gc8/
Franklin India Opportunities Fund Regular Growth,https://www.dezerv.in/mutual-funds/franklin-india-opportunities-fund-regular-growth-inf090i01841/
Franklin India Overnight Fund Direct Growth,https://www.dezerv.in/mutual-funds/franklin-india-overnight-fund-direct-growth-inf090i01ss9/
Franklin India Overnight Fund Regular Growth,https://www.dezerv.in/mutual-funds/franklin-india-overnight-fund-regular-growth-inf090i01so8/
Franklin India Pension Plan Direct Growth,https://www.dezerv.in/mutual-funds/franklin-india-pension-plan-direct-growth-inf090i01jz3/
Franklin India Pension Plan Regular Growth,https://www.dezerv.in/mutual-funds/franklin-india-pension-plan-regular-growth-inf090i01510/
Franklin India Prima Fund Direct Growth,https://www.dezerv.in/mutual-funds/franklin-india-prima-fund-direct-growth-inf090i01fh9/
Franklin India Prima Fund Regular Growth,https://www.dezerv.in/mutual-funds/franklin-india-prima-fund-regular-growth-inf090i01809/
Franklin India Short Term Income Plan Direct Growth,https://www.dezerv.in/mutual-funds/franklin-india-short-term-income-plan-direct-growth-inf090i01gk1/
Franklin India Short Term Income Plan Regular Growth,https://www.dezerv.in/mutual-funds/franklin-india-short-term-income-plan-regular-growth-inf090i01304/
Franklin India Short Term Income Plan Segregated Portfolio 2 Direct Growth,https://www.dezerv.in/mutual-funds/franklin-india-short-term-income-plan-segregated-portfolio-2-direct-growth-inf090i01uy3/
Franklin India Short Term Income Plan Segregated Portfolio 2 Regular Growth,https://www.dezerv.in/mutual-funds/franklin-india-short-term-income-plan-segregated-portfolio-2-regular-growth-inf090i01ut3/
Franklin India Short Term Income Plan Segregated Portfolio 2 Regular Growth,https://www.dezerv.in/mutual-funds/franklin-india-short-term-income-plan-segregated-portfolio-2-regular-growth-inf090i01ux5/
Franklin India Short Term Income Plan Segregated Portfolio 3 Direct Growth,https://www.dezerv.in/mutual-funds/franklin-india-short-term-income-plan-segregated-portfolio-3-direct-growth-inf090i01vs3/
Franklin India Smaller Companies Fund Direct Growth,https://www.dezerv.in/mutual-funds/franklin-india-smaller-companies-fund-direct-growth-inf090i01iq4/
Franklin India Smaller Companies Fund Regular Growth,https://www.dezerv.in/mutual-funds/franklin-india-smaller-companies-fund-regular-growth-inf090i01569/
Franklin India Taxshield Fund Direct Growth,https://www.dezerv.in/mutual-funds/franklin-india-taxshield-fund-direct-growth-inf090i01js8/
Franklin India Taxshield Fund Regular Growth,https://www.dezerv.in/mutual-funds/franklin-india-taxshield-fund-regular-growth-inf090i01775/
Franklin India Technology Fund Direct Growth,https://www.dezerv.in/mutual-funds/franklin-india-technology-fund-direct-growth-inf090i01fe6/
Franklin India Technology Fund Regular Growth,https://www.dezerv.in/mutual-funds/franklin-india-technology-fund-regular-growth-inf090i01742/
Franklin India Ultra Short Duration Fund Direct Growth,https://www.dezerv.in/mutual-funds/franklin-india-ultra-short-duration-fund-direct-growth-inf090i01xl4/
Franklin India Ultra Short Duration Fund Regular Growth,https://www.dezerv.in/mutual-funds/franklin-india-ultra-short-duration-fund-regular-growth-inf090i01xj8/
Groww Aggressive Hybrid Fund Direct Growth,https://www.dezerv.in/mutual-funds/groww-aggressive-hybrid-fund-direct-growth-inf666m01fa3/
Groww Aggressive Hybrid Fund Regular Growth,https://www.dezerv.in/mutual-funds/groww-aggressive-hybrid-fund-regular-growth-inf666m01fj4/
Groww Arbitrage Fund Direct Growth,https://www.dezerv.in/mutual-funds/groww-arbitrage-fund-direct-growth-inf666m01aw8/
Groww Arbitrage Fund Direct Growth,https://www.dezerv.in/mutual-funds/groww-arbitrage-fund-direct-growth-inf666m01on8/
Groww Arbitrage Fund Regular Growth,https://www.dezerv.in/mutual-funds/groww-arbitrage-fund-regular-growth-inf666m01ba2/
Groww Arbitrage Fund Regular Growth,https://www.dezerv.in/mutual-funds/groww-arbitrage-fund-regular-growth-inf666m01oq1/
Groww Banking Financial Services Fund Direct Growth,https://www.dezerv.in/mutual-funds/groww-banking-financial-services-fund-direct-growth-inf666m01hs1/
Groww Banking Financial Services Fund Regular Growth,https://www.dezerv.in/mutual-funds/groww-banking-financial-services-fund-regular-growth-inf666m01hp7/
Groww Bse Hospitals Etf Fof Direct Growth,https://www.dezerv.in/mutual-funds/groww-bse-hospitals-etf-fof-direct-growth-inf666m01nx9/
Groww Bse Hospitals Etf Fof Regular Growth,https://www.dezerv.in/mutual-funds/groww-bse-hospitals-etf-fof-regular-growth-inf666m01oa5/
Groww Bse Hospitals Etf,https://www.dezerv.in/mutual-funds/groww-bse-hospitals-etf-inf666m01od9/
Groww Bse Power Etf Fof Direct Growth,https://www.dezerv.in/mutual-funds/groww-bse-power-etf-fof-direct-growth-inf666m01ln4/
Groww Bse Power Etf Fof Regular Growth,https://www.dezerv.in/mutual-funds/groww-bse-power-etf-fof-regular-growth-inf666m01lq7/
Groww Bse Power Etf,https://www.dezerv.in/mutual-funds/groww-bse-power-etf-inf666m01lm6/
Groww Dynamic Bond Fund Direct Growth,https://www.dezerv.in/mutual-funds/groww-dynamic-bond-fund-direct-growth-inf666m01ek5/
Groww Dynamic Bond Fund Regular Growth,https://www.dezerv.in/mutual-funds/groww-dynamic-bond-fund-regular-growth-inf666m01es8/
Groww Elss Tax Saver Fund Direct Growth,https://www.dezerv.in/mutual-funds/groww-elss-tax-saver-fund-direct-growth-inf666m01dk7/
Groww Elss Tax Saver Fund Regular Growth,https://www.dezerv.in/mutual-funds/groww-elss-tax-saver-fund-regular-growth-inf666m01dn1/
Groww Fmp Series Vi Plan 2 1135 Days Direct Growth,https://www.dezerv.in/mutual-funds/groww-fmp-series-vi-plan-2-1135-days-direct-growth-inf666m01hb7/
Groww Fmp Series Vi Plan 2 1135 Days Regular Growth,https://www.dezerv.in/mutual-funds/groww-fmp-series-vi-plan-2-1135-days-regular-growth-inf666m01hc5/
Groww Gilt Fund Direct Growth,https://www.dezerv.in/mutual-funds/groww-gilt-fund-direct-growth-inf666m01kk2/
Groww Gilt Fund Regular Growth,https://www.dezerv.in/mutual-funds/groww-gilt-fund-regular-growth-inf666m01kn6/
Groww Gold Etf Fof Direct Growth,https://www.dezerv.in/mutual-funds/groww-gold-etf-fof-direct-growth-inf666m01ix9/
Groww Gold Etf Fof Regular Growth,https://www.dezerv.in/mutual-funds/groww-gold-etf-fof-regular-growth-inf666m01ja5/
Groww Gold Etf,https://www.dezerv.in/mutual-funds/groww-gold-etf-inf666m01iw1/
Groww Gold Etf,https://www.dezerv.in/mutual-funds/groww-gold-etf-inf666m01oe7/
Groww Large Cap Fund Direct Growth,https://www.dezerv.in/mutual-funds/groww-large-cap-fund-direct-growth-inf666m01600/
Groww Large Cap Fund Regular Growth,https://www.dezerv.in/mutual-funds/groww-large-cap-fund-regular-growth-inf666m01162/
Groww Liquid Fund Direct Growth,https://www.dezerv.in/mutual-funds/groww-liquid-fund-direct-growth-inf666m01451/
Groww Liquid Fund Regular Growth,https://www.dezerv.in/mutual-funds/groww-liquid-fund-regular-growth-inf666m01014/
Groww Money Market Fund Direct Growth,https://www.dezerv.in/mutual-funds/groww-money-market-fund-direct-growth-inf666m01mw3/
Groww Money Market Fund Regular Growth,https://www.dezerv.in/mutual-funds/groww-money-market-fund-regular-growth-inf666m01mz6/
Groww Multi Asset Allocation Fund Direct Growth,https://www.dezerv.in/mutual-funds/groww-multi-asset-allocation-fund-direct-growth-inf666m01ma9/
Groww Multi Asset Allocation Fund Regular Growth,https://www.dezerv.in/mutual-funds/groww-multi-asset-allocation-fund-regular-growth-inf666m01md3/
Groww Multi Asset Omni Fof Direct Growth,https://www.dezerv.in/mutual-funds/groww-multi-asset-omni-fof-direct-growth-inf666m01nc3/
Groww Multi Asset Omni Fof Regular Growth,https://www.dezerv.in/mutual-funds/groww-multi-asset-omni-fof-regular-growth-inf666m01nf6/
Groww Multi Cap Fund Direct Growth,https://www.dezerv.in/mutual-funds/groww-multi-cap-fund-direct-growth-inf666m01hd3/
Groww Multi Cap Fund Regular Growth,https://www.dezerv.in/mutual-funds/groww-multi-cap-fund-regular-growth-inf666m01hg6/
Groww Multicap Fund Direct Growth,https://www.dezerv.in/mutual-funds/groww-multicap-fund-direct-growth-inf666m01jd9/
Groww Multicap Fund Regular Growth,https://www.dezerv.in/mutual-funds/groww-multicap-fund-regular-growth-inf666m01jg2/
Groww Nifty 1D Rate Liquid Etf,https://www.dezerv.in/mutual-funds/groww-nifty-1d-rate-liquid-etf-inf666m01ip5/
Groww Nifty 200 Etf Fof Direct Growth,https://www.dezerv.in/mutual-funds/groww-nifty-200-etf-fof-direct-growth-inf666m01jq1/
Groww Nifty 200 Etf Fof Regular Growth,https://www.dezerv.in/mutual-funds/groww-nifty-200-etf-fof-regular-growth-inf666m01jt5/
Groww Nifty 200 Etf,https://www.dezerv.in/mutual-funds/groww-nifty-200-etf-inf666m01jv1/
Groww Nifty 50 Etf,https://www.dezerv.in/mutual-funds/groww-nifty-50-etf-inf666m01ll8/
Groww Nifty 50 Index Fund Direct Growth,https://www.dezerv.in/mutual-funds/groww-nifty-50-index-fund-direct-growth-inf666m01kt3/
Groww Nifty 50 Index Fund Regular Growth,https://www.dezerv.in/mutual-funds/groww-nifty-50-index-fund-regular-growth-inf666m01kw7/
Groww Nifty 500 Low Volatility 50 Etf,https://www.dezerv.in/mutual-funds/groww-nifty-500-low-volatility-50-etf-inf666m01lb9/
Groww Nifty 500 Momentum 50 Etf Fof Direct Growth,https://www.dezerv.in/mutual-funds/groww-nifty-500-momentum-50-etf-fof-direct-growth-inf666m01jx7/
Groww Nifty 500 Momentum 50 Etf Fof Regular Growth,https://www.dezerv.in/mutual-funds/groww-nifty-500-momentum-50-etf-fof-regular-growth-inf666m01kc9/
Groww Nifty 500 Momentum 50 Etf,https://www.dezerv.in/mutual-funds/groww-nifty-500-momentum-50-etf-inf666m01kj4/
Groww Nifty Capital Markets Etf Fof Direct Growth,https://www.dezerv.in/mutual-funds/groww-nifty-capital-markets-etf-fof-direct-growth-inf666m01mg6/
Groww Nifty Capital Markets Etf Fof Regular Growth,https://www.dezerv.in/mutual-funds/groww-nifty-capital-markets-etf-fof-regular-growth-inf666m01mj0/
Groww Nifty Capital Markets Etf,https://www.dezerv.in/mutual-funds/groww-nifty-capital-markets-etf-inf666m01mm4/
Groww Nifty Chemicals Etf,https://www.dezerv.in/mutual-funds/groww-nifty-chemicals-etf-inf666m01np5/
Groww Nifty Ev New Age Automotive Etf Fof Direct Growth,https://www.dezerv.in/mutual-funds/groww-nifty-ev-new-age-automotive-etf-fof-direct-growth-inf666m01il4/
Groww Nifty Ev New Age Automotive Etf Fof Regular Growth,https://www.dezerv.in/mutual-funds/groww-nifty-ev-new-age-automotive-etf-fof-regular-growth-inf666m01ii0/
Groww Nifty Ev New Age Automotive Etf,https://www.dezerv.in/mutual-funds/groww-nifty-ev-new-age-automotive-etf-inf666m01ih2/
Groww Nifty India Defence Etf Fof Direct Growth,https://www.dezerv.in/mutual-funds/groww-nifty-india-defence-etf-fof-direct-growth-inf666m01iq3/
Groww Nifty India Defence Etf Fof Regular Growth,https://www.dezerv.in/mutual-funds/groww-nifty-india-defence-etf-fof-regular-growth-inf666m01it7/
Groww Nifty India Defence Etf,https://www.dezerv.in/mutual-funds/groww-nifty-india-defence-etf-inf666m01io8/
Groww Nifty India Internet Etf Fof Direct Growth,https://www.dezerv.in/mutual-funds/groww-nifty-india-internet-etf-fof-direct-growth-inf666m01lc7/
Groww Nifty India Internet Etf Fof Regular Growth,https://www.dezerv.in/mutual-funds/groww-nifty-india-internet-etf-fof-regular-growth-inf666m01lf0/
Groww Nifty India Internet Etf,https://www.dezerv.in/mutual-funds/groww-nifty-india-internet-etf-inf666m01li4/
Groww Nifty India Railways Psu Etf,https://www.dezerv.in/mutual-funds/groww-nifty-india-railways-psu-etf-inf666m01jj6/
Groww Nifty India Railways Psu Index Fund Direct Growth,https://www.dezerv.in/mutual-funds/groww-nifty-india-railways-psu-index-fund-direct-growth-inf666m01jk4/
Groww Nifty India Railways Psu Index Fund Regular Growth,https://www.dezerv.in/mutual-funds/groww-nifty-india-railways-psu-index-fund-regular-growth-inf666m01jn8/
Groww Nifty Metal Etf,https://www.dezerv.in/mutual-funds/groww-nifty-metal-etf-inf666m01ni0/
Groww Nifty Midcap 150 Etf,https://www.dezerv.in/mutual-funds/groww-nifty-midcap-150-etf-inf666m01mv5/
Groww Nifty Midcap 150 Index Fund Direct Growth,https://www.dezerv.in/mutual-funds/groww-nifty-midcap-150-index-fund-direct-growth-inf666m01mp7/
Groww Nifty Midcap 150 Index Fund Regular Growth,https://www.dezerv.in/mutual-funds/groww-nifty-midcap-150-index-fund-regular-growth-inf666m01ms1/
Groww Nifty Next 50 Etf,https://www.dezerv.in/mutual-funds/groww-nifty-next-50-etf-inf666m01lz8/
Groww Nifty Next 50 Index Fund Direct Growth,https://www.dezerv.in/mutual-funds/groww-nifty-next-50-index-fund-direct-growth-inf666m01lt1/
Groww Nifty Next 50 Index Fund Regular Growth,https://www.dezerv.in/mutual-funds/groww-nifty-next-50-index-fund-regular-growth-inf666m01lw5/
Groww Nifty Non Cyclical Consumer Index Fund Direct Growth,https://www.dezerv.in/mutual-funds/groww-nifty-non-cyclical-consumer-index-fund-direct-growth-inf666m01ie9/
Groww Nifty Non Cyclical Consumer Index Fund Regular Growth,https://www.dezerv.in/mutual-funds/groww-nifty-non-cyclical-consumer-index-fund-regular-growth-inf666m01ib5/
Groww Nifty Pse Etf Fof Direct Growth,https://www.dezerv.in/mutual-funds/groww-nifty-pse-etf-fof-direct-growth-inf666m01nr1/
Groww Nifty Pse Etf Fof Regular Growth,https://www.dezerv.in/mutual-funds/groww-nifty-pse-etf-fof-regular-growth-inf666m01nu5/
Groww Nifty Pse Etf,https://www.dezerv.in/mutual-funds/groww-nifty-pse-etf-inf666m01nq3/
Groww Nifty Psu Bank Etf,https://www.dezerv.in/mutual-funds/groww-nifty-psu-bank-etf-inf666m01og2/
Groww Nifty Psu Bank Index Fund Direct Growth,https://www.dezerv.in/mutual-funds/groww-nifty-psu-bank-index-fund-direct-growth-inf666m01oh0/
Groww Nifty Psu Bank Index Fund Regular Growth,https://www.dezerv.in/mutual-funds/groww-nifty-psu-bank-index-fund-regular-growth-inf666m01ok4/
Groww Nifty Realty Etf,https://www.dezerv.in/mutual-funds/groww-nifty-realty-etf-inf666m01mn2/
Groww Nifty Smallcap 250 Etf,https://www.dezerv.in/mutual-funds/groww-nifty-smallcap-250-etf-inf666m01mo0/
Groww Nifty Smallcap 250 Index Fund Direct Growth,https://www.dezerv.in/mutual-funds/groww-nifty-smallcap-250-index-fund-direct-growth-inf666m01hy9/
Groww Nifty Smallcap 250 Index Fund Regular Growth,https://www.dezerv.in/mutual-funds/groww-nifty-smallcap-250-index-fund-regular-growth-inf666m01hv5/
Groww Nifty Total Market Index Fund Direct Growth,https://www.dezerv.in/mutual-funds/groww-nifty-total-market-index-fund-direct-growth-inf666m01hm4/
Groww Nifty Total Market Index Fund Regular Growth,https://www.dezerv.in/mutual-funds/groww-nifty-total-market-index-fund-regular-growth-inf666m01hj0/
Groww Nifty50 Exchange Traded Fund,https://www.dezerv.in/mutual-funds/groww-nifty50-exchange-traded-fund-inf666m01fs5/
Groww Overnight Fund Direct Growth,https://www.dezerv.in/mutual-funds/groww-overnight-fund-direct-growth-inf666m01gl8/
Groww Overnight Fund Regular Growth,https://www.dezerv.in/mutual-funds/groww-overnight-fund-regular-growth-inf666m01gt1/
Groww Short Duration Fund Direct Growth,https://www.dezerv.in/mutual-funds/groww-short-duration-fund-direct-growth-inf666m01ac0/
Groww Short Duration Fund Regular Growth,https://www.dezerv.in/mutual-funds/groww-short-duration-fund-regular-growth-inf666m01aj5/
Groww Silver Etf Fof Direct Growth,https://www.dezerv.in/mutual-funds/groww-silver-etf-fof-direct-growth-inf666m01kq9/
Groww Silver Etf Fof Regular Growth,https://www.dezerv.in/mutual-funds/groww-silver-etf-fof-regular-growth-inf666m01kx5/
Groww Silver Etf,https://www.dezerv.in/mutual-funds/groww-silver-etf-inf666m01la1/
Groww Silver Etf,https://www.dezerv.in/mutual-funds/groww-silver-etf-inf666m01of4/
Groww Small Cap Fund Direct Growth,https://www.dezerv.in/mutual-funds/groww-small-cap-fund-direct-growth-inf666m01nj8/
Groww Small Cap Fund Regular Growth,https://www.dezerv.in/mutual-funds/groww-small-cap-fund-regular-growth-inf666m01nm2/
Groww Value Fund Direct Growth,https://www.dezerv.in/mutual-funds/groww-value-fund-direct-growth-inf666m01be4/
Groww Value Fund Regular Growth,https://www.dezerv.in/mutual-funds/groww-value-fund-regular-growth-inf666m01bh7/
Hdfc Arbitrage Fund Direct Growth,https://www.dezerv.in/mutual-funds/hdfc-arbitrage-fund-direct-growth-inf179k01uu8/
Hdfc Asset Allocator Fund Of Funds Direct Growth,https://www.dezerv.in/mutual-funds/hdfc-asset-allocator-fund-of-funds-direct-growth-inf179kc1ba3/
Hdfc Asset Allocator Fund Of Funds Regular Growth,https://www.dezerv.in/mutual-funds/hdfc-asset-allocator-fund-of-funds-regular-growth-inf179kc1bd7/
Hdfc Balanced Advantage Fund Direct Growth,https://www.dezerv.in/mutual-funds/hdfc-balanced-advantage-fund-direct-growth-inf179k01wa6/
Hdfc Balanced Advantage Fund Regular Growth,https://www.dezerv.in/mutual-funds/hdfc-balanced-advantage-fund-regular-growth-inf179k01830/
Hdfc Banking And Psu Debt Fund Direct Growth,https://www.dezerv.in/mutual-funds/hdfc-banking-and-psu-debt-fund-direct-growth-inf179ka1iz7/
Hdfc Banking And Psu Debt Fund Regular Growth,https://www.dezerv.in/mutual-funds/hdfc-banking-and-psu-debt-fund-regular-growth-inf179ka1jc4/
Hdfc Banking Financial Services Fund Direct Growth,https://www.dezerv.in/mutual-funds/hdfc-banking-financial-services-fund-direct-growth-inf179kc1bg0/
Hdfc Banking Financial Services Fund Regular Growth,https://www.dezerv.in/mutual-funds/hdfc-banking-financial-services-fund-regular-growth-inf179kc1bj4/
Hdfc Bse India Sector Leaders Index Fund Direct Growth,https://www.dezerv.in/mutual-funds/hdfc-bse-india-sector-leaders-index-fund-direct-growth-inf179kc1jy6/
Hdfc Bse India Sector Leaders Index Fund Regular Growth,https://www.dezerv.in/mutual-funds/hdfc-bse-india-sector-leaders-index-fund-regular-growth-inf179kc1jx8/
Hdfc Bse Sensex Etf,https://www.dezerv.in/mutual-funds/hdfc-bse-sensex-etf-inf179kc1hx2/
Hdfc Business Cycle Fund Direct Growth,https://www.dezerv.in/mutual-funds/hdfc-business-cycle-fund-direct-growth-inf179kc1dy9/
Hdfc Business Cycle Fund Regular Growth,https://www.dezerv.in/mutual-funds/hdfc-business-cycle-fund-regular-growth-inf179kc1eb5/
Hdfc Capital Builder Value Fund Direct Growth,https://www.dezerv.in/mutual-funds/hdfc-capital-builder-value-fund-direct-growth-inf179k01vc4/
Hdfc Capital Builder Value Fund Regular Growth,https://www.dezerv.in/mutual-funds/hdfc-capital-builder-value-fund-regular-growth-inf179k01426/
Hdfc Corporate Bond Fund Direct Growth,https://www.dezerv.in/mutual-funds/hdfc-corporate-bond-fund-direct-growth-inf179k01xd8/
Hdfc Corporate Bond Fund Regular Growth,https://www.dezerv.in/mutual-funds/hdfc-corporate-bond-fund-regular-growth-inf179k01dc2/
Hdfc Credit Risk Debt Fund Direct Growth,https://www.dezerv.in/mutual-funds/hdfc-credit-risk-debt-fund-direct-growth-inf179ka1fz3/
Hdfc Credit Risk Debt Fund Regular Growth,https://www.dezerv.in/mutual-funds/hdfc-credit-risk-debt-fund-regular-growth-inf179ka1gc0/
Hdfc Crisil Ibx Financial Services 3 6 Months Debt Index Fund Direct Growth,https://www.dezerv.in/mutual-funds/hdfc-crisil-ibx-financial-services-3-6-months-debt-index-fund-direct-growth-inf179kc1jk5/
Hdfc Crisil Ibx Financial Services 3 6 Months Debt Index Fund Regular Growth,https://www.dezerv.in/mutual-funds/hdfc-crisil-ibx-financial-services-3-6-months-debt-index-fund-regular-growth-inf179kc1jj7/
Hdfc Crisil Ibx Financial Services 9 12 Months Debt Index Fund Direct Growth,https://www.dezerv.in/mutual-funds/hdfc-crisil-ibx-financial-services-9-12-months-debt-index-fund-direct-growth-inf179kc1ki7/
Hdfc Crisil Ibx Financial Services 9 12 Months Debt Index Fund Regular Growth,https://www.dezerv.in/mutual-funds/hdfc-crisil-ibx-financial-services-9-12-months-debt-index-fund-regular-growth-inf179kc1kh9/
Hdfc Defence Fund Direct Growth,https://www.dezerv.in/mutual-funds/hdfc-defence-fund-direct-growth-inf179kc1gi5/
Hdfc Defence Fund Regular Growth,https://www.dezerv.in/mutual-funds/hdfc-defence-fund-regular-growth-inf179kc1gl9/
Hdfc Developed World Indexes Fund Of Funds Direct Growth,https://www.dezerv.in/mutual-funds/hdfc-developed-world-indexes-fund-of-funds-direct-growth-inf179kc1bo4/
Hdfc Developed World Indexes Fund Of Funds Regular Growth,https://www.dezerv.in/mutual-funds/hdfc-developed-world-indexes-fund-of-funds-regular-growth-inf179kc1bp1/
Hdfc Diversified Equity All Cap Active Fof Direct Growth,https://www.dezerv.in/mutual-funds/hdfc-diversified-equity-all-cap-active-fof-direct-growth-inf179kc1ju4/
Hdfc Diversified Equity All Cap Active Fof Regular Growth,https://www.dezerv.in/mutual-funds/hdfc-diversified-equity-all-cap-active-fof-regular-growth-inf179kc1jr0/
Hdfc Dividend Yield Fund Direct Growth,https://www.dezerv.in/mutual-funds/hdfc-dividend-yield-fund-direct-growth-inf179kc1ao6/
Hdfc Dividend Yield Fund Regular Growth,https://www.dezerv.in/mutual-funds/hdfc-dividend-yield-fund-regular-growth-inf179kc1ar9/
Hdfc Dynamic Debt Fund Direct Growth,https://www.dezerv.in/mutual-funds/hdfc-dynamic-debt-fund-direct-growth-inf179k01wb4/
Hdfc Dynamic Debt Fund Regular Growth,https://www.dezerv.in/mutual-funds/hdfc-dynamic-debt-fund-regular-growth-inf179k01848/
Hdfc Dynamic Pe Ratio Fund Of Funds Plan A Direct Growth,https://www.dezerv.in/mutual-funds/hdfc-dynamic-pe-ratio-fund-of-funds-plan-a-direct-growth-inf179ka1sc5/
Hdfc Dynamic Pe Ratio Fund Of Funds Plan A Regular Growth,https://www.dezerv.in/mutual-funds/hdfc-dynamic-pe-ratio-fund-of-funds-plan-a-regular-growth-inf179ka1sf8/
Hdfc Equity Savings Fund Direct Growth,https://www.dezerv.in/mutual-funds/hdfc-equity-savings-fund-direct-growth-inf179k01xt4/
Hdfc Equity Savings Fund Regular Growth,https://www.dezerv.in/mutual-funds/hdfc-equity-savings-fund-regular-growth-inf179k01am7/
Hdfc Fixed Maturity Plan 1162 Days March 2022 Series 46 Direct Growth,https://www.dezerv.in/mutual-funds/hdfc-fixed-maturity-plan-1162-days-march-2022-series-46-direct-growth-inf179kc1ci4/
Hdfc Fixed Maturity Plan 1162 Days March 2022 Series 46 Regular Growth,https://www.dezerv.in/mutual-funds/hdfc-fixed-maturity-plan-1162-days-march-2022-series-46-regular-growth-inf179kc1cl8/
Hdfc Fixed Maturity Plan 1406 Days August 2022 Series 46 Direct Growth,https://www.dezerv.in/mutual-funds/hdfc-fixed-maturity-plan-1406-days-august-2022-series-46-direct-growth-inf179kc1dc5/
Hdfc Fixed Maturity Plan 1406 Days August 2022 Series 46 Regular Growth,https://www.dezerv.in/mutual-funds/hdfc-fixed-maturity-plan-1406-days-august-2022-series-46-regular-growth-inf179kc1df8/
Hdfc Fixed Maturity Plan 1861 Days Series 46 Direct Growth,https://www.dezerv.in/mutual-funds/hdfc-fixed-maturity-plan-1861-days-series-46-direct-growth-inf179kc1cc7/
Hdfc Fixed Maturity Plan 1861 Days Series 46 Regular Growth,https://www.dezerv.in/mutual-funds/hdfc-fixed-maturity-plan-1861-days-series-46-regular-growth-inf179kc1cf0/
Hdfc Fixed Maturity Plan 1876 Days Series 46 Direct Growth,https://www.dezerv.in/mutual-funds/hdfc-fixed-maturity-plan-1876-days-series-46-direct-growth-inf179kc1co2/
Hdfc Fixed Maturity Plan 1876 Days Series 46 Regular Growth,https://www.dezerv.in/mutual-funds/hdfc-fixed-maturity-plan-1876-days-series-46-regular-growth-inf179kc1cr5/
Hdfc Fixed Maturity Plans 1113 Days March 2019 Series 44 Plan 1 Direct Growth,https://www.dezerv.in/mutual-funds/hdfc-fixed-maturity-plans-1113-days-march-2019-series-44-plan-1-direct-growth-inf179kc1726/
Hdfc Fixed Maturity Plans 1113 Days March 2019 Series 44 Plan 1 Regular Growth,https://www.dezerv.in/mutual-funds/hdfc-fixed-maturity-plans-1113-days-march-2019-series-44-plan-1-regular-growth-inf179kc1759/
Hdfc Fixed Maturity Plans 1127 Days April 2019 Series 44 Plan 1 Direct Growth,https://www.dezerv.in/mutual-funds/hdfc-fixed-maturity-plans-1127-days-april-2019-series-44-plan-1-direct-growth-inf179kc1783/
Hdfc Fixed Maturity Plans 1127 Days April 2019 Series 44 Plan 1 Regular Growth,https://www.dezerv.in/mutual-funds/hdfc-fixed-maturity-plans-1127-days-april-2019-series-44-plan-1-regular-growth-inf179kc1817/
Hdfc Fixed Maturity Plans 1269 Days March 2023 Series 47 Direct Growth,https://www.dezerv.in/mutual-funds/hdfc-fixed-maturity-plans-1269-days-march-2023-series-47-direct-growth-inf179kc1fu2/
Hdfc Fixed Maturity Plans 1269 Days March 2023 Series 47 Regular Growth,https://www.dezerv.in/mutual-funds/hdfc-fixed-maturity-plans-1269-days-march-2023-series-47-regular-growth-inf179kc1fx6/
Hdfc Fixed Maturity Plans 1359 Days September 2022 Series 46 Direct Growth,https://www.dezerv.in/mutual-funds/hdfc-fixed-maturity-plans-1359-days-september-2022-series-46-direct-growth-inf179kc1do0/
Hdfc Fixed Maturity Plans 1359 Days September 2022 Series 46 Regular Growth,https://www.dezerv.in/mutual-funds/hdfc-fixed-maturity-plans-1359-days-september-2022-series-46-regular-growth-inf179kc1dr3/
Hdfc Fixed Maturity Plans Series 46 1158D July 2022 Direct Growth,https://www.dezerv.in/mutual-funds/hdfc-fixed-maturity-plans-series-46-1158d-july-2022-direct-growth-inf179kc1cu9/
Hdfc Fixed Maturity Plans Series 46 1158D July 2022 Regular Growth,https://www.dezerv.in/mutual-funds/hdfc-fixed-maturity-plans-series-46-1158d-july-2022-regular-growth-inf179kc1cx3/
Hdfc Flexi Cap Fund Direct Growth,https://www.dezerv.in/mutual-funds/hdfc-flexi-cap-fund-direct-growth-inf179k01ut0/
Hdfc Flexi Cap Fund Regular Growth,https://www.dezerv.in/mutual-funds/hdfc-flexi-cap-fund-regular-growth-inf179k01608/
Hdfc Floating Rate Debt Fund Direct Growth,https://www.dezerv.in/mutual-funds/hdfc-floating-rate-debt-fund-direct-growth-inf179k01vq4/
Hdfc Floating Rate Debt Fund Regular Growth,https://www.dezerv.in/mutual-funds/hdfc-floating-rate-debt-fund-regular-growth-inf179k01707/
Hdfc Fmp 1204D December 2022 47 Direct Growth,https://www.dezerv.in/mutual-funds/hdfc-fmp-1204d-december-2022-47-direct-growth-inf179kc1en0/
Hdfc Fmp 1204D December 2022 47 Regular Growth,https://www.dezerv.in/mutual-funds/hdfc-fmp-1204d-december-2022-47-regular-growth-inf179kc1eq3/
Hdfc Fmp 2638D February 2023 47 Direct Growth,https://www.dezerv.in/mutual-funds/hdfc-fmp-2638d-february-2023-47-direct-growth-inf179kc1fk3/
Hdfc Fmp 2638D February 2023 47 Regular Growth,https://www.dezerv.in/mutual-funds/hdfc-fmp-2638d-february-2023-47-regular-growth-inf179kc1fn7/
Hdfc Focused 30 Fund Direct Growth,https://www.dezerv.in/mutual-funds/hdfc-focused-30-fund-direct-growth-inf179k01vk7/
Hdfc Focused 30 Fund Regular Growth,https://www.dezerv.in/mutual-funds/hdfc-focused-30-fund-regular-growth-inf179k01574/
Hdfc Gilt Fund Direct Growth,https://www.dezerv.in/mutual-funds/hdfc-gilt-fund-direct-growth-inf179k01vs0/
Hdfc Gilt Fund Regular Growth,https://www.dezerv.in/mutual-funds/hdfc-gilt-fund-regular-growth-inf179k01756/
Hdfc Gold Exchange Traded Fund,https://www.dezerv.in/mutual-funds/hdfc-gold-exchange-traded-fund-inf179kc1981/
Hdfc Gold Fund Direct Growth,https://www.dezerv.in/mutual-funds/hdfc-gold-fund-direct-growth-inf179k01vx0/
Hdfc Gold Fund Regular Growth,https://www.dezerv.in/mutual-funds/hdfc-gold-fund-regular-growth-inf179k01lc5/
Hdfc Housing Opportunities Fund Direct Growth,https://www.dezerv.in/mutual-funds/hdfc-housing-opportunities-fund-direct-growth-inf179kc1au3/
Hdfc Housing Opportunities Fund Regular Growth,https://www.dezerv.in/mutual-funds/hdfc-housing-opportunities-fund-regular-growth-inf179kc1ax7/
Hdfc Hybrid Debt Fund Direct Growth,https://www.dezerv.in/mutual-funds/hdfc-hybrid-debt-fund-direct-growth-inf179k01xe6/
Hdfc Hybrid Debt Fund Regular Growth,https://www.dezerv.in/mutual-funds/hdfc-hybrid-debt-fund-regular-growth-inf179k01ae4/
Hdfc Hybrid Equity Fund Direct Growth,https://www.dezerv.in/mutual-funds/hdfc-hybrid-equity-fund-direct-growth-inf179k01xz1/
Hdfc Hybrid Equity Fund Regular Growth,https://www.dezerv.in/mutual-funds/hdfc-hybrid-equity-fund-regular-growth-inf179k01as4/
Hdfc Income Fund Direct Growth,https://www.dezerv.in/mutual-funds/hdfc-income-fund-direct-growth-inf179k01wl3/
Hdfc Income Fund Regular Growth,https://www.dezerv.in/mutual-funds/hdfc-income-fund-regular-growth-inf179k01962/
Hdfc Income Plus Arbitrage Omni Fof Direct Growth,https://www.dezerv.in/mutual-funds/hdfc-income-plus-arbitrage-omni-fof-direct-growth-inf179kc1ke6/
Hdfc Income Plus Arbitrage Omni Fof Regular Growth,https://www.dezerv.in/mutual-funds/hdfc-income-plus-arbitrage-omni-fof-regular-growth-inf179kc1kb2/
Hdfc Infrastructure Fund Direct Growth,https://www.dezerv.in/mutual-funds/hdfc-infrastructure-fund-direct-growth-inf179k01wq2/
Hdfc Infrastructure Fund Regular Growth,https://www.dezerv.in/mutual-funds/hdfc-infrastructure-fund-regular-growth-inf179k01gf8/
Hdfc Innovation Fund Direct Growth,https://www.dezerv.in/mutual-funds/hdfc-innovation-fund-direct-growth-inf179kc1jo7/
Hdfc Innovation Fund Regular Growth,https://www.dezerv.in/mutual-funds/hdfc-innovation-fund-regular-growth-inf179kc1jl3/
Hdfc Large And Mid Cap Fund Direct Growth,https://www.dezerv.in/mutual-funds/hdfc-large-and-mid-cap-fund-direct-growth-inf179ka1rq7/
Hdfc Large And Mid Cap Fund Regular Growth,https://www.dezerv.in/mutual-funds/hdfc-large-and-mid-cap-fund-regular-growth-inf179ka1rt1/
Hdfc Liquid Fund Direct Growth,https://www.dezerv.in/mutual-funds/hdfc-liquid-fund-direct-growth-inf179kb1hp9/
Hdfc Liquid Fund Regular Growth,https://www.dezerv.in/mutual-funds/hdfc-liquid-fund-regular-growth-inf179kb1hk0/
Hdfc Long Duration Debt Fund Direct Growth,https://www.dezerv.in/mutual-funds/hdfc-long-duration-debt-fund-direct-growth-inf179kc1et7/
Hdfc Long Duration Debt Fund Regular Growth,https://www.dezerv.in/mutual-funds/hdfc-long-duration-debt-fund-regular-growth-inf179kc1ew1/
Hdfc Low Duration Fund Direct Growth,https://www.dezerv.in/mutual-funds/hdfc-low-duration-fund-direct-growth-inf179k01vf7/
Hdfc Low Duration Fund Regular Growth,https://www.dezerv.in/mutual-funds/hdfc-low-duration-fund-regular-growth-inf179k01442/
Hdfc Manufacturing Fund Direct Growth,https://www.dezerv.in/mutual-funds/hdfc-manufacturing-fund-direct-growth-inf179kc1ii1/
Hdfc Manufacturing Fund Regular Growth,https://www.dezerv.in/mutual-funds/hdfc-manufacturing-fund-regular-growth-inf179kc1if7/
Hdfc Medium Term Debt Fund Direct Growth,https://www.dezerv.in/mutual-funds/hdfc-medium-term-debt-fund-direct-growth-inf179k01wi9/
Hdfc Medium Term Debt Fund Regular Growth,https://www.dezerv.in/mutual-funds/hdfc-medium-term-debt-fund-regular-growth-inf179k01913/
Hdfc Mid Cap Opportunities Fund Direct Growth,https://www.dezerv.in/mutual-funds/hdfc-mid-cap-opportunities-fund-direct-growth-inf179k01xq0/
Hdfc Mid Cap Opportunities Fund Regular Growth,https://www.dezerv.in/mutual-funds/hdfc-mid-cap-opportunities-fund-regular-growth-inf179k01cr2/
Hdfc Mnc Fund Direct Growth,https://www.dezerv.in/mutual-funds/hdfc-mnc-fund-direct-growth-inf179kc1fc0/
Hdfc Mnc Fund Regular Growth,https://www.dezerv.in/mutual-funds/hdfc-mnc-fund-regular-growth-inf179kc1ff3/
Hdfc Money Market Fund Direct Growth,https://www.dezerv.in/mutual-funds/hdfc-money-market-fund-direct-growth-inf179kb1hu9/
Hdfc Money Market Fund Regular Growth,https://www.dezerv.in/mutual-funds/hdfc-money-market-fund-regular-growth-inf179kb1hr5/
Hdfc Multi Asset Fund Direct Growth,https://www.dezerv.in/mutual-funds/hdfc-multi-asset-fund-direct-growth-inf179k01xw8/
Hdfc Multi Asset Fund Regular Growth,https://www.dezerv.in/mutual-funds/hdfc-multi-asset-fund-regular-growth-inf179k01ap0/
Hdfc Multi Cap Fund Direct Growth,https://www.dezerv.in/mutual-funds/hdfc-multi-cap-fund-direct-growth-inf179kc1bs5/
Hdfc Multi Cap Fund Regular Growth,https://www.dezerv.in/mutual-funds/hdfc-multi-cap-fund-regular-growth-inf179kc1bv9/
Hdfc Nifty 100 Equal Weight Index Fund Direct Growth,https://www.dezerv.in/mutual-funds/hdfc-nifty-100-equal-weight-index-fund-direct-growth-inf179kc1ca1/
Hdfc Nifty 100 Equal Weight Index Fund Regular Growth,https://www.dezerv.in/mutual-funds/hdfc-nifty-100-equal-weight-index-fund-regular-growth-inf179kc1cb9/
Hdfc Nifty 100 Etf,https://www.dezerv.in/mutual-funds/hdfc-nifty-100-etf-inf179kc1db7/
Hdfc Nifty 100 Etf,https://www.dezerv.in/mutual-funds/hdfc-nifty-100-etf-inf179kc1hr4/
Hdfc Nifty 100 Index Fund Direct Growth,https://www.dezerv.in/mutual-funds/hdfc-nifty-100-index-fund-direct-growth-inf179kc1by3/
Hdfc Nifty 100 Index Fund Regular Growth,https://www.dezerv.in/mutual-funds/hdfc-nifty-100-index-fund-regular-growth-inf179kc1bz0/
Hdfc Nifty 1D Rate Liquid Etf Growth,https://www.dezerv.in/mutual-funds/hdfc-nifty-1d-rate-liquid-etf-growth-inf179kc1jg3/
Hdfc Nifty 1D Rate Liquid Etf,https://www.dezerv.in/mutual-funds/hdfc-nifty-1d-rate-liquid-etf-inf179kc1he2/
Hdfc Nifty 50 Etf,https://www.dezerv.in/mutual-funds/hdfc-nifty-50-etf-inf179kc1965/
Hdfc Nifty Bank Etf,https://www.dezerv.in/mutual-funds/hdfc-nifty-bank-etf-inf179kc1an8/
Hdfc Nifty Bank Etf,https://www.dezerv.in/mutual-funds/hdfc-nifty-bank-etf-inf179kc1hy0/
Hdfc Nifty G Sec Apr 2029 Index Fund Direct Growth,https://www.dezerv.in/mutual-funds/hdfc-nifty-g-sec-apr-2029-index-fund-direct-growth-inf179kc1fq0/
Hdfc Nifty G Sec Apr 2029 Index Fund Regular Growth,https://www.dezerv.in/mutual-funds/hdfc-nifty-g-sec-apr-2029-index-fund-regular-growth-inf179kc1fr8/
Hdfc Nifty G Sec Dec 2026 Index Fund Direct Growth,https://www.dezerv.in/mutual-funds/hdfc-nifty-g-sec-dec-2026-index-fund-direct-growth-inf179kc1ee9/
Hdfc Nifty G Sec Dec 2026 Index Fund Regular Growth,https://www.dezerv.in/mutual-funds/hdfc-nifty-g-sec-dec-2026-index-fund-regular-growth-inf179kc1eg4/
Hdfc Nifty G Sec July 2031 Index Fund Direct Growth,https://www.dezerv.in/mutual-funds/hdfc-nifty-g-sec-july-2031-index-fund-direct-growth-inf179kc1eh2/
Hdfc Nifty G Sec July 2031 Index Fund Regular Growth,https://www.dezerv.in/mutual-funds/hdfc-nifty-g-sec-july-2031-index-fund-regular-growth-inf179kc1ei0/
Hdfc Nifty G Sec Jun 2027 Index Fund Direct Growth,https://www.dezerv.in/mutual-funds/hdfc-nifty-g-sec-jun-2027-index-fund-direct-growth-inf179kc1ej8/
Hdfc Nifty G Sec Jun 2027 Index Fund Regular Growth,https://www.dezerv.in/mutual-funds/hdfc-nifty-g-sec-jun-2027-index-fund-regular-growth-inf179kc1ek6/
Hdfc Nifty G Sec Jun 2036 Index Fund Direct Growth,https://www.dezerv.in/mutual-funds/hdfc-nifty-g-sec-jun-2036-index-fund-direct-growth-inf179kc1fs6/
Hdfc Nifty G Sec Jun 2036 Index Fund Regular Growth,https://www.dezerv.in/mutual-funds/hdfc-nifty-g-sec-jun-2036-index-fund-regular-growth-inf179kc1ft4/
Hdfc Nifty G Sec Sep 2032 Index Fund Direct Growth,https://www.dezerv.in/mutual-funds/hdfc-nifty-g-sec-sep-2032-index-fund-direct-growth-inf179kc1el4/
Hdfc Nifty G Sec Sep 2032 Index Fund Regular Growth,https://www.dezerv.in/mutual-funds/hdfc-nifty-g-sec-sep-2032-index-fund-regular-growth-inf179kc1em2/
Hdfc Nifty Growth Sectors 15 Etf,https://www.dezerv.in/mutual-funds/hdfc-nifty-growth-sectors-15-etf-inf179kc1dj0/
Hdfc Nifty India Consumption Index Fund Direct Growth,https://www.dezerv.in/mutual-funds/hdfc-nifty-india-consumption-index-fund-direct-growth-inf179kc1ka4/
Hdfc Nifty India Consumption Index Fund Regular Growth,https://www.dezerv.in/mutual-funds/hdfc-nifty-india-consumption-index-fund-regular-growth-inf179kc1jz3/
Hdfc Nifty India Digital Index Fund Direct Growth,https://www.dezerv.in/mutual-funds/hdfc-nifty-india-digital-index-fund-direct-growth-inf179kc1jb4/
Hdfc Nifty India Digital Index Fund Regular Growth,https://www.dezerv.in/mutual-funds/hdfc-nifty-india-digital-index-fund-regular-growth-inf179kc1ja6/
Hdfc Nifty It Etf,https://www.dezerv.in/mutual-funds/hdfc-nifty-it-etf-inf179kc1dx1/
Hdfc Nifty It Etf,https://www.dezerv.in/mutual-funds/hdfc-nifty-it-etf-inf179kc1ia8/
Hdfc Nifty Largemidcap 250 Index Fund Direct Growth,https://www.dezerv.in/mutual-funds/hdfc-nifty-largemidcap-250-index-fund-direct-growth-inf179kc1iq4/
Hdfc Nifty Largemidcap 250 Index Fund Regular Growth,https://www.dezerv.in/mutual-funds/hdfc-nifty-largemidcap-250-index-fund-regular-growth-inf179kc1ip6/
Hdfc Nifty Midcap 150 Etf,https://www.dezerv.in/mutual-funds/hdfc-nifty-midcap-150-etf-inf179kc1fa4/
Hdfc Nifty Midcap 150 Etf,https://www.dezerv.in/mutual-funds/hdfc-nifty-midcap-150-etf-inf179kc1ht0/
Hdfc Nifty Midcap 150 Index Fund Direct Growth,https://www.dezerv.in/mutual-funds/hdfc-nifty-midcap-150-index-fund-direct-growth-inf179kc1gc8/
Hdfc Nifty Midcap 150 Index Fund Regular Growth,https://www.dezerv.in/mutual-funds/hdfc-nifty-midcap-150-index-fund-regular-growth-inf179kc1gd6/
Hdfc Nifty Next 50 Etf,https://www.dezerv.in/mutual-funds/hdfc-nifty-next-50-etf-inf179kc1da9/
Hdfc Nifty Next 50 Etf,https://www.dezerv.in/mutual-funds/hdfc-nifty-next-50-etf-inf179kc1hs2/
Hdfc Nifty Next 50 Index Fund Direct Growth,https://www.dezerv.in/mutual-funds/hdfc-nifty-next-50-index-fund-direct-growth-inf179kc1bq9/
Hdfc Nifty Next 50 Index Fund Regular Growth,https://www.dezerv.in/mutual-funds/hdfc-nifty-next-50-index-fund-regular-growth-inf179kc1br7/
Hdfc Nifty Private Bank Etf,https://www.dezerv.in/mutual-funds/hdfc-nifty-private-bank-etf-inf179kc1dw3/
Hdfc Nifty Private Bank Etf,https://www.dezerv.in/mutual-funds/hdfc-nifty-private-bank-etf-inf179kc1hz7/
Hdfc Nifty Psu Bank Etf,https://www.dezerv.in/mutual-funds/hdfc-nifty-psu-bank-etf-inf179kc1hw4/
Hdfc Nifty Realty Index Fund Direct Growth,https://www.dezerv.in/mutual-funds/hdfc-nifty-realty-index-fund-direct-growth-inf179kc1ie0/
Hdfc Nifty Realty Index Fund Regular Growth,https://www.dezerv.in/mutual-funds/hdfc-nifty-realty-index-fund-regular-growth-inf179kc1id2/
Hdfc Nifty Sdl Oct 2026 Index Fund Direct Growth,https://www.dezerv.in/mutual-funds/hdfc-nifty-sdl-oct-2026-index-fund-direct-growth-inf179kc1fi7/
Hdfc Nifty Sdl Oct 2026 Index Fund Regular Growth,https://www.dezerv.in/mutual-funds/hdfc-nifty-sdl-oct-2026-index-fund-regular-growth-inf179kc1fj5/
Hdfc Nifty Sdl Plus G Sec Jun 2027 40 60 Index Fund Direct Growth,https://www.dezerv.in/mutual-funds/hdfc-nifty-sdl-plus-g-sec-jun-2027-40-60-index-fund-direct-growth-inf179kc1ga2/
Hdfc Nifty Sdl Plus G Sec Jun 2027 40 60 Index Fund Regular Growth,https://www.dezerv.in/mutual-funds/hdfc-nifty-sdl-plus-g-sec-jun-2027-40-60-index-fund-regular-growth-inf179kc1gb0/
Hdfc Nifty Smallcap 250 Etf,https://www.dezerv.in/mutual-funds/hdfc-nifty-smallcap-250-etf-inf179kc1fb2/
Hdfc Nifty Smallcap 250 Index Fund Direct Growth,https://www.dezerv.in/mutual-funds/hdfc-nifty-smallcap-250-index-fund-direct-growth-inf179kc1ge4/
Hdfc Nifty Smallcap 250 Index Fund Regular Growth,https://www.dezerv.in/mutual-funds/hdfc-nifty-smallcap-250-index-fund-regular-growth-inf179kc1gf1/
Hdfc Nifty Top 20 Equal Weight Index Fund Direct Growth,https://www.dezerv.in/mutual-funds/hdfc-nifty-top-20-equal-weight-index-fund-direct-growth-inf179kc1ji9/
Hdfc Nifty Top 20 Equal Weight Index Fund Regular Growth,https://www.dezerv.in/mutual-funds/hdfc-nifty-top-20-equal-weight-index-fund-regular-growth-inf179kc1jh1/
Hdfc Nifty100 Low Volatility 30 Etf,https://www.dezerv.in/mutual-funds/hdfc-nifty100-low-volatility-30-etf-inf179kc1dn2/
Hdfc Nifty100 Low Volatility 30 Etf,https://www.dezerv.in/mutual-funds/hdfc-nifty100-low-volatility-30-etf-inf179kc1hu8/
Hdfc Nifty100 Low Volatility 30 Index Fund Direct Growth,https://www.dezerv.in/mutual-funds/hdfc-nifty100-low-volatility-30-index-fund-direct-growth-inf179kc1im3/
Hdfc Nifty100 Low Volatility 30 Index Fund Regular Growth,https://www.dezerv.in/mutual-funds/hdfc-nifty100-low-volatility-30-index-fund-regular-growth-inf179kc1il5/
Hdfc Nifty100 Quality 30 Etf,https://www.dezerv.in/mutual-funds/hdfc-nifty100-quality-30-etf-inf179kc1dl6/
Hdfc Nifty100 Quality 30 Index Fund Direct Growth,https://www.dezerv.in/mutual-funds/hdfc-nifty100-quality-30-index-fund-direct-growth-inf179kc1jf5/
Hdfc Nifty100 Quality 30 Index Fund Regular Growth,https://www.dezerv.in/mutual-funds/hdfc-nifty100-quality-30-index-fund-regular-growth-inf179kc1je8/
Hdfc Nifty200 Momentum 30 Etf,https://www.dezerv.in/mutual-funds/hdfc-nifty200-momentum-30-etf-inf179kc1dm4/
Hdfc Nifty200 Momentum 30 Etf,https://www.dezerv.in/mutual-funds/hdfc-nifty200-momentum-30-etf-inf179kc1hv6/
Hdfc Nifty200 Momentum 30 Index Fund Direct Growth,https://www.dezerv.in/mutual-funds/hdfc-nifty200-momentum-30-index-fund-direct-growth-inf179kc1ic4/
Hdfc Nifty200 Momentum 30 Index Fund Regular Growth,https://www.dezerv.in/mutual-funds/hdfc-nifty200-momentum-30-index-fund-regular-growth-inf179kc1ib6/
Hdfc Nifty50 Equal Weight Index Fund Direct Growth,https://www.dezerv.in/mutual-funds/hdfc-nifty50-equal-weight-index-fund-direct-growth-inf179kc1bm8/
Hdfc Nifty50 Equal Weight Index Fund Regular Growth,https://www.dezerv.in/mutual-funds/hdfc-nifty50-equal-weight-index-fund-regular-growth-inf179kc1bn6/
Hdfc Nifty50 Value 20 Etf,https://www.dezerv.in/mutual-funds/hdfc-nifty50-value-20-etf-inf179kc1dk8/
Hdfc Nifty500 Multicap 50 25 25 Index Fund Direct Growth,https://www.dezerv.in/mutual-funds/hdfc-nifty500-multicap-50-25-25-index-fund-direct-growth-inf179kc1in1/
Hdfc Nifty500 Multicap 50 25 25 Index Fund Regular Growth,https://www.dezerv.in/mutual-funds/hdfc-nifty500-multicap-50-25-25-index-fund-regular-growth-inf179kc1io9/
Hdfc Non Cyclical Consumer Fund Direct Growth,https://www.dezerv.in/mutual-funds/hdfc-non-cyclical-consumer-fund-direct-growth-inf179kc1go3/
Hdfc Non Cyclical Consumer Fund Regular Growth,https://www.dezerv.in/mutual-funds/hdfc-non-cyclical-consumer-fund-regular-growth-inf179kc1gr6/
Hdfc Overnight Fund Direct Growth,https://www.dezerv.in/mutual-funds/hdfc-overnight-fund-direct-growth-inf179kb1ht1/
Hdfc Overnight Fund Regular Growth,https://www.dezerv.in/mutual-funds/hdfc-overnight-fund-regular-growth-inf179kb1hs3/
Hdfc Pharma And Healthcare Fund Direct Growth,https://www.dezerv.in/mutual-funds/hdfc-pharma-and-healthcare-fund-direct-growth-inf179kc1ho1/
Hdfc Pharma And Healthcare Fund Regular Growth,https://www.dezerv.in/mutual-funds/hdfc-pharma-and-healthcare-fund-regular-growth-inf179kc1hl7/
Hdfc S P Bse 500 Etf,https://www.dezerv.in/mutual-funds/hdfc-s-p-bse-500-etf-inf179kc1ez4/
Hdfc S P Bse 500 Index Fund Direct Growth,https://www.dezerv.in/mutual-funds/hdfc-s-p-bse-500-index-fund-direct-growth-inf179kc1gg9/
Hdfc S P Bse 500 Index Fund Regular Growth,https://www.dezerv.in/mutual-funds/hdfc-s-p-bse-500-index-fund-regular-growth-inf179kc1gh7/
Hdfc S P Bse Sensex Etf,https://www.dezerv.in/mutual-funds/hdfc-s-p-bse-sensex-etf-inf179kc1973/
Hdfc Short Term Debt Fund Direct Growth,https://www.dezerv.in/mutual-funds/hdfc-short-term-debt-fund-direct-growth-inf179k01ym7/
Hdfc Short Term Debt Fund Regular Growth,https://www.dezerv.in/mutual-funds/hdfc-short-term-debt-fund-regular-growth-inf179k01cu6/
Hdfc Silver Etf Fund Of Fund Direct Growth,https://www.dezerv.in/mutual-funds/hdfc-silver-etf-fund-of-fund-direct-growth-inf179kc1du7/
Hdfc Silver Etf Fund Of Fund Regular Growth,https://www.dezerv.in/mutual-funds/hdfc-silver-etf-fund-of-fund-regular-growth-inf179kc1dv5/
Hdfc Silver Etf,https://www.dezerv.in/mutual-funds/hdfc-silver-etf-inf179kc1di2/
Hdfc Small Cap Fund Direct Growth,https://www.dezerv.in/mutual-funds/hdfc-small-cap-fund-direct-growth-inf179ka1rw5/
Hdfc Small Cap Fund Regular Growth,https://www.dezerv.in/mutual-funds/hdfc-small-cap-fund-regular-growth-inf179ka1rz8/
Hdfc Taxsaver Direct Growth,https://www.dezerv.in/mutual-funds/hdfc-taxsaver-direct-growth-inf179k01ys4/
Hdfc Taxsaver Regular Growth,https://www.dezerv.in/mutual-funds/hdfc-taxsaver-regular-growth-inf179k01bb8/
Hdfc Technology Fund Direct Growth,https://www.dezerv.in/mutual-funds/hdfc-technology-fund-direct-growth-inf179kc1hi3/
Hdfc Technology Fund Regular Growth,https://www.dezerv.in/mutual-funds/hdfc-technology-fund-regular-growth-inf179kc1hf9/
Hdfc Top 100 Fund Direct Growth,https://www.dezerv.in/mutual-funds/hdfc-top-100-fund-direct-growth-inf179k01yv8/
Hdfc Top 100 Fund Regular Growth,https://www.dezerv.in/mutual-funds/hdfc-top-100-fund-regular-growth-inf179k01be2/
Hdfc Transportation And Logistics Fund Direct Growth,https://www.dezerv.in/mutual-funds/hdfc-transportation-and-logistics-fund-direct-growth-inf179kc1gu0/
Hdfc Transportation And Logistics Fund Regular Growth,https://www.dezerv.in/mutual-funds/hdfc-transportation-and-logistics-fund-regular-growth-inf179kc1gx4/
Hdfc Ultra Short Term Fund Direct Growth,https://www.dezerv.in/mutual-funds/hdfc-ultra-short-term-fund-direct-growth-inf179kb15q6/
Hdfc Ultra Short Term Fund Regular Growth,https://www.dezerv.in/mutual-funds/hdfc-ultra-short-term-fund-regular-growth-inf179kb11r3/
Helios Arbitrage Fund Direct Growth,https://www.dezerv.in/mutual-funds/helios-arbitrage-fund-direct-growth-inf0r8701442/
Helios Arbitrage Fund Regular Growth,https://www.dezerv.in/mutual-funds/helios-arbitrage-fund-regular-growth-inf0r8701418/
Helios Balanced Advantage Fund Direct Growth,https://www.dezerv.in/mutual-funds/helios-balanced-advantage-fund-direct-growth-inf0r8701145/
Helios Balanced Advantage Fund Regular Growth,https://www.dezerv.in/mutual-funds/helios-balanced-advantage-fund-regular-growth-inf0r8701111/
Helios Financial Services Fund Direct Growth,https://www.dezerv.in/mutual-funds/helios-financial-services-fund-direct-growth-inf0r8701202/
Helios Financial Services Fund Regular Growth,https://www.dezerv.in/mutual-funds/helios-financial-services-fund-regular-growth-inf0r8701178/
Helios Flexi Cap Fund Direct Growth,https://www.dezerv.in/mutual-funds/helios-flexi-cap-fund-direct-growth-inf0r8701046/
Helios Flexi Cap Fund Regular Growth,https://www.dezerv.in/mutual-funds/helios-flexi-cap-fund-regular-growth-inf0r8701012/
Helios Large Mid Cap Fund Direct Growth,https://www.dezerv.in/mutual-funds/helios-large-mid-cap-fund-direct-growth-inf0r8701269/
Helios Large Mid Cap Fund Regular Growth,https://www.dezerv.in/mutual-funds/helios-large-mid-cap-fund-regular-growth-inf0r8701236/
Helios Mid Cap Fund Direct Growth,https://www.dezerv.in/mutual-funds/helios-mid-cap-fund-direct-growth-inf0r8701327/
Helios Mid Cap Fund Regular Growth,https://www.dezerv.in/mutual-funds/helios-mid-cap-fund-regular-growth-inf0r8701293/
Helios Overnight Fund Direct Growth,https://www.dezerv.in/mutual-funds/helios-overnight-fund-direct-growth-inf0r8701079/
Helios Overnight Fund Regular Growth,https://www.dezerv.in/mutual-funds/helios-overnight-fund-regular-growth-inf0r8701095/
Helios Small Cap Fund Direct Growth,https://www.dezerv.in/mutual-funds/helios-small-cap-fund-direct-growth-inf0r8701384/
Helios Small Cap Fund Regular Growth,https://www.dezerv.in/mutual-funds/helios-small-cap-fund-regular-growth-inf0r8701350/
How Are Index Funds Taxed,https://www.dezerv.in/mutual-funds/how-are-index-funds-taxed/
How To Become A Mutual Fund Agent In India,https://www.dezerv.in/mutual-funds/how-to-become-a-mutual-fund-agent-in-india/
Hsbc Aggressive Hybrid Fund Direct Growth,https://www.dezerv.in/mutual-funds/hsbc-aggressive-hybrid-fund-direct-growth-inf917k01le4/
Hsbc Aggressive Hybrid Fund Regular Growth,https://www.dezerv.in/mutual-funds/hsbc-aggressive-hybrid-fund-regular-growth-inf917k01lb0/
Hsbc Arbitrage Fund Direct Growth,https://www.dezerv.in/mutual-funds/hsbc-arbitrage-fund-direct-growth-inf917k01qr5/
Hsbc Arbitrage Fund Regular Growth,https://www.dezerv.in/mutual-funds/hsbc-arbitrage-fund-regular-growth-inf917k01ql8/
Hsbc Asia Pacific Ex Japan Dividend Yield Fund Direct Growth,https://www.dezerv.in/mutual-funds/hsbc-asia-pacific-ex-japan-dividend-yield-fund-direct-growth-inf336l01hf0/
Hsbc Asia Pacific Ex Japan Dividend Yield Fund Regular Growth,https://www.dezerv.in/mutual-funds/hsbc-asia-pacific-ex-japan-dividend-yield-fund-regular-growth-inf336l01hc7/
Hsbc Balanced Advantage Fund Direct Growth,https://www.dezerv.in/mutual-funds/hsbc-balanced-advantage-fund-direct-growth-inf917k01in1/
Hsbc Balanced Advantage Fund Regular Growth,https://www.dezerv.in/mutual-funds/hsbc-balanced-advantage-fund-regular-growth-inf917k01ky4/
Hsbc Banking Psu Debt Direct Growth,https://www.dezerv.in/mutual-funds/hsbc-banking-psu-debt-direct-growth-inf917k01hh5/
Hsbc Banking Psu Debt Regular Growth,https://www.dezerv.in/mutual-funds/hsbc-banking-psu-debt-regular-growth-inf677k01ae7/
Hsbc Brazil Fund Direct Growth,https://www.dezerv.in/mutual-funds/hsbc-brazil-fund-direct-growth-inf336l01by4/
Hsbc Brazil Fund Regular Growth,https://www.dezerv.in/mutual-funds/hsbc-brazil-fund-regular-growth-inf336l01164/
Hsbc Business Cycles Fund Direct Growth,https://www.dezerv.in/mutual-funds/hsbc-business-cycles-fund-direct-growth-inf917k01ri2/
Hsbc Business Cycles Fund Regular Growth,https://www.dezerv.in/mutual-funds/hsbc-business-cycles-fund-regular-growth-inf917k01rf8/
Hsbc Conservative Hybrid Fund Direct Growth,https://www.dezerv.in/mutual-funds/hsbc-conservative-hybrid-fund-direct-growth-inf336l01dw4/
Hsbc Conservative Hybrid Fund Regular Growth,https://www.dezerv.in/mutual-funds/hsbc-conservative-hybrid-fund-regular-growth-inf336l01099/
Hsbc Consumption Fund Direct Growth,https://www.dezerv.in/mutual-funds/hsbc-consumption-fund-direct-growth-inf336l01qz9/
Hsbc Consumption Fund Regular Growth,https://www.dezerv.in/mutual-funds/hsbc-consumption-fund-regular-growth-inf336l01rc6/
Hsbc Corporate Bond Fund Direct Growth,https://www.dezerv.in/mutual-funds/hsbc-corporate-bond-fund-direct-growth-inf917k01hn3/
Hsbc Corporate Bond Fund Regular Growth,https://www.dezerv.in/mutual-funds/hsbc-corporate-bond-fund-regular-growth-inf917k01ah0/
Hsbc Credit Risk Fund Direct Growth,https://www.dezerv.in/mutual-funds/hsbc-credit-risk-fund-direct-growth-inf917k01uh8/
Hsbc Credit Risk Fund Regular Growth,https://www.dezerv.in/mutual-funds/hsbc-credit-risk-fund-regular-growth-inf917k01130/
Hsbc Crisil Ibx 50 50 Gilt Plus Sdl Apr 2028 Index Fund Direct Growth,https://www.dezerv.in/mutual-funds/hsbc-crisil-ibx-50-50-gilt-plus-sdl-apr-2028-index-fund-direct-growth-inf336l01qh7/
Hsbc Crisil Ibx 50 50 Gilt Plus Sdl Apr 2028 Index Fund Regular Growth,https://www.dezerv.in/mutual-funds/hsbc-crisil-ibx-50-50-gilt-plus-sdl-apr-2028-index-fund-regular-growth-inf336l01qk1/
Hsbc Crisil Ibx Gilt June 2027 Index Fund Direct Growth,https://www.dezerv.in/mutual-funds/hsbc-crisil-ibx-gilt-june-2027-index-fund-direct-growth-inf336l01qt2/
Hsbc Crisil Ibx Gilt June 2027 Index Fund Regular Growth,https://www.dezerv.in/mutual-funds/hsbc-crisil-ibx-gilt-june-2027-index-fund-regular-growth-inf336l01qw6/
Hsbc Dynamic Bond Fund Direct Growth,https://www.dezerv.in/mutual-funds/hsbc-dynamic-bond-fund-direct-growth-inf917k01ha0/
Hsbc Dynamic Bond Fund Regular Growth,https://www.dezerv.in/mutual-funds/hsbc-dynamic-bond-fund-regular-growth-inf677k01916/
Hsbc Elss Fund Direct Growth,https://www.dezerv.in/mutual-funds/hsbc-elss-fund-direct-growth-inf917k01gp0/
Hsbc Elss Fund Regular Growth,https://www.dezerv.in/mutual-funds/hsbc-elss-fund-regular-growth-inf677k01064/
Hsbc Equity Savings Fund Direct Growth,https://www.dezerv.in/mutual-funds/hsbc-equity-savings-fund-direct-growth-inf917k01ge4/
Hsbc Equity Savings Fund Regular Growth,https://www.dezerv.in/mutual-funds/hsbc-equity-savings-fund-regular-growth-inf917k01aa5/
Hsbc Financial Services Fund Direct Growth,https://www.dezerv.in/mutual-funds/hsbc-financial-services-fund-direct-growth-inf336l01ru8/
Hsbc Financial Services Fund Regular Growth,https://www.dezerv.in/mutual-funds/hsbc-financial-services-fund-regular-growth-inf336l01rr4/
Hsbc Flexi Cap Fund Direct Growth,https://www.dezerv.in/mutual-funds/hsbc-flexi-cap-fund-direct-growth-inf336l01dh5/
Hsbc Flexi Cap Fund Regular Growth,https://www.dezerv.in/mutual-funds/hsbc-flexi-cap-fund-regular-growth-inf336l01af5/
Hsbc Focused Fund Direct Growth,https://www.dezerv.in/mutual-funds/hsbc-focused-fund-direct-growth-inf336l01pb2/
Hsbc Focused Fund Regular Growth,https://www.dezerv.in/mutual-funds/hsbc-focused-fund-regular-growth-inf336l01pe6/
Hsbc Gilt Fund Direct Growth,https://www.dezerv.in/mutual-funds/hsbc-gilt-fund-direct-growth-inf917k01fi7/
Hsbc Gilt Fund Regular Growth,https://www.dezerv.in/mutual-funds/hsbc-gilt-fund-regular-growth-inf917k01bp1/
Hsbc Global Emerging Markets Fund Direct Growth,https://www.dezerv.in/mutual-funds/hsbc-global-emerging-markets-fund-direct-growth-inf336l01cj3/
Hsbc Global Emerging Markets Fund Regular Growth,https://www.dezerv.in/mutual-funds/hsbc-global-emerging-markets-fund-regular-growth-inf336l01446/
Hsbc Global Equity Climate Change Fund Of Fund Direct Growth,https://www.dezerv.in/mutual-funds/hsbc-global-equity-climate-change-fund-of-fund-direct-growth-inf336l01pv0/
Hsbc Global Equity Climate Change Fund Of Fund Regular Growth,https://www.dezerv.in/mutual-funds/hsbc-global-equity-climate-change-fund-of-fund-regular-growth-inf336l01py4/
Hsbc Gold Etf Fund Of Fund Direct Growth,https://www.dezerv.in/mutual-funds/hsbc-gold-etf-fund-of-fund-direct-growth-inf336l01sb6/
Hsbc Gold Etf Fund Of Fund Regular Growth,https://www.dezerv.in/mutual-funds/hsbc-gold-etf-fund-of-fund-regular-growth-inf336l01ry0/
Hsbc Gold Etf,https://www.dezerv.in/mutual-funds/hsbc-gold-etf-inf336l01rx2/
Hsbc India Export Opportunities Fund Direct Growth,https://www.dezerv.in/mutual-funds/hsbc-india-export-opportunities-fund-direct-growth-inf336l01ro1/
Hsbc India Export Opportunities Fund Regular Growth,https://www.dezerv.in/mutual-funds/hsbc-india-export-opportunities-fund-regular-growth-inf336l01rl7/
Hsbc Infrastructure Fund Direct Growth,https://www.dezerv.in/mutual-funds/hsbc-infrastructure-fund-direct-growth-inf917k01fw8/
Hsbc Infrastructure Fund Regular Growth,https://www.dezerv.in/mutual-funds/hsbc-infrastructure-fund-regular-growth-inf917k01536/
Hsbc Large Cap Fund Direct Growth,https://www.dezerv.in/mutual-funds/hsbc-large-cap-fund-direct-growth-inf336l01cm7/
Hsbc Large Cap Fund Regular Growth,https://www.dezerv.in/mutual-funds/hsbc-large-cap-fund-regular-growth-inf336l01016/
Hsbc Large Mid Cap Fund Direct Growth,https://www.dezerv.in/mutual-funds/hsbc-large-mid-cap-fund-direct-growth-inf336l01nv5/
Hsbc Large Mid Cap Fund Regular Growth,https://www.dezerv.in/mutual-funds/hsbc-large-mid-cap-fund-regular-growth-inf336l01ny9/
Hsbc Liquid Fund Direct Growth,https://www.dezerv.in/mutual-funds/hsbc-liquid-fund-direct-growth-inf336l01cc8/
Hsbc Liquid Fund Regular Growth,https://www.dezerv.in/mutual-funds/hsbc-liquid-fund-regular-growth-inf336l01bl1/
Hsbc Low Duration Fund Direct Growth,https://www.dezerv.in/mutual-funds/hsbc-low-duration-fund-direct-growth-inf917k01gm7/
Hsbc Low Duration Fund Regular Growth,https://www.dezerv.in/mutual-funds/hsbc-low-duration-fund-regular-growth-inf677k01452/
Hsbc Managed Solutions India Conservative Direct Growth,https://www.dezerv.in/mutual-funds/hsbc-managed-solutions-india-conservative-direct-growth-inf336l01ip7/
Hsbc Managed Solutions India Conservative Regular Growth,https://www.dezerv.in/mutual-funds/hsbc-managed-solutions-india-conservative-regular-growth-inf336l01im4/
Hsbc Managed Solutions India Growth Direct Growth,https://www.dezerv.in/mutual-funds/hsbc-managed-solutions-india-growth-direct-growth-inf336l01id3/
Hsbc Managed Solutions India Growth Regular Growth,https://www.dezerv.in/mutual-funds/hsbc-managed-solutions-india-growth-regular-growth-inf336l01ia9/
Hsbc Managed Solutions India Moderate Direct Growth,https://www.dezerv.in/mutual-funds/hsbc-managed-solutions-india-moderate-direct-growth-inf336l01ij0/
Hsbc Managed Solutions India Moderate Regular Growth,https://www.dezerv.in/mutual-funds/hsbc-managed-solutions-india-moderate-regular-growth-inf336l01ig6/
Hsbc Medium Duration Direct Growth,https://www.dezerv.in/mutual-funds/hsbc-medium-duration-direct-growth-inf917k01tk4/
Hsbc Medium Duration Regular Growth,https://www.dezerv.in/mutual-funds/hsbc-medium-duration-regular-growth-inf917k01th0/
Hsbc Medium To Long Duration Fund Direct Growth,https://www.dezerv.in/mutual-funds/hsbc-medium-to-long-duration-fund-direct-growth-inf336l01de2/
Hsbc Medium To Long Duration Fund Regular Growth,https://www.dezerv.in/mutual-funds/hsbc-medium-to-long-duration-fund-regular-growth-inf336l01776/
Hsbc Midcap Fund Direct Growth,https://www.dezerv.in/mutual-funds/hsbc-midcap-fund-direct-growth-inf917k01fz1/
Hsbc Midcap Fund Regular Growth,https://www.dezerv.in/mutual-funds/hsbc-midcap-fund-regular-growth-inf917k01254/
Hsbc Money Market Fund Direct Growth,https://www.dezerv.in/mutual-funds/hsbc-money-market-fund-direct-growth-inf917k01fe6/
Hsbc Money Market Fund Regular Growth,https://www.dezerv.in/mutual-funds/hsbc-money-market-fund-regular-growth-inf917k01bc9/
Hsbc Multi Asset Allocation Fund Direct Growth,https://www.dezerv.in/mutual-funds/hsbc-multi-asset-allocation-fund-direct-growth-inf336l01ri3/
Hsbc Multi Asset Allocation Fund Regular Growth,https://www.dezerv.in/mutual-funds/hsbc-multi-asset-allocation-fund-regular-growth-inf336l01rf9/
Hsbc Multi Cap Fund Direct Growth,https://www.dezerv.in/mutual-funds/hsbc-multi-cap-fund-direct-growth-inf336l01qn5/
Hsbc Multi Cap Fund Regular Growth,https://www.dezerv.in/mutual-funds/hsbc-multi-cap-fund-regular-growth-inf336l01qq8/
Hsbc Nifty 50 Index Fund Direct Growth,https://www.dezerv.in/mutual-funds/hsbc-nifty-50-index-fund-direct-growth-inf917k01d12/
Hsbc Nifty 50 Index Fund Regular Growth,https://www.dezerv.in/mutual-funds/hsbc-nifty-50-index-fund-regular-growth-inf917k01d38/
Hsbc Nifty Next 50 Index Fund Direct Growth,https://www.dezerv.in/mutual-funds/hsbc-nifty-next-50-index-fund-direct-growth-inf917k01d79/
Hsbc Nifty Next 50 Index Fund Regular Growth,https://www.dezerv.in/mutual-funds/hsbc-nifty-next-50-index-fund-regular-growth-inf917k01d95/
Hsbc Overnight Fund Direct Growth,https://www.dezerv.in/mutual-funds/hsbc-overnight-fund-direct-growth-inf336l01of6/
Hsbc Overnight Fund Regular Growth,https://www.dezerv.in/mutual-funds/hsbc-overnight-fund-regular-growth-inf336l01ol4/
Hsbc Short Duration Fund Direct Growth,https://www.dezerv.in/mutual-funds/hsbc-short-duration-fund-direct-growth-inf917k01iq4/
Hsbc Short Duration Fund Regular Growth,https://www.dezerv.in/mutual-funds/hsbc-short-duration-fund-regular-growth-inf917k01cl8/
Hsbc Small Cap Fund Direct Growth,https://www.dezerv.in/mutual-funds/hsbc-small-cap-fund-direct-growth-inf917k01qa1/
Hsbc Small Cap Fund Regular Growth,https://www.dezerv.in/mutual-funds/hsbc-small-cap-fund-regular-growth-inf917k01qc7/
Hsbc Tax Saver Equity Fund Direct Growth,https://www.dezerv.in/mutual-funds/hsbc-tax-saver-equity-fund-direct-growth-inf336l01ee0/
Hsbc Tax Saver Equity Fund Regular Growth,https://www.dezerv.in/mutual-funds/hsbc-tax-saver-equity-fund-regular-growth-inf336l01ba4/
Hsbc Ultra Short Duration Fund Direct Growth,https://www.dezerv.in/mutual-funds/hsbc-ultra-short-duration-fund-direct-growth-inf336l01or1/
Hsbc Ultra Short Duration Fund Regular Growth,https://www.dezerv.in/mutual-funds/hsbc-ultra-short-duration-fund-regular-growth-inf336l01ow1/
Hsbc Value Fund Direct Growth,https://www.dezerv.in/mutual-funds/hsbc-value-fund-direct-growth-inf917k01hd4/
Hsbc Value Fund Regular Growth,https://www.dezerv.in/mutual-funds/hsbc-value-fund-regular-growth-inf677k01023/
Icici Pru Multicap Fund Direct Growth,https://www.dezerv.in/mutual-funds/icici-pru-multicap-fund-direct-growth-inf109k014o9/
Icici Pru Multicap Fund Regular Growth,https://www.dezerv.in/mutual-funds/icici-pru-multicap-fund-regular-growth-inf109k01613/
Icici Prudential Active Momentum Fund Direct Growth,https://www.dezerv.in/mutual-funds/icici-prudential-active-momentum-fund-direct-growth-inf109k1a385/
Icici Prudential Active Momentum Fund Regular Growth,https://www.dezerv.in/mutual-funds/icici-prudential-active-momentum-fund-regular-growth-inf109k1a377/
Icici Prudential All Seasons Bond Fund Direct Growth,https://www.dezerv.in/mutual-funds/icici-prudential-all-seasons-bond-fund-direct-growth-inf109k016e5/
Icici Prudential All Seasons Bond Fund Regular Growth,https://www.dezerv.in/mutual-funds/icici-prudential-all-seasons-bond-fund-regular-growth-inf109k01gn9/
Icici Prudential Asset Allocator Fund Fof Direct Growth,https://www.dezerv.in/mutual-funds/icici-prudential-asset-allocator-fund-fof-direct-growth-inf109k01x16/
Icici Prudential Asset Allocator Fund Fof Regular Growth,https://www.dezerv.in/mutual-funds/icici-prudential-asset-allocator-fund-fof-regular-growth-inf109k01837/
Icici Prudential Balanced Advantage Fund Direct Growth,https://www.dezerv.in/mutual-funds/icici-prudential-balanced-advantage-fund-direct-growth-inf109k012b0/
Icici Prudential Balanced Advantage Fund Regular Growth,https://www.dezerv.in/mutual-funds/icici-prudential-balanced-advantage-fund-regular-growth-inf109k01bh2/
Icici Prudential Banking And Financial Services Direct Growth,https://www.dezerv.in/mutual-funds/icici-prudential-banking-and-financial-services-direct-growth-inf109k013j1/
Icici Prudential Banking And Financial Services Regular Growth,https://www.dezerv.in/mutual-funds/icici-prudential-banking-and-financial-services-regular-growth-inf109k01bu5/
Icici Prudential Banking And Psu Debt Fund Direct Growth,https://www.dezerv.in/mutual-funds/icici-prudential-banking-and-psu-debt-fund-direct-growth-inf109k010a6/
Icici Prudential Banking And Psu Debt Fund Regular Growth,https://www.dezerv.in/mutual-funds/icici-prudential-banking-and-psu-debt-fund-regular-growth-inf109k01rt3/
Icici Prudential Bharat 22 Fof Direct Growth,https://www.dezerv.in/mutual-funds/icici-prudential-bharat-22-fof-direct-growth-inf109kc1fx1/
Icici Prudential Bharat 22 Fof Regular Growth,https://www.dezerv.in/mutual-funds/icici-prudential-bharat-22-fof-regular-growth-inf109kc1fw3/
Icici Prudential Bharat Consumption Fund Regular Growth,https://www.dezerv.in/mutual-funds/icici-prudential-bharat-consumption-fund-regular-growth-inf109kc1ya0/
Icici Prudential Bluechip Fund Direct Growth,https://www.dezerv.in/mutual-funds/icici-prudential-bluechip-fund-direct-growth-inf109k016l0/
Icici Prudential Bluechip Fund Regular Growth,https://www.dezerv.in/mutual-funds/icici-prudential-bluechip-fund-regular-growth-inf109k01bl4/
Icici Prudential Bond Fund Direct Growth,https://www.dezerv.in/mutual-funds/icici-prudential-bond-fund-direct-growth-inf109k01v83/
Icici Prudential Bond Fund Regular Growth,https://www.dezerv.in/mutual-funds/icici-prudential-bond-fund-regular-growth-inf109k01bo8/
Icici Prudential Bse Liquid Rate Etf Growth,https://www.dezerv.in/mutual-funds/icici-prudential-bse-liquid-rate-etf-growth-inf109k1a021/
Icici Prudential Business Cycle Fund Direct Growth,https://www.dezerv.in/mutual-funds/icici-prudential-business-cycle-fund-direct-growth-inf109kc1p24/
Icici Prudential Business Cycle Fund Regular Growth,https://www.dezerv.in/mutual-funds/icici-prudential-business-cycle-fund-regular-growth-inf109kc1o90/
Icici Prudential Commodities Fund Direct Growth,https://www.dezerv.in/mutual-funds/icici-prudential-commodities-fund-direct-growth-inf109kc1f91/
Icici Prudential Commodities Fund Regular Growth,https://www.dezerv.in/mutual-funds/icici-prudential-commodities-fund-regular-growth-inf109kc1f67/
Icici Prudential Conglomerate Fund Direct Growth,https://www.dezerv.in/mutual-funds/icici-prudential-conglomerate-fund-direct-growth-inf109k1a427/
Icici Prudential Conglomerate Fund Regular Growth,https://www.dezerv.in/mutual-funds/icici-prudential-conglomerate-fund-regular-growth-inf109k1a393/
Icici Prudential Constant Maturity Gilt Direct Growth,https://www.dezerv.in/mutual-funds/icici-prudential-constant-maturity-gilt-direct-growth-inf109ka1o37/
Icici Prudential Constant Maturity Gilt Regular Growth,https://www.dezerv.in/mutual-funds/icici-prudential-constant-maturity-gilt-regular-growth-inf109ka1n46/
Icici Prudential Corporate Bond Fund Direct Growth,https://www.dezerv.in/mutual-funds/icici-prudential-corporate-bond-fund-direct-growth-inf109k016b1/
Icici Prudential Corporate Bond Fund Regular Growth,https://www.dezerv.in/mutual-funds/icici-prudential-corporate-bond-fund-regular-growth-inf109k01cq1/
Icici Prudential Credit Risk Fund Direct Growth,https://www.dezerv.in/mutual-funds/icici-prudential-credit-risk-fund-direct-growth-inf109k01v00/
Icici Prudential Credit Risk Fund Regular Growth,https://www.dezerv.in/mutual-funds/icici-prudential-credit-risk-fund-regular-growth-inf109k01gu4/
Icici Prudential Crisil Ibx Aaa Bond Financial Services Index Dec 2026 Fund Direct Growth,https://www.dezerv.in/mutual-funds/icici-prudential-crisil-ibx-aaa-bond-financial-services-index-dec-2026-fund-direct-growth-inf109kc15z2/
Icici Prudential Crisil Ibx Aaa Bond Financial Services Index Dec 2026 Fund Regular Growth,https://www.dezerv.in/mutual-funds/icici-prudential-crisil-ibx-aaa-bond-financial-services-index-dec-2026-fund-regular-growth-inf109kc18z6/
Icici Prudential Crisil Ibx Financial Services 3 6 Months Debt Index Fund Direct Growth,https://www.dezerv.in/mutual-funds/icici-prudential-crisil-ibx-financial-services-3-6-months-debt-index-fund-direct-growth-inf109k1a062/
Icici Prudential Crisil Ibx Financial Services 3 6 Months Debt Index Fund Regular Growth,https://www.dezerv.in/mutual-funds/icici-prudential-crisil-ibx-financial-services-3-6-months-debt-index-fund-regular-growth-inf109k1a039/
Icici Prudential Debt Management Fund Fof Direct Growth,https://www.dezerv.in/mutual-funds/icici-prudential-debt-management-fund-fof-direct-growth-inf109k01x73/
Icici Prudential Debt Management Fund Fof Regular Growth,https://www.dezerv.in/mutual-funds/icici-prudential-debt-management-fund-fof-regular-growth-inf109k01878/
Icici Prudential Diversified Equity All Cap Active Fof Direct Growth,https://www.dezerv.in/mutual-funds/icici-prudential-diversified-equity-all-cap-active-fof-direct-growth-inf109k1a468/
Icici Prudential Diversified Equity All Cap Active Fof Regular Growth,https://www.dezerv.in/mutual-funds/icici-prudential-diversified-equity-all-cap-active-fof-regular-growth-inf109k1a450/
Icici Prudential Dividend Yield Equity Fund Direct Growth,https://www.dezerv.in/mutual-funds/icici-prudential-dividend-yield-equity-fund-direct-growth-inf109ka1ua0/
Icici Prudential Dividend Yield Equity Fund Regular Growth,https://www.dezerv.in/mutual-funds/icici-prudential-dividend-yield-equity-fund-regular-growth-inf109ka1tx4/
Icici Prudential Energy Opportunities Fund Direct Growth,https://www.dezerv.in/mutual-funds/icici-prudential-energy-opportunities-fund-direct-growth-inf109kc12w6/
Icici Prudential Energy Opportunities Fund Regular Growth,https://www.dezerv.in/mutual-funds/icici-prudential-energy-opportunities-fund-regular-growth-inf109kc15w9/
Icici Prudential Equity Arbitrage Fund Direct Growth,https://www.dezerv.in/mutual-funds/icici-prudential-equity-arbitrage-fund-direct-growth-inf109k016o4/
Icici Prudential Equity Arbitrage Fund Regular Growth,https://www.dezerv.in/mutual-funds/icici-prudential-equity-arbitrage-fund-regular-growth-inf109k01bf6/
Icici Prudential Equity Debt Fund Direct Growth,https://www.dezerv.in/mutual-funds/icici-prudential-equity-debt-fund-direct-growth-inf109k01y07/
Icici Prudential Equity Debt Fund Regular Growth,https://www.dezerv.in/mutual-funds/icici-prudential-equity-debt-fund-regular-growth-inf109k01480/
Icici Prudential Equity Minimum Variance Fund Direct Growth,https://www.dezerv.in/mutual-funds/icici-prudential-equity-minimum-variance-fund-direct-growth-inf109kc10y6/
Icici Prudential Equity Minimum Variance Fund Regular Growth,https://www.dezerv.in/mutual-funds/icici-prudential-equity-minimum-variance-fund-regular-growth-inf109kc17x3/
Icici Prudential Equity Savings Fund Direct Growth,https://www.dezerv.in/mutual-funds/icici-prudential-equity-savings-fund-direct-growth-inf109ka11j9/
Icici Prudential Equity Savings Fund Regular Growth,https://www.dezerv.in/mutual-funds/icici-prudential-equity-savings-fund-regular-growth-inf109ka14i5/
Icici Prudential Esg Fund Direct Growth,https://www.dezerv.in/mutual-funds/icici-prudential-esg-fund-direct-growth-inf109kc1o09/
Icici Prudential Esg Fund Regular Growth,https://www.dezerv.in/mutual-funds/icici-prudential-esg-fund-regular-growth-inf109kc1n75/
Icici Prudential Exports And Services Fund Direct Growth,https://www.dezerv.in/mutual-funds/icici-prudential-exports-and-services-fund-direct-growth-inf109k01w25/
Icici Prudential Exports And Services Fund Regular Growth,https://www.dezerv.in/mutual-funds/icici-prudential-exports-and-services-fund-regular-growth-inf109k01bb5/
Icici Prudential Fixed Maturity Plan Series 88 1192 Days Plan R Direct Growth,https://www.dezerv.in/mutual-funds/icici-prudential-fixed-maturity-plan-series-88-1192-days-plan-r-direct-growth-inf109kc19q3/
Icici Prudential Fixed Maturity Plan Series 88 1192 Days Plan R Regular Growth,https://www.dezerv.in/mutual-funds/icici-prudential-fixed-maturity-plan-series-88-1192-days-plan-r-regular-growth-inf109kc16q9/
Icici Prudential Fixed Maturity Plan Series 88 1199 Days Plan Q Direct Growth,https://www.dezerv.in/mutual-funds/icici-prudential-fixed-maturity-plan-series-88-1199-days-plan-q-direct-growth-inf109kc13q6/
Icici Prudential Fixed Maturity Plan Series 88 1199 Days Plan Q Regular Growth,https://www.dezerv.in/mutual-funds/icici-prudential-fixed-maturity-plan-series-88-1199-days-plan-q-regular-growth-inf109kc10q2/
Icici Prudential Fixed Maturity Plan Series 88 1226 Days Plan F Direct Growth,https://www.dezerv.in/mutual-funds/icici-prudential-fixed-maturity-plan-series-88-1226-days-plan-f-direct-growth-inf109kc17m6/
Icici Prudential Fixed Maturity Plan Series 88 1226 Days Plan F Regular Growth,https://www.dezerv.in/mutual-funds/icici-prudential-fixed-maturity-plan-series-88-1226-days-plan-f-regular-growth-inf109kc14m3/
Icici Prudential Fixed Maturity Plan Series 88 125 Days Plan H Direct Growth,https://www.dezerv.in/mutual-funds/icici-prudential-fixed-maturity-plan-series-88-125-days-plan-h-direct-growth-inf109kc16n6/
Icici Prudential Fixed Maturity Plan Series 88 125 Days Plan H Regular Growth,https://www.dezerv.in/mutual-funds/icici-prudential-fixed-maturity-plan-series-88-125-days-plan-h-regular-growth-inf109kc14n1/
Icici Prudential Fixed Maturity Plan Series 88 1303 Days Plan S Direct Growth,https://www.dezerv.in/mutual-funds/icici-prudential-fixed-maturity-plan-series-88-1303-days-plan-s-direct-growth-inf109kc14r2/
Icici Prudential Fixed Maturity Plan Series 88 1303 Days Plan S Regular Growth,https://www.dezerv.in/mutual-funds/icici-prudential-fixed-maturity-plan-series-88-1303-days-plan-s-regular-growth-inf109kc12r6/
Icici Prudential Fixed Maturity Plan Series 88 182 Days Plan J Direct Growth,https://www.dezerv.in/mutual-funds/icici-prudential-fixed-maturity-plan-series-88-182-days-plan-j-direct-growth-inf109kc16o4/
Icici Prudential Fixed Maturity Plan Series 88 182 Days Plan J Regular Growth,https://www.dezerv.in/mutual-funds/icici-prudential-fixed-maturity-plan-series-88-182-days-plan-j-regular-growth-inf109kc14o9/
Icici Prudential Fixed Maturity Plan Series 88 1828 Days Plan A Direct Growth,https://www.dezerv.in/mutual-funds/icici-prudential-fixed-maturity-plan-series-88-1828-days-plan-a-direct-growth-inf109kc1t95/
Icici Prudential Fixed Maturity Plan Series 88 1828 Days Plan A Regular Growth,https://www.dezerv.in/mutual-funds/icici-prudential-fixed-maturity-plan-series-88-1828-days-plan-a-regular-growth-inf109kc1t61/
Icici Prudential Fixed Maturity Plan Series 88 1833 Days Plan C Direct Growth,https://www.dezerv.in/mutual-funds/icici-prudential-fixed-maturity-plan-series-88-1833-days-plan-c-direct-growth-inf109kc1x57/
Icici Prudential Fixed Maturity Plan Series 88 1833 Days Plan C Regular Growth,https://www.dezerv.in/mutual-funds/icici-prudential-fixed-maturity-plan-series-88-1833-days-plan-c-regular-growth-inf109kc1x24/
Icici Prudential Fixed Maturity Plan Series 88 1858 Days Plan D Direct Growth,https://www.dezerv.in/mutual-funds/icici-prudential-fixed-maturity-plan-series-88-1858-days-plan-d-direct-growth-inf109kc18a9/
Icici Prudential Fixed Maturity Plan Series 88 1858 Days Plan D Regular Growth,https://www.dezerv.in/mutual-funds/icici-prudential-fixed-maturity-plan-series-88-1858-days-plan-d-regular-growth-inf109kc15a5/
Icici Prudential Fixed Maturity Plan Series 88 226 Days Plan E Direct Growth,https://www.dezerv.in/mutual-funds/icici-prudential-fixed-maturity-plan-series-88-226-days-plan-e-direct-growth-inf109kc17d5/
Icici Prudential Fixed Maturity Plan Series 88 93 Days Plan P Direct Growth,https://www.dezerv.in/mutual-funds/icici-prudential-fixed-maturity-plan-series-88-93-days-plan-p-direct-growth-inf109kc18p7/
Icici Prudential Fixed Maturity Plan Series 88 93 Days Plan P Regular Growth,https://www.dezerv.in/mutual-funds/icici-prudential-fixed-maturity-plan-series-88-93-days-plan-p-regular-growth-inf109kc16p1/
Icici Prudential Fixed Maturity Plan Series 88 95 Days Plan B Direct Growth,https://www.dezerv.in/mutual-funds/icici-prudential-fixed-maturity-plan-series-88-95-days-plan-b-direct-growth-inf109kc1x08/
Icici Prudential Fixed Maturity Plan Series 88 95 Days Plan B Regular Growth,https://www.dezerv.in/mutual-funds/icici-prudential-fixed-maturity-plan-series-88-95-days-plan-b-regular-growth-inf109kc1w82/
Icici Prudential Fixed Maturity Plan Series 89 91 Days Plan G Direct Growth,https://www.dezerv.in/mutual-funds/icici-prudential-fixed-maturity-plan-series-89-91-days-plan-g-direct-growth-inf109kc12v8/
Icici Prudential Fixed Maturity Plan Series 89 91 Days Plan G Regular Growth,https://www.dezerv.in/mutual-funds/icici-prudential-fixed-maturity-plan-series-89-91-days-plan-g-regular-growth-inf109kc14v4/
Icici Prudential Flexicap Fund Direct Growth,https://www.dezerv.in/mutual-funds/icici-prudential-flexicap-fund-direct-growth-inf109kc1r14/
Icici Prudential Flexicap Fund Regular Growth,https://www.dezerv.in/mutual-funds/icici-prudential-flexicap-fund-regular-growth-inf109kc1q80/
Icici Prudential Floating Interest Fund Direct Growth,https://www.dezerv.in/mutual-funds/icici-prudential-floating-interest-fund-direct-growth-inf109k01p57/
Icici Prudential Floating Interest Fund Regular Growth,https://www.dezerv.in/mutual-funds/icici-prudential-floating-interest-fund-regular-growth-inf109k01ax1/
Icici Prudential Fmcg Fund Direct Growth,https://www.dezerv.in/mutual-funds/icici-prudential-fmcg-fund-direct-growth-inf109k01z14/
Icici Prudential Fmcg Fund Regular Growth,https://www.dezerv.in/mutual-funds/icici-prudential-fmcg-fund-regular-growth-inf109k01415/
Icici Prudential Focused Equity Fund Direct Growth,https://www.dezerv.in/mutual-funds/icici-prudential-focused-equity-fund-direct-growth-inf109k018n2/
Icici Prudential Focused Equity Fund Regular Growth,https://www.dezerv.in/mutual-funds/icici-prudential-focused-equity-fund-regular-growth-inf109k01bz4/
Icici Prudential Gilt Fund Direct Growth,https://www.dezerv.in/mutual-funds/icici-prudential-gilt-fund-direct-growth-inf109k018c5/
Icici Prudential Gilt Fund Regular Growth,https://www.dezerv.in/mutual-funds/icici-prudential-gilt-fund-regular-growth-inf109k01jr4/
Icici Prudential Global Advantage Fund Fof Direct Growth,https://www.dezerv.in/mutual-funds/icici-prudential-global-advantage-fund-fof-direct-growth-inf109kc1f34/
Icici Prudential Global Advantage Fund Fof Regular Growth,https://www.dezerv.in/mutual-funds/icici-prudential-global-advantage-fund-fof-regular-growth-inf109kc1f00/
Icici Prudential Global Stable Equity Fund Fof Direct Growth,https://www.dezerv.in/mutual-funds/icici-prudential-global-stable-equity-fund-fof-direct-growth-inf109ka1ce0/
Icici Prudential Global Stable Equity Fund Fof Regular Growth,https://www.dezerv.in/mutual-funds/icici-prudential-global-stable-equity-fund-fof-regular-growth-inf109ka1cb6/
Icici Prudential Gold Etf,https://www.dezerv.in/mutual-funds/icici-prudential-gold-etf-inf109kc1nt3/
Icici Prudential Housing Opportunities Fund Direct Growth,https://www.dezerv.in/mutual-funds/icici-prudential-housing-opportunities-fund-direct-growth-inf109kc10c2/
Icici Prudential Housing Opportunities Fund Regular Growth,https://www.dezerv.in/mutual-funds/icici-prudential-housing-opportunities-fund-regular-growth-inf109kc17b9/
Icici Prudential Income Optimizer Fund Fof Direct Growth,https://www.dezerv.in/mutual-funds/icici-prudential-income-optimizer-fund-fof-direct-growth-inf109k01w82/
Icici Prudential Income Optimizer Fund Fof Regular Growth,https://www.dezerv.in/mutual-funds/icici-prudential-income-optimizer-fund-fof-regular-growth-inf109k01811/
Icici Prudential India Equity Fof Direct Growth,https://www.dezerv.in/mutual-funds/icici-prudential-india-equity-fof-direct-growth-inf109kc1i49/
Icici Prudential India Equity Fof Regular Growth,https://www.dezerv.in/mutual-funds/icici-prudential-india-equity-fof-regular-growth-inf109kc1i15/
Icici Prudential India Opportunities Fund Direct Growth,https://www.dezerv.in/mutual-funds/icici-prudential-india-opportunities-fund-direct-growth-inf109kc1rh9/
Icici Prudential India Opportunities Fund Regular Growth,https://www.dezerv.in/mutual-funds/icici-prudential-india-opportunities-fund-regular-growth-inf109kc1re6/
Icici Prudential Infrastructure Fund Direct Growth,https://www.dezerv.in/mutual-funds/icici-prudential-infrastructure-fund-direct-growth-inf109k018m4/
Icici Prudential Infrastructure Fund Regular Growth,https://www.dezerv.in/mutual-funds/icici-prudential-infrastructure-fund-regular-growth-inf109k01av5/
Icici Prudential Innovation Fund Direct Growth,https://www.dezerv.in/mutual-funds/icici-prudential-innovation-fund-direct-growth-inf109kc12t2/
Icici Prudential Innovation Fund Regular Growth,https://www.dezerv.in/mutual-funds/icici-prudential-innovation-fund-regular-growth-inf109kc19s9/
Icici Prudential Large Mid Cap Fund Direct Growth,https://www.dezerv.in/mutual-funds/icici-prudential-large-mid-cap-fund-direct-growth-inf109k011o5/
Icici Prudential Large Mid Cap Fund Regular Growth,https://www.dezerv.in/mutual-funds/icici-prudential-large-mid-cap-fund-regular-growth-inf109k01431/
Icici Prudential Liquid Fund Direct Growth,https://www.dezerv.in/mutual-funds/icici-prudential-liquid-fund-direct-growth-inf109k01q49/
Icici Prudential Liquid Fund Regular Growth,https://www.dezerv.in/mutual-funds/icici-prudential-liquid-fund-regular-growth-inf109k01vq1/
Icici Prudential Long Term Bond Fund Direct Growth,https://www.dezerv.in/mutual-funds/icici-prudential-long-term-bond-fund-direct-growth-inf109k017l8/
Icici Prudential Long Term Bond Fund Regular Growth,https://www.dezerv.in/mutual-funds/icici-prudential-long-term-bond-fund-regular-growth-inf109k01365/
Icici Prudential Long Term Equity Fund Tax Saving Direct Growth,https://www.dezerv.in/mutual-funds/icici-prudential-long-term-equity-fund-tax-saving-direct-growth-inf109k01y31/
Icici Prudential Long Term Equity Fund Tax Saving Regular Growth,https://www.dezerv.in/mutual-funds/icici-prudential-long-term-equity-fund-tax-saving-regular-growth-inf109k01464/
Icici Prudential Long Term Wealth Enhancement Fund Direct Growth,https://www.dezerv.in/mutual-funds/icici-prudential-long-term-wealth-enhancement-fund-direct-growth-inf109kc1093/
Icici Prudential Long Term Wealth Enhancement Fund Regular Growth,https://www.dezerv.in/mutual-funds/icici-prudential-long-term-wealth-enhancement-fund-regular-growth-inf109kc1077/
Icici Prudential Manufacturing Fund Direct Growth,https://www.dezerv.in/mutual-funds/icici-prudential-manufacturing-fund-direct-growth-inf109kc1lj8/
Icici Prudential Manufacturing Fund Regular Growth,https://www.dezerv.in/mutual-funds/icici-prudential-manufacturing-fund-regular-growth-inf109kc1lg4/
Icici Prudential Medium Term Bond Fund Direct Growth,https://www.dezerv.in/mutual-funds/icici-prudential-medium-term-bond-fund-direct-growth-inf109k015a5/
Icici Prudential Medium Term Bond Fund Regular Growth,https://www.dezerv.in/mutual-funds/icici-prudential-medium-term-bond-fund-regular-growth-inf109k01ah4/
Icici Prudential Midcap Fund Direct Growth,https://www.dezerv.in/mutual-funds/icici-prudential-midcap-fund-direct-growth-inf109k011n7/
Icici Prudential Midcap Fund Regular Growth,https://www.dezerv.in/mutual-funds/icici-prudential-midcap-fund-regular-growth-inf109k01an2/
Icici Prudential Midcap Select Etf,https://www.dezerv.in/mutual-funds/icici-prudential-midcap-select-etf-inf109kb1xt3/
Icici Prudential Midcap Select Etf,https://www.dezerv.in/mutual-funds/icici-prudential-midcap-select-etf-inf109kc10w0/
Icici Prudential Mnc Fund Direct Growth,https://www.dezerv.in/mutual-funds/icici-prudential-mnc-fund-direct-growth-inf109kc1d93/
Icici Prudential Mnc Fund Regular Growth,https://www.dezerv.in/mutual-funds/icici-prudential-mnc-fund-regular-growth-inf109kc1d69/
Icici Prudential Money Market Fund Direct Growth,https://www.dezerv.in/mutual-funds/icici-prudential-money-market-fund-direct-growth-inf109k01r14/
Icici Prudential Money Market Fund Regular Growth,https://www.dezerv.in/mutual-funds/icici-prudential-money-market-fund-regular-growth-inf109k01tx1/
Icici Prudential Multi Asset Fund Direct Growth,https://www.dezerv.in/mutual-funds/icici-prudential-multi-asset-fund-direct-growth-inf109k015k4/
Icici Prudential Multi Asset Fund Regular Growth,https://www.dezerv.in/mutual-funds/icici-prudential-multi-asset-fund-regular-growth-inf109k01761/
Icici Prudential Nasdaq 100 Index Fund Direct Growth,https://www.dezerv.in/mutual-funds/icici-prudential-nasdaq-100-index-fund-direct-growth-inf109kc1u50/
Icici Prudential Nasdaq 100 Index Fund Regular Growth,https://www.dezerv.in/mutual-funds/icici-prudential-nasdaq-100-index-fund-regular-growth-inf109kc1u27/
Icici Prudential Nifty 100 Etf,https://www.dezerv.in/mutual-funds/icici-prudential-nifty-100-etf-inf109ka1962/
Icici Prudential Nifty 100 Etf,https://www.dezerv.in/mutual-funds/icici-prudential-nifty-100-etf-inf109kc16v9/
Icici Prudential Nifty 100 Low Volatility 30 Etf Fof Direct Growth,https://www.dezerv.in/mutual-funds/icici-prudential-nifty-100-low-volatility-30-etf-fof-direct-growth-inf109kc1p81/
Icici Prudential Nifty 100 Low Volatility 30 Etf Fof Regular Growth,https://www.dezerv.in/mutual-funds/icici-prudential-nifty-100-low-volatility-30-etf-fof-regular-growth-inf109kc1p57/
Icici Prudential Nifty 100 Low Volatility 30 Etf,https://www.dezerv.in/mutual-funds/icici-prudential-nifty-100-low-volatility-30-etf-inf109kb10t8/
Icici Prudential Nifty 100 Low Volatility 30 Etf,https://www.dezerv.in/mutual-funds/icici-prudential-nifty-100-low-volatility-30-etf-inf109kc19u5/
Icici Prudential Nifty 200 Momentum 30 Etf,https://www.dezerv.in/mutual-funds/icici-prudential-nifty-200-momentum-30-etf-inf109kc17c7/
Icici Prudential Nifty 200 Momentum 30 Index Fund Direct Growth,https://www.dezerv.in/mutual-funds/icici-prudential-nifty-200-momentum-30-index-fund-direct-growth-inf109kc11d8/
Icici Prudential Nifty 200 Momentum 30 Index Fund Regular Growth,https://www.dezerv.in/mutual-funds/icici-prudential-nifty-200-momentum-30-index-fund-regular-growth-inf109kc18c5/
Icici Prudential Nifty 200 Quality 30 Etf,https://www.dezerv.in/mutual-funds/icici-prudential-nifty-200-quality-30-etf-inf109kc15t5/
Icici Prudential Nifty 200 Quality 30 Etf,https://www.dezerv.in/mutual-funds/icici-prudential-nifty-200-quality-30-etf-inf109kc18v5/
Icici Prudential Nifty 5 Yr Bench G Sec Etf,https://www.dezerv.in/mutual-funds/icici-prudential-nifty-5-yr-bench-g-sec-etf-inf109kc14a8/
Icici Prudential Nifty 50 Equal Weight Index Fund Direct Growth,https://www.dezerv.in/mutual-funds/icici-prudential-nifty-50-equal-weight-index-fund-direct-growth-inf109kc10j7/
Icici Prudential Nifty 50 Equal Weight Index Fund Regular Growth,https://www.dezerv.in/mutual-funds/icici-prudential-nifty-50-equal-weight-index-fund-regular-growth-inf109kc17i4/
Icici Prudential Nifty 50 Etf,https://www.dezerv.in/mutual-funds/icici-prudential-nifty-50-etf-inf109k012r6/
Icici Prudential Nifty 50 Index Fund Direct Growth,https://www.dezerv.in/mutual-funds/icici-prudential-nifty-50-index-fund-direct-growth-inf109k012m7/
Icici Prudential Nifty 50 Index Fund Regular Growth,https://www.dezerv.in/mutual-funds/icici-prudential-nifty-50-index-fund-regular-growth-inf109k01pi0/
Icici Prudential Nifty 500 Index Fund Direct Growth,https://www.dezerv.in/mutual-funds/icici-prudential-nifty-500-index-fund-direct-growth-inf109kc16y3/
Icici Prudential Nifty 500 Index Fund Regular Growth,https://www.dezerv.in/mutual-funds/icici-prudential-nifty-500-index-fund-regular-growth-inf109kc13y0/
Icici Prudential Nifty Alpha Low Volatility 30 Etf Fof Direct Growth,https://www.dezerv.in/mutual-funds/icici-prudential-nifty-alpha-low-volatility-30-etf-fof-direct-growth-inf109kc1r89/
Icici Prudential Nifty Alpha Low Volatility 30 Etf Fof Regular Growth,https://www.dezerv.in/mutual-funds/icici-prudential-nifty-alpha-low-volatility-30-etf-fof-regular-growth-inf109kc1r55/
Icici Prudential Nifty Alpha Low Volatility 30 Etf,https://www.dezerv.in/mutual-funds/icici-prudential-nifty-alpha-low-volatility-30-etf-inf109kc17v7/
Icici Prudential Nifty Alpha Low Volatility 30 Etf,https://www.dezerv.in/mutual-funds/icici-prudential-nifty-alpha-low-volatility-30-etf-inf109kc1n59/
Icici Prudential Nifty Auto Etf,https://www.dezerv.in/mutual-funds/icici-prudential-nifty-auto-etf-inf109kc10v2/
Icici Prudential Nifty Auto Etf,https://www.dezerv.in/mutual-funds/icici-prudential-nifty-auto-etf-inf109kc1y49/
Icici Prudential Nifty Auto Index Fund Direct Growth,https://www.dezerv.in/mutual-funds/icici-prudential-nifty-auto-index-fund-direct-growth-inf109kc16j4/
Icici Prudential Nifty Auto Index Fund Regular Growth,https://www.dezerv.in/mutual-funds/icici-prudential-nifty-auto-index-fund-regular-growth-inf109kc13j1/
Icici Prudential Nifty Bank Etf,https://www.dezerv.in/mutual-funds/icici-prudential-nifty-bank-etf-inf109kc15i8/
Icici Prudential Nifty Bank Index Fund Direct Growth,https://www.dezerv.in/mutual-funds/icici-prudential-nifty-bank-index-fund-direct-growth-inf109kc11a4/
Icici Prudential Nifty Bank Index Fund Regular Growth,https://www.dezerv.in/mutual-funds/icici-prudential-nifty-bank-index-fund-regular-growth-inf109kc1z89/
Icici Prudential Nifty Commodities Etf,https://www.dezerv.in/mutual-funds/icici-prudential-nifty-commodities-etf-inf109kc19o8/
Icici Prudential Nifty Ev New Age Automotive Etf Fof Direct Growth,https://www.dezerv.in/mutual-funds/icici-prudential-nifty-ev-new-age-automotive-etf-fof-direct-growth-inf109k1a120/
Icici Prudential Nifty Ev New Age Automotive Etf Fof Regular Growth,https://www.dezerv.in/mutual-funds/icici-prudential-nifty-ev-new-age-automotive-etf-fof-regular-growth-inf109k1a096/
Icici Prudential Nifty Ev New Age Automotive Etf,https://www.dezerv.in/mutual-funds/icici-prudential-nifty-ev-new-age-automotive-etf-inf109k1a153/
Icici Prudential Nifty Financial Services Ex Bank Etf,https://www.dezerv.in/mutual-funds/icici-prudential-nifty-financial-services-ex-bank-etf-inf109kc17l8/
Icici Prudential Nifty Fmcg Etf,https://www.dezerv.in/mutual-funds/icici-prudential-nifty-fmcg-etf-inf109kc19v3/
Icici Prudential Nifty Fmcg Etf,https://www.dezerv.in/mutual-funds/icici-prudential-nifty-fmcg-etf-inf109kc1r48/
Icici Prudential Nifty G Sec Dec 2030 Index Fund Direct Growth,https://www.dezerv.in/mutual-funds/icici-prudential-nifty-g-sec-dec-2030-index-fund-direct-growth-inf109kc18k8/
Icici Prudential Nifty G Sec Dec 2030 Index Fund Regular Growth,https://www.dezerv.in/mutual-funds/icici-prudential-nifty-g-sec-dec-2030-index-fund-regular-growth-inf109kc15k4/
Icici Prudential Nifty Healthcare Etf,https://www.dezerv.in/mutual-funds/icici-prudential-nifty-healthcare-etf-inf109kc1q72/
Icici Prudential Nifty India Consumption Etf,https://www.dezerv.in/mutual-funds/icici-prudential-nifty-india-consumption-etf-inf109kc1v42/
Icici Prudential Nifty Infrastructure Etf,https://www.dezerv.in/mutual-funds/icici-prudential-nifty-infrastructure-etf-inf109kc16e5/
Icici Prudential Nifty It Etf,https://www.dezerv.in/mutual-funds/icici-prudential-nifty-it-etf-inf109kc16i6/
Icici Prudential Nifty It Index Fund Direct Growth,https://www.dezerv.in/mutual-funds/icici-prudential-nifty-it-index-fund-direct-growth-inf109kc13e2/
Icici Prudential Nifty It Index Fund Regular Growth,https://www.dezerv.in/mutual-funds/icici-prudential-nifty-it-index-fund-regular-growth-inf109kc10e8/
Icici Prudential Nifty Largemidcap 250 Index Fund Direct Growth,https://www.dezerv.in/mutual-funds/icici-prudential-nifty-largemidcap-250-index-fund-direct-growth-inf109kc12u0/
Icici Prudential Nifty Largemidcap 250 Index Fund Regular Growth,https://www.dezerv.in/mutual-funds/icici-prudential-nifty-largemidcap-250-index-fund-regular-growth-inf109kc15u3/
Icici Prudential Nifty Metal Etf,https://www.dezerv.in/mutual-funds/icici-prudential-nifty-metal-etf-inf109kc19w1/
Icici Prudential Nifty Midcap 150 Etf,https://www.dezerv.in/mutual-funds/icici-prudential-nifty-midcap-150-etf-inf109kc11w8/
Icici Prudential Nifty Midcap 150 Etf,https://www.dezerv.in/mutual-funds/icici-prudential-nifty-midcap-150-etf-inf109kc1g82/
Icici Prudential Nifty Midcap 150 Index Fund Direct Growth,https://www.dezerv.in/mutual-funds/icici-prudential-nifty-midcap-150-index-fund-direct-growth-inf109kc1w58/
Icici Prudential Nifty Midcap 150 Index Fund Regular Growth,https://www.dezerv.in/mutual-funds/icici-prudential-nifty-midcap-150-index-fund-regular-growth-inf109kc1w25/
Icici Prudential Nifty Next 50 Etf,https://www.dezerv.in/mutual-funds/icici-prudential-nifty-next-50-etf-inf109kc1ns5/
Icici Prudential Nifty Next 50 Index Direct Growth,https://www.dezerv.in/mutual-funds/icici-prudential-nifty-next-50-index-direct-growth-inf109k01y80/
Icici Prudential Nifty Next 50 Index Regular Growth,https://www.dezerv.in/mutual-funds/icici-prudential-nifty-next-50-index-regular-growth-inf109k01if1/
Icici Prudential Nifty Oil Gas Etf,https://www.dezerv.in/mutual-funds/icici-prudential-nifty-oil-gas-etf-inf109kc18w3/
Icici Prudential Nifty Pharma Index Fund Direct Growth,https://www.dezerv.in/mutual-funds/icici-prudential-nifty-pharma-index-fund-direct-growth-inf109kc11m9/
Icici Prudential Nifty Pharma Index Fund Regular Growth,https://www.dezerv.in/mutual-funds/icici-prudential-nifty-pharma-index-fund-regular-growth-inf109kc18l6/
Icici Prudential Nifty Private Bank Index Fund Direct Growth,https://www.dezerv.in/mutual-funds/icici-prudential-nifty-private-bank-index-fund-direct-growth-inf109k1a369/
Icici Prudential Nifty Private Bank Index Fund Regular Growth,https://www.dezerv.in/mutual-funds/icici-prudential-nifty-private-bank-index-fund-regular-growth-inf109k1a351/
Icici Prudential Nifty Private Banks Etf,https://www.dezerv.in/mutual-funds/icici-prudential-nifty-private-banks-etf-inf109kc18u7/
Icici Prudential Nifty Private Banks Etf,https://www.dezerv.in/mutual-funds/icici-prudential-nifty-private-banks-etf-inf109kc1e35/
Icici Prudential Nifty Psu Bank Etf,https://www.dezerv.in/mutual-funds/icici-prudential-nifty-psu-bank-etf-inf109kc10s8/
Icici Prudential Nifty Psu Bond Plus Sdl Sep 2027 40 60 Index Fund Direct Growth,https://www.dezerv.in/mutual-funds/icici-prudential-nifty-psu-bond-plus-sdl-sep-2027-40-60-index-fund-direct-growth-inf109kc1s88/
Icici Prudential Nifty Psu Bond Plus Sdl Sep 2027 40 60 Index Fund Regular Growth,https://www.dezerv.in/mutual-funds/icici-prudential-nifty-psu-bond-plus-sdl-sep-2027-40-60-index-fund-regular-growth-inf109kc1s13/
Icici Prudential Nifty Sdl Dec 2028 Index Fund Direct Growth,https://www.dezerv.in/mutual-funds/icici-prudential-nifty-sdl-dec-2028-index-fund-direct-growth-inf109kc14l5/
Icici Prudential Nifty Sdl Dec 2028 Index Fund Regular Growth,https://www.dezerv.in/mutual-funds/icici-prudential-nifty-sdl-dec-2028-index-fund-regular-growth-inf109kc11l1/
Icici Prudential Nifty Sdl Sep 2026 Index Fund Direct Growth,https://www.dezerv.in/mutual-funds/icici-prudential-nifty-sdl-sep-2026-index-fund-direct-growth-inf109kc13p8/
Icici Prudential Nifty Sdl Sep 2026 Index Fund Regular Growth,https://www.dezerv.in/mutual-funds/icici-prudential-nifty-sdl-sep-2026-index-fund-regular-growth-inf109kc10p4/
Icici Prudential Nifty Sdl Sep 2027 Index Fund Direct Growth,https://www.dezerv.in/mutual-funds/icici-prudential-nifty-sdl-sep-2027-index-fund-direct-growth-inf109kc14b6/
Icici Prudential Nifty Sdl Sep 2027 Index Fund Regular Growth,https://www.dezerv.in/mutual-funds/icici-prudential-nifty-sdl-sep-2027-index-fund-regular-growth-inf109kc11b2/
Icici Prudential Nifty Smallcap 250 Index Fund Direct Growth,https://www.dezerv.in/mutual-funds/icici-prudential-nifty-smallcap-250-index-fund-direct-growth-inf109kc1v18/
Icici Prudential Nifty Smallcap 250 Index Fund Regular Growth,https://www.dezerv.in/mutual-funds/icici-prudential-nifty-smallcap-250-index-fund-regular-growth-inf109kc1u84/
Icici Prudential Nifty Top 15 Equal Weight Etf,https://www.dezerv.in/mutual-funds/icici-prudential-nifty-top-15-equal-weight-etf-inf109k1a344/
Icici Prudential Nifty Top 15 Equal Weight Index Fund Direct Growth,https://www.dezerv.in/mutual-funds/icici-prudential-nifty-top-15-equal-weight-index-fund-direct-growth-inf109k1a310/
Icici Prudential Nifty Top 15 Equal Weight Index Fund Regular Growth,https://www.dezerv.in/mutual-funds/icici-prudential-nifty-top-15-equal-weight-index-fund-regular-growth-inf109k1a286/
Icici Prudential Nifty200 Quality 30 Index Fund Direct Growth,https://www.dezerv.in/mutual-funds/icici-prudential-nifty200-quality-30-index-fund-direct-growth-inf109k1a252/
Icici Prudential Nifty200 Quality 30 Index Fund Regular Growth,https://www.dezerv.in/mutual-funds/icici-prudential-nifty200-quality-30-index-fund-regular-growth-inf109k1a229/
Icici Prudential Nifty200 Value 30 Etf,https://www.dezerv.in/mutual-funds/icici-prudential-nifty200-value-30-etf-inf109kc16x5/
Icici Prudential Nifty200 Value 30 Index Fund Direct Growth,https://www.dezerv.in/mutual-funds/icici-prudential-nifty200-value-30-index-fund-direct-growth-inf109kc13x2/
Icici Prudential Nifty200 Value 30 Index Fund Regular Growth,https://www.dezerv.in/mutual-funds/icici-prudential-nifty200-value-30-index-fund-regular-growth-inf109kc10x8/
Icici Prudential Nifty50 Value 20 Etf,https://www.dezerv.in/mutual-funds/icici-prudential-nifty50-value-20-etf-inf109kb1wy5/
Icici Prudential Nifty50 Value 20 Etf,https://www.dezerv.in/mutual-funds/icici-prudential-nifty50-value-20-etf-inf109kc11v0/
Icici Prudential Nifty50 Value 20 Index Fund Direct Growth,https://www.dezerv.in/mutual-funds/icici-prudential-nifty50-value-20-index-fund-direct-growth-inf109kc16t3/
Icici Prudential Nifty50 Value 20 Index Fund Regular Growth,https://www.dezerv.in/mutual-funds/icici-prudential-nifty50-value-20-index-fund-regular-growth-inf109kc19t7/
Icici Prudential Overnight Fund Direct Growth,https://www.dezerv.in/mutual-funds/icici-prudential-overnight-fund-direct-growth-inf109kc11g1/
Icici Prudential Overnight Fund Regular Growth,https://www.dezerv.in/mutual-funds/icici-prudential-overnight-fund-regular-growth-inf109kc17e3/
Icici Prudential Passive Multi Asset Fund Of Funds Direct Growth,https://www.dezerv.in/mutual-funds/icici-prudential-passive-multi-asset-fund-of-funds-direct-growth-inf109kc1y15/
Icici Prudential Passive Multi Asset Fund Of Funds Regular Growth,https://www.dezerv.in/mutual-funds/icici-prudential-passive-multi-asset-fund-of-funds-regular-growth-inf109kc1x81/
Icici Prudential Passive Strategy Fund Fof Direct Growth,https://www.dezerv.in/mutual-funds/icici-prudential-passive-strategy-fund-fof-direct-growth-inf109k01w58/
Icici Prudential Passive Strategy Fund Fof Regular Growth,https://www.dezerv.in/mutual-funds/icici-prudential-passive-strategy-fund-fof-regular-growth-inf109k01795/
Icici Prudential Pharma Healthcare And Diagnostics P H D Fund Direct Growth,https://www.dezerv.in/mutual-funds/icici-prudential-pharma-healthcare-and-diagnostics-p-h-d-fund-direct-growth-inf109kc1gh2/
Icici Prudential Pharma Healthcare And Diagnostics P H D Fund Regular Growth,https://www.dezerv.in/mutual-funds/icici-prudential-pharma-healthcare-and-diagnostics-p-h-d-fund-regular-growth-inf109kc1ge9/
Icici Prudential Psu Equity Fund Direct Growth,https://www.dezerv.in/mutual-funds/icici-prudential-psu-equity-fund-direct-growth-inf109kc12i5/
Icici Prudential Psu Equity Fund Regular Growth,https://www.dezerv.in/mutual-funds/icici-prudential-psu-equity-fund-regular-growth-inf109kc19h2/
Icici Prudential Quality Fund Direct Growth,https://www.dezerv.in/mutual-funds/icici-prudential-quality-fund-direct-growth-inf109k1a187/
Icici Prudential Quality Fund Regular Growth,https://www.dezerv.in/mutual-funds/icici-prudential-quality-fund-regular-growth-inf109k1a211/
Icici Prudential Quant Fund Direct Growth,https://www.dezerv.in/mutual-funds/icici-prudential-quant-fund-direct-growth-inf109kc1o66/
Icici Prudential Quant Fund Regular Growth,https://www.dezerv.in/mutual-funds/icici-prudential-quant-fund-regular-growth-inf109kc1o33/
Icici Prudential Regular Gold Savings Fof Direct Growth,https://www.dezerv.in/mutual-funds/icici-prudential-regular-gold-savings-fof-direct-growth-inf109k01u92/
Icici Prudential Regular Gold Savings Fof Regular Growth,https://www.dezerv.in/mutual-funds/icici-prudential-regular-gold-savings-fof-regular-growth-inf109k01tk8/
Icici Prudential Regular Savings Fund Direct Growth,https://www.dezerv.in/mutual-funds/icici-prudential-regular-savings-fund-direct-growth-inf109k01s39/
Icici Prudential Regular Savings Fund Regular Growth,https://www.dezerv.in/mutual-funds/icici-prudential-regular-savings-fund-regular-growth-inf109k01902/
Icici Prudential Retirement Fund Hybrid Aggressive Plan Direct Growth,https://www.dezerv.in/mutual-funds/icici-prudential-retirement-fund-hybrid-aggressive-plan-direct-growth-inf109kc1tw4/
Icici Prudential Retirement Fund Hybrid Aggressive Plan Regular Growth,https://www.dezerv.in/mutual-funds/icici-prudential-retirement-fund-hybrid-aggressive-plan-regular-growth-inf109kc1tu8/
Icici Prudential Retirement Fund Hybrid Conservative Plan Direct Growth,https://www.dezerv.in/mutual-funds/icici-prudential-retirement-fund-hybrid-conservative-plan-direct-growth-inf109kc1ua8/
Icici Prudential Retirement Fund Hybrid Conservative Plan Regular Growth,https://www.dezerv.in/mutual-funds/icici-prudential-retirement-fund-hybrid-conservative-plan-regular-growth-inf109kc1ty0/
Icici Prudential Retirement Fund Pure Debt Plan Direct Growth,https://www.dezerv.in/mutual-funds/icici-prudential-retirement-fund-pure-debt-plan-direct-growth-inf109kc1ue0/
Icici Prudential Retirement Fund Pure Debt Plan Regular Growth,https://www.dezerv.in/mutual-funds/icici-prudential-retirement-fund-pure-debt-plan-regular-growth-inf109kc1uc4/
Icici Prudential Retirement Fund Pure Equity Plan Direct Growth,https://www.dezerv.in/mutual-funds/icici-prudential-retirement-fund-pure-equity-plan-direct-growth-inf109kc1ts2/
Icici Prudential Retirement Fund Pure Equity Plan Regular Growth,https://www.dezerv.in/mutual-funds/icici-prudential-retirement-fund-pure-equity-plan-regular-growth-inf109kc1tq6/
Icici Prudential Rural Opportunities Fund Direct Growth,https://www.dezerv.in/mutual-funds/icici-prudential-rural-opportunities-fund-direct-growth-inf109kc12z9/
Icici Prudential Rural Opportunities Fund Regular Growth,https://www.dezerv.in/mutual-funds/icici-prudential-rural-opportunities-fund-regular-growth-inf109kc19y7/
Icici Prudential S P Bse 500 Etf Fof Direct Growth,https://www.dezerv.in/mutual-funds/icici-prudential-s-p-bse-500-etf-fof-direct-growth-inf109kc1v91/
Icici Prudential S P Bse 500 Etf Fof Regular Growth,https://www.dezerv.in/mutual-funds/icici-prudential-s-p-bse-500-etf-fof-regular-growth-inf109kc1v67/
Icici Prudential S P Bse 500 Etf,https://www.dezerv.in/mutual-funds/icici-prudential-s-p-bse-500-etf-inf109kc1v59/
Icici Prudential S P Bse Liquid Rate Etf,https://www.dezerv.in/mutual-funds/icici-prudential-s-p-bse-liquid-rate-etf-inf109kc1kt9/
Icici Prudential S P Bse Sensex Etf,https://www.dezerv.in/mutual-funds/icici-prudential-s-p-bse-sensex-etf-inf346a01034/
Icici Prudential S P Bse Sensex Index Fund Direct Growth,https://www.dezerv.in/mutual-funds/icici-prudential-s-p-bse-sensex-index-fund-direct-growth-inf109kb10x0/
Icici Prudential S P Bse Sensex Index Fund Regular Growth,https://www.dezerv.in/mutual-funds/icici-prudential-s-p-bse-sensex-index-fund-regular-growth-inf109kb17w7/
Icici Prudential Savings Fund Direct Growth,https://www.dezerv.in/mutual-funds/icici-prudential-savings-fund-direct-growth-inf109k01o82/
Icici Prudential Savings Fund Regular Growth,https://www.dezerv.in/mutual-funds/icici-prudential-savings-fund-regular-growth-inf109k01746/
Icici Prudential Short Term Fund Direct Growth,https://www.dezerv.in/mutual-funds/icici-prudential-short-term-fund-direct-growth-inf109k013n3/
Icici Prudential Short Term Fund Regular Growth,https://www.dezerv.in/mutual-funds/icici-prudential-short-term-fund-regular-growth-inf109k01654/
Icici Prudential Silver Etf Fund Of Fund Direct Growth,https://www.dezerv.in/mutual-funds/icici-prudential-silver-etf-fund-of-fund-direct-growth-inf109kc1y98/
Icici Prudential Silver Etf Fund Of Fund Regular Growth,https://www.dezerv.in/mutual-funds/icici-prudential-silver-etf-fund-of-fund-regular-growth-inf109kc1y64/
Icici Prudential Silver Etf,https://www.dezerv.in/mutual-funds/icici-prudential-silver-etf-inf109kc1y56/
Icici Prudential Smallcap Fund Direct Growth,https://www.dezerv.in/mutual-funds/icici-prudential-smallcap-fund-direct-growth-inf109k015m0/
Icici Prudential Smallcap Fund Regular Growth,https://www.dezerv.in/mutual-funds/icici-prudential-smallcap-fund-regular-growth-inf109k01bi0/
Icici Prudential Strategic Metal And Energy Equity Fund Of Fund Direct Growth,https://www.dezerv.in/mutual-funds/icici-prudential-strategic-metal-and-energy-equity-fund-of-fund-direct-growth-inf109kc1z55/
Icici Prudential Strategic Metal And Energy Equity Fund Of Fund Regular Growth,https://www.dezerv.in/mutual-funds/icici-prudential-strategic-metal-and-energy-equity-fund-of-fund-regular-growth-inf109kc1z22/
Icici Prudential Technology Direct Growth,https://www.dezerv.in/mutual-funds/icici-prudential-technology-direct-growth-inf109k01z48/
Icici Prudential Technology Regular Growth,https://www.dezerv.in/mutual-funds/icici-prudential-technology-regular-growth-inf109k01506/
Icici Prudential Thematic Advantage Fund Fof Direct Growth,https://www.dezerv.in/mutual-funds/icici-prudential-thematic-advantage-fund-fof-direct-growth-inf109k01x40/
Icici Prudential Thematic Advantage Fund Fof Regular Growth,https://www.dezerv.in/mutual-funds/icici-prudential-thematic-advantage-fund-fof-regular-growth-inf109k01852/
Icici Prudential Transportation And Logistics Fund Direct Growth,https://www.dezerv.in/mutual-funds/icici-prudential-transportation-and-logistics-fund-direct-growth-inf109kc12k1/
Icici Prudential Transportation And Logistics Fund Regular Growth,https://www.dezerv.in/mutual-funds/icici-prudential-transportation-and-logistics-fund-regular-growth-inf109kc19j8/
Icici Prudential Ultra Short Term Fund Direct Growth,https://www.dezerv.in/mutual-funds/icici-prudential-ultra-short-term-fund-direct-growth-inf109k01t04/
Icici Prudential Ultra Short Term Fund Regular Growth,https://www.dezerv.in/mutual-funds/icici-prudential-ultra-short-term-fund-regular-growth-inf109k01tp7/
Icici Prudential Us Bluechip Equity Fund Direct Growth,https://www.dezerv.in/mutual-funds/icici-prudential-us-bluechip-equity-fund-direct-growth-inf109k01z71/
Icici Prudential Us Bluechip Equity Fund Regular Growth,https://www.dezerv.in/mutual-funds/icici-prudential-us-bluechip-equity-fund-regular-growth-inf109k01e35/
Icici Prudential Value Discovery Fund Direct Growth,https://www.dezerv.in/mutual-funds/icici-prudential-value-discovery-fund-direct-growth-inf109k012k1/
Icici Prudential Value Discovery Fund Regular Growth,https://www.dezerv.in/mutual-funds/icici-prudential-value-discovery-fund-regular-growth-inf109k01af8/
Idcw Vs Growth,https://www.dezerv.in/mutual-funds/idcw-vs-growth/
Invesco India Arbitrage Fund Direct Growth,https://www.dezerv.in/mutual-funds/invesco-india-arbitrage-fund-direct-growth-inf205k01kr8/
Invesco India Arbitrage Fund Regular Growth,https://www.dezerv.in/mutual-funds/invesco-india-arbitrage-fund-regular-growth-inf205k01122/
Invesco India Balanced Advantage Fund Direct Growth,https://www.dezerv.in/mutual-funds/invesco-india-balanced-advantage-fund-direct-growth-inf205k01ln5/
Invesco India Balanced Advantage Fund Regular Growth,https://www.dezerv.in/mutual-funds/invesco-india-balanced-advantage-fund-regular-growth-inf205k01213/
Invesco India Banking Psu Debt Fund Direct Growth,https://www.dezerv.in/mutual-funds/invesco-india-banking-psu-debt-fund-direct-growth-inf205k01kt4/
Invesco India Banking Psu Debt Fund Regular Growth,https://www.dezerv.in/mutual-funds/invesco-india-banking-psu-debt-fund-regular-growth-inf205k01jv2/
Invesco India Bse Sensex Index Fund Direct Growth,https://www.dezerv.in/mutual-funds/invesco-india-bse-sensex-index-fund-direct-growth-inf205ka1bm8/
Invesco India Bse Sensex Index Fund Regular Growth,https://www.dezerv.in/mutual-funds/invesco-india-bse-sensex-index-fund-regular-growth-inf205ka1bl0/
Invesco India Business Cycle Fund Direct Growth,https://www.dezerv.in/mutual-funds/invesco-india-business-cycle-fund-direct-growth-inf205ka1ai8/
Invesco India Business Cycle Fund Regular Growth,https://www.dezerv.in/mutual-funds/invesco-india-business-cycle-fund-regular-growth-inf205ka1af4/
Invesco India Consumption Fund Direct Growth,https://www.dezerv.in/mutual-funds/invesco-india-consumption-fund-direct-growth-inf205ka1bi6/
Invesco India Consumption Fund Regular Growth,https://www.dezerv.in/mutual-funds/invesco-india-consumption-fund-regular-growth-inf205ka1bf2/
Invesco India Contra Fund Direct Growth,https://www.dezerv.in/mutual-funds/invesco-india-contra-fund-direct-growth-inf205k01le4/
Invesco India Contra Fund Regular Growth,https://www.dezerv.in/mutual-funds/invesco-india-contra-fund-regular-growth-inf205k01189/
Invesco India Corporate Bond Fund Direct Growth,https://www.dezerv.in/mutual-funds/invesco-india-corporate-bond-fund-direct-growth-inf205k01rf8/
Invesco India Corporate Bond Fund Regular Growth,https://www.dezerv.in/mutual-funds/invesco-india-corporate-bond-fund-regular-growth-inf205k01rm4/
Invesco India Credit Risk Fund Direct Growth,https://www.dezerv.in/mutual-funds/invesco-india-credit-risk-fund-direct-growth-inf205k01i83/
Invesco India Credit Risk Fund Regular Growth,https://www.dezerv.in/mutual-funds/invesco-india-credit-risk-fund-regular-growth-inf205k01i34/
Invesco India Equity Bond Fund Direct Growth,https://www.dezerv.in/mutual-funds/invesco-india-equity-bond-fund-direct-growth-inf205k014q7/
Invesco India Equity Bond Fund Regular Growth,https://www.dezerv.in/mutual-funds/invesco-india-equity-bond-fund-regular-growth-inf205k011q3/
Invesco India Equity Savings Fund Direct Growth,https://www.dezerv.in/mutual-funds/invesco-india-equity-savings-fund-direct-growth-inf205ka1049/
Invesco India Equity Savings Fund Regular Growth,https://www.dezerv.in/mutual-funds/invesco-india-equity-savings-fund-regular-growth-inf205ka1023/
Invesco India Esg Equity Fund Direct Growth,https://www.dezerv.in/mutual-funds/invesco-india-esg-equity-fund-direct-growth-inf205ka1338/
Invesco India Esg Equity Fund Regular Growth,https://www.dezerv.in/mutual-funds/invesco-india-esg-equity-fund-regular-growth-inf205ka1304/
Invesco India Financial Services Fund Direct Growth,https://www.dezerv.in/mutual-funds/invesco-india-financial-services-fund-direct-growth-inf205k01ky4/
Invesco India Financial Services Fund Regular Growth,https://www.dezerv.in/mutual-funds/invesco-india-financial-services-fund-regular-growth-inf205k01155/
Invesco India Fixed Maturity Plan Series 32 Plan F Direct Growth,https://www.dezerv.in/mutual-funds/invesco-india-fixed-maturity-plan-series-32-plan-f-direct-growth-inf205k019s2/
Invesco India Fixed Maturity Plan Series 32 Plan F Regular Growth,https://www.dezerv.in/mutual-funds/invesco-india-fixed-maturity-plan-series-32-plan-f-regular-growth-inf205k017s6/
Invesco India Fixed Maturity Plan Series 33 Plan C Direct Growth,https://www.dezerv.in/mutual-funds/invesco-india-fixed-maturity-plan-series-33-plan-c-direct-growth-inf205k017u2/
Invesco India Fixed Maturity Plan Series 33 Plan C Regular Growth,https://www.dezerv.in/mutual-funds/invesco-india-fixed-maturity-plan-series-33-plan-c-regular-growth-inf205k015u6/
Invesco India Fixed Maturity Plan Series 33 Plan E Direct Growth,https://www.dezerv.in/mutual-funds/invesco-india-fixed-maturity-plan-series-33-plan-e-direct-growth-inf205k015v4/
Invesco India Fixed Maturity Plan Series 33 Plan E Regular Growth,https://www.dezerv.in/mutual-funds/invesco-india-fixed-maturity-plan-series-33-plan-e-regular-growth-inf205k013v9/
Invesco India Fixed Maturity Plan Series 34 Plan B Direct Growth,https://www.dezerv.in/mutual-funds/invesco-india-fixed-maturity-plan-series-34-plan-b-direct-growth-inf205k014x3/
Invesco India Fixed Maturity Plan Series 34 Plan B Regular Growth,https://www.dezerv.in/mutual-funds/invesco-india-fixed-maturity-plan-series-34-plan-b-regular-growth-inf205k012x7/
Invesco India Fixed Maturity Plan Series 34 Plan C Direct Growth,https://www.dezerv.in/mutual-funds/invesco-india-fixed-maturity-plan-series-34-plan-c-direct-growth-inf205k019x2/
Invesco India Fixed Maturity Plan Series 34 Plan C Regular Growth,https://www.dezerv.in/mutual-funds/invesco-india-fixed-maturity-plan-series-34-plan-c-regular-growth-inf205k017x6/
Invesco India Fixed Maturity Plan Series 35 Plan A Direct Growth,https://www.dezerv.in/mutual-funds/invesco-india-fixed-maturity-plan-series-35-plan-a-direct-growth-inf205ka1551/
Invesco India Fixed Maturity Plan Series 35 Plan A Regular Growth,https://www.dezerv.in/mutual-funds/invesco-india-fixed-maturity-plan-series-35-plan-a-regular-growth-inf205ka1536/
Invesco India Fixed Maturity Plan Series 35 Plan B Direct Growth,https://www.dezerv.in/mutual-funds/invesco-india-fixed-maturity-plan-series-35-plan-b-direct-growth-inf205ka1619/
Invesco India Fixed Maturity Plan Series 35 Plan B Regular Growth,https://www.dezerv.in/mutual-funds/invesco-india-fixed-maturity-plan-series-35-plan-b-regular-growth-inf205ka1593/
Invesco India Fixed Maturity Plan Series 35 Plan C Direct Growth,https://www.dezerv.in/mutual-funds/invesco-india-fixed-maturity-plan-series-35-plan-c-direct-growth-inf205ka1650/
Invesco India Fixed Maturity Plan Series 35 Plan C Regular Growth,https://www.dezerv.in/mutual-funds/invesco-india-fixed-maturity-plan-series-35-plan-c-regular-growth-inf205ka1635/
Invesco India Fixed Maturity Plan Series 35 Plan D Direct Growth,https://www.dezerv.in/mutual-funds/invesco-india-fixed-maturity-plan-series-35-plan-d-direct-growth-inf205ka1692/
Invesco India Fixed Maturity Plan Series 35 Plan D Regular Growth,https://www.dezerv.in/mutual-funds/invesco-india-fixed-maturity-plan-series-35-plan-d-regular-growth-inf205ka1676/
Invesco India Flexi Cap Fund Direct Growth,https://www.dezerv.in/mutual-funds/invesco-india-flexi-cap-fund-direct-growth-inf205ka1494/
Invesco India Flexi Cap Fund Regular Growth,https://www.dezerv.in/mutual-funds/invesco-india-flexi-cap-fund-regular-growth-inf205ka1460/
Invesco India Focused 20 Equity Fund Direct Growth,https://www.dezerv.in/mutual-funds/invesco-india-focused-20-equity-fund-direct-growth-inf205ka1213/
Invesco India Focused 20 Equity Fund Regular Growth,https://www.dezerv.in/mutual-funds/invesco-india-focused-20-equity-fund-regular-growth-inf205ka1189/
Invesco India Gilt Fund Direct Growth,https://www.dezerv.in/mutual-funds/invesco-india-gilt-fund-direct-growth-inf205k01sn0/
Invesco India Gilt Fund Regular Growth,https://www.dezerv.in/mutual-funds/invesco-india-gilt-fund-regular-growth-inf205k01sr1/
Invesco India Gold Etf,https://www.dezerv.in/mutual-funds/invesco-india-gold-etf-inf205k01361/
Invesco India Gold Fund Direct Growth,https://www.dezerv.in/mutual-funds/invesco-india-gold-fund-direct-growth-inf205k01nj9/
Invesco India Gold Fund Regular Growth,https://www.dezerv.in/mutual-funds/invesco-india-gold-fund-regular-growth-inf205k01fa4/
Invesco India Growth Opportunities Fund Direct Growth,https://www.dezerv.in/mutual-funds/invesco-india-growth-opportunities-fund-direct-growth-inf205k01ma0/
Invesco India Growth Opportunities Fund Regular Growth,https://www.dezerv.in/mutual-funds/invesco-india-growth-opportunities-fund-regular-growth-inf205k01247/
Invesco India Income Plus Arbitrage Active Fund Of Fund Direct Growth,https://www.dezerv.in/mutual-funds/invesco-india-income-plus-arbitrage-active-fund-of-fund-direct-growth-inf205ka1ba3/
Invesco India Income Plus Arbitrage Active Fund Of Fund Regular Growth,https://www.dezerv.in/mutual-funds/invesco-india-income-plus-arbitrage-active-fund-of-fund-regular-growth-inf205ka1ax7/
Invesco India Infrastructure Fund Direct Growth,https://www.dezerv.in/mutual-funds/invesco-india-infrastructure-fund-direct-growth-inf205k01md4/
Invesco India Infrastructure Fund Regular Growth,https://www.dezerv.in/mutual-funds/invesco-india-infrastructure-fund-regular-growth-inf205k01cd5/
Invesco India Invesco Eqqq Nasdaq 100 Etf Fund Of Fund Direct Growth,https://www.dezerv.in/mutual-funds/invesco-india-invesco-eqqq-nasdaq-100-etf-fund-of-fund-direct-growth-inf205ka1585/
Invesco India Invesco Eqqq Nasdaq 100 Etf Fund Of Fund Regular Growth,https://www.dezerv.in/mutual-funds/invesco-india-invesco-eqqq-nasdaq-100-etf-fund-of-fund-regular-growth-inf205ka1577/
Invesco India Invesco Global Consumer Trends Fund Of Fund Direct Growth,https://www.dezerv.in/mutual-funds/invesco-india-invesco-global-consumer-trends-fund-of-fund-direct-growth-inf205ka1270/
Invesco India Invesco Global Consumer Trends Fund Of Fund Regular Growth,https://www.dezerv.in/mutual-funds/invesco-india-invesco-global-consumer-trends-fund-of-fund-regular-growth-inf205ka1247/
Invesco India Invesco Global Equity Income Fund Of Fund Direct Growth,https://www.dezerv.in/mutual-funds/invesco-india-invesco-global-equity-income-fund-of-fund-direct-growth-inf205k01b49/
Invesco India Invesco Global Equity Income Fund Of Fund Regular Growth,https://www.dezerv.in/mutual-funds/invesco-india-invesco-global-equity-income-fund-of-fund-regular-growth-inf205k01b15/
Invesco India Invesco Pan European Equity Fund Of Fund Direct Growth,https://www.dezerv.in/mutual-funds/invesco-india-invesco-pan-european-equity-fund-of-fund-direct-growth-inf205k01a24/
Invesco India Invesco Pan European Equity Fund Of Fund Regular Growth,https://www.dezerv.in/mutual-funds/invesco-india-invesco-pan-european-equity-fund-of-fund-regular-growth-inf205k01zz9/
Invesco India Largecap Fund Direct Growth,https://www.dezerv.in/mutual-funds/invesco-india-largecap-fund-direct-growth-inf205k01lb0/
Invesco India Largecap Fund Regular Growth,https://www.dezerv.in/mutual-funds/invesco-india-largecap-fund-regular-growth-inf205k01304/
Invesco India Liquid Fund Direct Growth,https://www.dezerv.in/mutual-funds/invesco-india-liquid-fund-direct-growth-inf205k01mf9/
Invesco India Liquid Fund Regular Growth,https://www.dezerv.in/mutual-funds/invesco-india-liquid-fund-regular-growth-inf205k01hm5/
Invesco India Manufacturing Fund Direct Growth,https://www.dezerv.in/mutual-funds/invesco-india-manufacturing-fund-direct-growth-inf205ka1908/
Invesco India Manufacturing Fund Regular Growth,https://www.dezerv.in/mutual-funds/invesco-india-manufacturing-fund-regular-growth-inf205ka1874/
Invesco India Medium Duration Fund Direct Growth,https://www.dezerv.in/mutual-funds/invesco-india-medium-duration-fund-direct-growth-inf205ka1429/
Invesco India Medium Duration Fund Regular Growth,https://www.dezerv.in/mutual-funds/invesco-india-medium-duration-fund-regular-growth-inf205ka1379/
Invesco India Mid Cap Fund Direct Growth,https://www.dezerv.in/mutual-funds/invesco-india-mid-cap-fund-direct-growth-inf205k01mv6/
Invesco India Mid Cap Fund Regular Growth,https://www.dezerv.in/mutual-funds/invesco-india-mid-cap-fund-regular-growth-inf205k01bc9/
Invesco India Money Market Fund Direct Growth,https://www.dezerv.in/mutual-funds/invesco-india-money-market-fund-direct-growth-inf205k01ry9/
Invesco India Money Market Fund Regular Growth,https://www.dezerv.in/mutual-funds/invesco-india-money-market-fund-regular-growth-inf205k01sd1/
Invesco India Multi Asset Allocation Fund Direct Growth,https://www.dezerv.in/mutual-funds/invesco-india-multi-asset-allocation-fund-direct-growth-inf205ka1ac1/
Invesco India Multi Asset Allocation Fund Regular Growth,https://www.dezerv.in/mutual-funds/invesco-india-multi-asset-allocation-fund-regular-growth-inf205ka1999/
Invesco India Multicap Fund Direct Growth,https://www.dezerv.in/mutual-funds/invesco-india-multicap-fund-direct-growth-inf205k01ms2/
Invesco India Multicap Fund Regular Growth,https://www.dezerv.in/mutual-funds/invesco-india-multicap-fund-regular-growth-inf205k01dn2/
Invesco India Nifty 50 Etf,https://www.dezerv.in/mutual-funds/invesco-india-nifty-50-etf-inf205k01da9/
Invesco India Nifty Bank Index Fund Direct Growth,https://www.dezerv.in/mutual-funds/invesco-india-nifty-bank-index-fund-direct-growth-inf205ka1bo4/
Invesco India Nifty Bank Index Fund Regular Growth,https://www.dezerv.in/mutual-funds/invesco-india-nifty-bank-index-fund-regular-growth-inf205ka1bn6/
Invesco India Nifty G Sec Jul 2027 Index Fund Direct Growth,https://www.dezerv.in/mutual-funds/invesco-india-nifty-g-sec-jul-2027-index-fund-direct-growth-inf205ka1775/
Invesco India Nifty G Sec Jul 2027 Index Fund Regular Growth,https://www.dezerv.in/mutual-funds/invesco-india-nifty-g-sec-jul-2027-index-fund-regular-growth-inf205ka1759/
Invesco India Nifty G Sec Sep 2032 Index Fund Direct Growth,https://www.dezerv.in/mutual-funds/invesco-india-nifty-g-sec-sep-2032-index-fund-direct-growth-inf205ka1817/
Invesco India Nifty G Sec Sep 2032 Index Fund Regular Growth,https://www.dezerv.in/mutual-funds/invesco-india-nifty-g-sec-sep-2032-index-fund-regular-growth-inf205ka1791/
Invesco India Overnight Fund Direct Growth,https://www.dezerv.in/mutual-funds/invesco-india-overnight-fund-direct-growth-inf205ka1163/
Invesco India Overnight Fund Regular Growth,https://www.dezerv.in/mutual-funds/invesco-india-overnight-fund-regular-growth-inf205ka1114/
Invesco India Psu Equity Fund Direct Growth,https://www.dezerv.in/mutual-funds/invesco-india-psu-equity-fund-direct-growth-inf205k01ng5/
Invesco India Psu Equity Fund Regular Growth,https://www.dezerv.in/mutual-funds/invesco-india-psu-equity-fund-regular-growth-inf205k01338/
Invesco India Short Term Fund Direct Growth,https://www.dezerv.in/mutual-funds/invesco-india-short-term-fund-direct-growth-inf205k01uh8/
Invesco India Short Term Fund Regular Growth,https://www.dezerv.in/mutual-funds/invesco-india-short-term-fund-regular-growth-inf205k01un6/
Invesco India Smallcap Fund Direct Growth,https://www.dezerv.in/mutual-funds/invesco-india-smallcap-fund-direct-growth-inf205k013t3/
Invesco India Smallcap Fund Regular Growth,https://www.dezerv.in/mutual-funds/invesco-india-smallcap-fund-regular-growth-inf205k011t7/
Invesco India Tax Plan Direct Growth,https://www.dezerv.in/mutual-funds/invesco-india-tax-plan-direct-growth-inf205k01nt8/
Invesco India Tax Plan Regular Growth,https://www.dezerv.in/mutual-funds/invesco-india-tax-plan-regular-growth-inf205k01270/
Invesco India Technology Fund Direct Growth,https://www.dezerv.in/mutual-funds/invesco-india-technology-fund-direct-growth-inf205ka1965/
Invesco India Technology Fund Regular Growth,https://www.dezerv.in/mutual-funds/invesco-india-technology-fund-regular-growth-inf205ka1932/
Invesco India Treasury Advantage Fund Direct Growth,https://www.dezerv.in/mutual-funds/invesco-india-treasury-advantage-fund-direct-growth-inf205k01ny8/
Invesco India Treasury Advantage Fund Regular Growth,https://www.dezerv.in/mutual-funds/invesco-india-treasury-advantage-fund-regular-growth-inf205k01ht0/
Invesco India Ultra Short Term Fund Direct Growth,https://www.dezerv.in/mutual-funds/invesco-india-ultra-short-term-fund-direct-growth-inf205k01th0/
Invesco India Ultra Short Term Fund Regular Growth,https://www.dezerv.in/mutual-funds/invesco-india-ultra-short-term-fund-regular-growth-inf205k01tm0/
Isif Equity Ex Top 100 Long Short Fund Direct Growth,https://www.dezerv.in/mutual-funds/isif-equity-ex-top-100-long-short-fund-direct-growth-inf109k30042/
Isif Equity Ex Top 100 Long Short Fund Regular Growth,https://www.dezerv.in/mutual-funds/isif-equity-ex-top-100-long-short-fund-regular-growth-inf109k30034/
Isif Hybrid Long Short Fund Direct Growth,https://www.dezerv.in/mutual-funds/isif-hybrid-long-short-fund-direct-growth-inf109k30026/
Isif Hybrid Long Short Fund Regular Growth,https://www.dezerv.in/mutual-funds/isif-hybrid-long-short-fund-regular-growth-inf109k30018/
Iti Arbitrage Fund Direct Growth,https://www.dezerv.in/mutual-funds/iti-arbitrage-fund-direct-growth-inf00xx01440/
Iti Arbitrage Fund Regular Growth,https://www.dezerv.in/mutual-funds/iti-arbitrage-fund-regular-growth-inf00xx01416/
Iti Balanced Advantage Fund Direct Growth,https://www.dezerv.in/mutual-funds/iti-balanced-advantage-fund-direct-growth-inf00xx01689/
Iti Balanced Advantage Fund Regular Growth,https://www.dezerv.in/mutual-funds/iti-balanced-advantage-fund-regular-growth-inf00xx01655/
Iti Banking And Financial Services Fund Direct Growth,https://www.dezerv.in/mutual-funds/iti-banking-and-financial-services-fund-direct-growth-inf00xx01bu6/
Iti Banking And Financial Services Fund Regular Growth,https://www.dezerv.in/mutual-funds/iti-banking-and-financial-services-fund-regular-growth-inf00xx01br2/
Iti Banking Psu Debt Fund Direct Growth,https://www.dezerv.in/mutual-funds/iti-banking-psu-debt-fund-direct-growth-inf00xx01861/
Iti Banking Psu Debt Fund Regular Growth,https://www.dezerv.in/mutual-funds/iti-banking-psu-debt-fund-regular-growth-inf00xx01838/
Iti Bharat Consumption Fund Direct Growth,https://www.dezerv.in/mutual-funds/iti-bharat-consumption-fund-direct-growth-inf00xx01dg1/
Iti Bharat Consumption Fund Regular Growth,https://www.dezerv.in/mutual-funds/iti-bharat-consumption-fund-regular-growth-inf00xx01dd8/
Iti Business Cycle Fund Direct Growth,https://www.dezerv.in/mutual-funds/iti-business-cycle-fund-direct-growth-inf00xx01dm9/
Iti Business Cycle Fund Regular Growth,https://www.dezerv.in/mutual-funds/iti-business-cycle-fund-regular-growth-inf00xx01dj5/
Iti Conservative Hybrid Fund Direct Growth,https://www.dezerv.in/mutual-funds/iti-conservative-hybrid-fund-direct-growth-inf00xx01ce8/
Iti Conservative Hybrid Fund Regular Growth,https://www.dezerv.in/mutual-funds/iti-conservative-hybrid-fund-regular-growth-inf00xx01bx0/
Iti Dynamic Bond Fund Direct Growth,https://www.dezerv.in/mutual-funds/iti-dynamic-bond-fund-direct-growth-inf00xx01bc4/
Iti Dynamic Bond Fund Regular Growth,https://www.dezerv.in/mutual-funds/iti-dynamic-bond-fund-regular-growth-inf00xx01at0/
Iti Flexi Cap Fund Direct Growth,https://www.dezerv.in/mutual-funds/iti-flexi-cap-fund-direct-growth-inf00xx01co7/
Iti Flexi Cap Fund Regular Growth,https://www.dezerv.in/mutual-funds/iti-flexi-cap-fund-regular-growth-inf00xx01cl3/
Iti Focused Equity Fund Direct Growth,https://www.dezerv.in/mutual-funds/iti-focused-equity-fund-direct-growth-inf00xx01cs8/
Iti Focused Equity Fund Regular Growth,https://www.dezerv.in/mutual-funds/iti-focused-equity-fund-regular-growth-inf00xx01cv2/
Iti Large Cap Fund Direct Growth,https://www.dezerv.in/mutual-funds/iti-large-cap-fund-direct-growth-inf00xx01804/
Iti Large Cap Fund Regular Growth,https://www.dezerv.in/mutual-funds/iti-large-cap-fund-regular-growth-inf00xx01770/
Iti Large Mid Cap Fund Direct Growth,https://www.dezerv.in/mutual-funds/iti-large-mid-cap-fund-direct-growth-inf00xx01da4/
Iti Large Mid Cap Fund Regular Growth,https://www.dezerv.in/mutual-funds/iti-large-mid-cap-fund-regular-growth-inf00xx01cx8/
Iti Liquid Fund Direct Growth,https://www.dezerv.in/mutual-funds/iti-liquid-fund-direct-growth-inf00xx01283/
Iti Liquid Fund Regular Growth,https://www.dezerv.in/mutual-funds/iti-liquid-fund-regular-growth-inf00xx01192/
Iti Long Term Equity Fund Direct Growth,https://www.dezerv.in/mutual-funds/iti-long-term-equity-fund-direct-growth-inf00xx01390/
Iti Long Term Equity Fund Regular Growth,https://www.dezerv.in/mutual-funds/iti-long-term-equity-fund-regular-growth-inf00xx01374/
Iti Mid Cap Fund Direct Growth,https://www.dezerv.in/mutual-funds/iti-mid-cap-fund-direct-growth-inf00xx01929/
Iti Mid Cap Fund Regular Growth,https://www.dezerv.in/mutual-funds/iti-mid-cap-fund-regular-growth-inf00xx01895/
Iti Multi Cap Fund Direct Growth,https://www.dezerv.in/mutual-funds/iti-multi-cap-fund-direct-growth-inf00xx01168/
Iti Multi Cap Fund Regular Growth,https://www.dezerv.in/mutual-funds/iti-multi-cap-fund-regular-growth-inf00xx01135/
Iti Overnight Fund Direct Growth,https://www.dezerv.in/mutual-funds/iti-overnight-fund-direct-growth-inf00xx01564/
Iti Overnight Fund Regular Growth,https://www.dezerv.in/mutual-funds/iti-overnight-fund-regular-growth-inf00xx01473/
Iti Pharma And Healthcare Fund Direct Growth,https://www.dezerv.in/mutual-funds/iti-pharma-and-healthcare-fund-direct-growth-inf00xx01bo9/
Iti Pharma And Healthcare Fund Regular Growth,https://www.dezerv.in/mutual-funds/iti-pharma-and-healthcare-fund-regular-growth-inf00xx01bl5/
Iti Small Cap Fund Direct Growth,https://www.dezerv.in/mutual-funds/iti-small-cap-fund-direct-growth-inf00xx01747/
Iti Small Cap Fund Regular Growth,https://www.dezerv.in/mutual-funds/iti-small-cap-fund-regular-growth-inf00xx01713/
Iti Ultra Short Duration Fund Direct Growth,https://www.dezerv.in/mutual-funds/iti-ultra-short-duration-fund-direct-growth-inf00xx01ae2/
Iti Ultra Short Duration Fund Regular Growth,https://www.dezerv.in/mutual-funds/iti-ultra-short-duration-fund-regular-growth-inf00xx01952/
Iti Value Fund Direct Growth,https://www.dezerv.in/mutual-funds/iti-value-fund-direct-growth-inf00xx01aq6/
Iti Value Fund Regular Growth,https://www.dezerv.in/mutual-funds/iti-value-fund-regular-growth-inf00xx01an3/
Jioblackrock Arbitrage Fund Direct Growth,https://www.dezerv.in/mutual-funds/jioblackrock-arbitrage-fund-direct-growth-inf22m001101/
Jioblackrock Flexi Cap Fund Direct Growth,https://www.dezerv.in/mutual-funds/jioblackrock-flexi-cap-fund-direct-growth-inf22m001093/
Jioblackrock Large Cap Fund Direct Growth,https://www.dezerv.in/mutual-funds/jioblackrock-large-cap-fund-direct-growth-inf22m001176/
Jioblackrock Liquid Fund Direct Growth,https://www.dezerv.in/mutual-funds/jioblackrock-liquid-fund-direct-growth-inf22m001010/
Jioblackrock Low Duration Fund Direct Growth,https://www.dezerv.in/mutual-funds/jioblackrock-low duration fund-direct-growth-inf22m001150/
Jioblackrock Money Market Fund Direct Growth,https://www.dezerv.in/mutual-funds/jioblackrock-money-market-fund-direct-growth-inf22m001028/
Jioblackrock Nifty 50 Index Fund Direct Growth,https://www.dezerv.in/mutual-funds/jioblackrock-nifty-50-index-fund-direct-growth-inf22m001044/
Jioblackrock Nifty 8 13 Yr G Sec Index Fund Direct Growth,https://www.dezerv.in/mutual-funds/jioblackrock-nifty-8-13-yr-g-sec-index-fund-direct-growth-inf22m001069/
Jioblackrock Nifty Midcap 150 Index Fund Direct Growth,https://www.dezerv.in/mutual-funds/jioblackrock-nifty-midcap-150-index-fund-direct-growth-inf22m001077/
Jioblackrock Nifty Next 50 Index Fund Direct Growth,https://www.dezerv.in/mutual-funds/jioblackrock-nifty-next-50-index-fund-direct-growth-inf22m001085/
Jioblackrock Nifty Smallcap 250 Index Fund Direct Growth,https://www.dezerv.in/mutual-funds/jioblackrock-nifty-smallcap-250-index-fund-direct-growth-inf22m001051/
Jioblackrock Overnight Fund Direct Growth,https://www.dezerv.in/mutual-funds/jioblackrock-overnight-fund-direct-growth-inf22m001036/
Jioblackrock Sector Rotation Fund Direct Growth,https://www.dezerv.in/mutual-funds/jioblackrock-sector-rotation fund-direct-growth-inf22m001168/
Jioblackrock Short Duration Fund Direct Growth,https://www.dezerv.in/mutual-funds/jioblackrock-short-duration-fund-direct-growth-inf22m001143/
Jm Arbitrage Fund Direct Growth,https://www.dezerv.in/mutual-funds/jm-arbitrage-fund-direct-growth-inf192k01bn6/
Jm Arbitrage Fund Regular Growth,https://www.dezerv.in/mutual-funds/jm-arbitrage-fund-regular-growth-inf192k01510/
Jm Dynamic Bond Fund Direct Growth,https://www.dezerv.in/mutual-funds/jm-dynamic-bond-fund-direct-growth-inf192k01dd3/
Jm Dynamic Bond Fund Regular Growth,https://www.dezerv.in/mutual-funds/jm-dynamic-bond-fund-regular-growth-inf192k01700/
Jm Equity Hybrid Fund Direct Growth,https://www.dezerv.in/mutual-funds/jm-equity-hybrid-fund-direct-growth-inf192k01bq9/
Jm Equity Hybrid Fund Regular Growth,https://www.dezerv.in/mutual-funds/jm-equity-hybrid-fund-regular-growth-inf192k01544/
Jm Fixed Maturity Fund Series 28 Plan A Direct Growth,https://www.dezerv.in/mutual-funds/jm-fixed-maturity-fund-series-28-plan-a-direct-growth-inf192k01lg9/
Jm Fixed Maturity Fund Series 28 Plan A Regular Growth,https://www.dezerv.in/mutual-funds/jm-fixed-maturity-fund-series-28-plan-a-regular-growth-inf192k01le4/
Jm Fixed Maturity Fund Series 28 Plan B Direct Growth,https://www.dezerv.in/mutual-funds/jm-fixed-maturity-fund-series-28-plan-b-direct-growth-inf192k01lk1/
Jm Fixed Maturity Fund Series 28 Plan B Regular Growth,https://www.dezerv.in/mutual-funds/jm-fixed-maturity-fund-series-28-plan-b-regular-growth-inf192k01li5/
Jm Flexicap Fund Direct Growth,https://www.dezerv.in/mutual-funds/jm-flexicap-fund-direct-growth-inf192k01cc7/
Jm Flexicap Fund Regular Growth,https://www.dezerv.in/mutual-funds/jm-flexicap-fund-regular-growth-inf192k01635/
Jm Focused Fund Direct Growth,https://www.dezerv.in/mutual-funds/jm-focused-fund-direct-growth-inf192k01bw7/
Jm Focused Fund Regular Growth,https://www.dezerv.in/mutual-funds/jm-focused-fund-regular-growth-inf192k01577/
Jm Large Cap Fund Direct Growth,https://www.dezerv.in/mutual-funds/jm-large-cap-fund-direct-growth-inf192k01bz0/
Jm Large Cap Fund Regular Growth,https://www.dezerv.in/mutual-funds/jm-large-cap-fund-regular-growth-inf192k01601/
Jm Large Mid Cap Fund Direct Growth,https://www.dezerv.in/mutual-funds/jm-large-mid-cap-fund-direct-growth-inf192k01nk7/
Jm Large Mid Cap Fund Regular Growth,https://www.dezerv.in/mutual-funds/jm-large-mid-cap-fund-regular-growth-inf192k01nm3/
Jm Liquid Fund Direct Growth,https://www.dezerv.in/mutual-funds/jm-liquid-fund-direct-growth-inf192k01cm6/
Jm Liquid Fund Regular Growth,https://www.dezerv.in/mutual-funds/jm-liquid-fund-regular-growth-inf192k01882/
Jm Low Duration Fund Direct Growth,https://www.dezerv.in/mutual-funds/jm-low-duration-fund-direct-growth-inf192k01dw3/
Jm Low Duration Fund Regular Growth,https://www.dezerv.in/mutual-funds/jm-low-duration-fund-regular-growth-inf192k01ay5/
Jm Medium To Long Duration Fund Direct Growth,https://www.dezerv.in/mutual-funds/jm-medium-to-long-duration-fund-direct-growth-inf192k01cw5/
Jm Medium To Long Duration Fund Regular Growth,https://www.dezerv.in/mutual-funds/jm-medium-to-long-duration-fund-regular-growth-inf192k01ab3/
Jm Midcap Fund Direct Growth,https://www.dezerv.in/mutual-funds/jm-midcap-fund-direct-growth-inf192k01mv6/
Jm Midcap Fund Regular Growth,https://www.dezerv.in/mutual-funds/jm-midcap-fund-regular-growth-inf192k01ms2/
Jm Overnight Fund Direct Growth,https://www.dezerv.in/mutual-funds/jm-overnight-fund-direct-growth-inf192k01lt2/
Jm Overnight Fund Direct Growth,https://www.dezerv.in/mutual-funds/jm-overnight-fund-direct-growth-inf192k01mb8/
Jm Overnight Fund Regular Growth,https://www.dezerv.in/mutual-funds/jm-overnight-fund-regular-growth-inf192k01lp0/
Jm Overnight Fund Regular Growth,https://www.dezerv.in/mutual-funds/jm-overnight-fund-regular-growth-inf192k01lx4/
Jm Short Duration Fund Direct Growth,https://www.dezerv.in/mutual-funds/jm-short-duration-fund-direct-growth-inf192k01mp8/
Jm Short Duration Fund Regular Growth,https://www.dezerv.in/mutual-funds/jm-short-duration-fund-regular-growth-inf192k01mm5/
Jm Small Cap Fund Direct Growth,https://www.dezerv.in/mutual-funds/jm-small-cap-fund-direct-growth-inf192k01nh3/
Jm Small Cap Fund Regular Growth,https://www.dezerv.in/mutual-funds/jm-small-cap-fund-regular-growth-inf192k01ne0/
Jm Tax Gain Fund Direct Growth,https://www.dezerv.in/mutual-funds/jm-tax-gain-fund-direct-growth-inf192k01ce3/
Jm Tax Gain Fund Regular Growth,https://www.dezerv.in/mutual-funds/jm-tax-gain-fund-regular-growth-inf192k01650/
Jm Value Fund Direct Growth,https://www.dezerv.in/mutual-funds/jm-value-fund-direct-growth-inf192k01bt3/
Jm Value Fund Regular Growth,https://www.dezerv.in/mutual-funds/jm-value-fund-regular-growth-inf137a01037/
Kotak Active Momentum Fund Direct Growth,https://www.dezerv.in/mutual-funds/kotak-active-momentum-fund-direct-growth-inf174ka1xa4/
Kotak Active Momentum Fund Regular Growth,https://www.dezerv.in/mutual-funds/kotak-active-momentum-fund-regular-growth-inf174ka1xd8/
Kotak All Weather Debt Fund Of Funds Direct Growth,https://www.dezerv.in/mutual-funds/kotak-all-weather-debt-fund-of-funds-direct-growth-inf174ka1kj2/
Kotak All Weather Debt Fund Of Funds Regular Growth,https://www.dezerv.in/mutual-funds/kotak-all-weather-debt-fund-of-funds-regular-growth-inf174ka1kg8/
Kotak Balanced Advantage Fund Direct Growth,https://www.dezerv.in/mutual-funds/kotak-balanced-advantage-fund-direct-growth-inf174ka1210/
Kotak Balanced Advantage Fund Regular Growth,https://www.dezerv.in/mutual-funds/kotak-balanced-advantage-fund-regular-growth-inf174ka1186/
Kotak Banking Financial Services Fund Direct Growth,https://www.dezerv.in/mutual-funds/kotak-banking-financial-services-fund-direct-growth-inf174ka1md1/
Kotak Banking Financial Services Fund Regular Growth,https://www.dezerv.in/mutual-funds/kotak-banking-financial-services-fund-regular-growth-inf174ka1ma7/
Kotak Banking Psu Debt Direct Growth,https://www.dezerv.in/mutual-funds/kotak-banking-psu-debt-direct-growth-inf174k01kh7/
Kotak Banking Psu Debt Regular Growth,https://www.dezerv.in/mutual-funds/kotak-banking-psu-debt-regular-growth-inf174k01fo3/
Kotak Bluechip Fund Direct Growth,https://www.dezerv.in/mutual-funds/kotak-bluechip-fund-direct-growth-inf174k01kw6/
Kotak Bluechip Fund Regular Growth,https://www.dezerv.in/mutual-funds/kotak-bluechip-fund-regular-growth-inf174k01153/
Kotak Bond Fund Direct Growth,https://www.dezerv.in/mutual-funds/kotak-bond-fund-direct-growth-inf174k01jc0/
Kotak Bond Fund Regular Growth,https://www.dezerv.in/mutual-funds/kotak-bond-fund-regular-growth-inf174k01em0/
Kotak Bond Fund Short Term Plan Direct Growth,https://www.dezerv.in/mutual-funds/kotak-bond-fund-short-term-plan-direct-growth-inf174k01ji7/
Kotak Bond Fund Short Term Plan Regular Growth,https://www.dezerv.in/mutual-funds/kotak-bond-fund-short-term-plan-regular-growth-inf174k01es7/
Kotak Bse Psu Index Fund Direct Growth,https://www.dezerv.in/mutual-funds/kotak-bse-psu-index-fund-direct-growth-inf174ka1sl1/
Kotak Bse Psu Index Fund Regular Growth,https://www.dezerv.in/mutual-funds/kotak-bse-psu-index-fund-regular-growth-inf174ka1si7/
Kotak Bse Sensex Index Fund Direct Growth,https://www.dezerv.in/mutual-funds/kotak-bse-sensex-index-fund-direct-growth-inf174ka1uv6/
Kotak Bse Sensex Index Fund Regular Growth,https://www.dezerv.in/mutual-funds/kotak-bse-sensex-index-fund-regular-growth-inf174ka1us2/
Kotak Business Cycle Fund Direct Growth,https://www.dezerv.in/mutual-funds/kotak-business-cycle-fund-direct-growth-inf174ka1jn6/
Kotak Business Cycle Fund Regular Growth,https://www.dezerv.in/mutual-funds/kotak-business-cycle-fund-regular-growth-inf174ka1jk2/
Kotak Consumption Fund Direct Growth,https://www.dezerv.in/mutual-funds/kotak-consumption-fund-direct-growth-inf174ka1pp8/
Kotak Consumption Fund Regular Growth,https://www.dezerv.in/mutual-funds/kotak-consumption-fund-regular-growth-inf174ka1pm5/
Kotak Corporate Bond Fund Direct Growth,https://www.dezerv.in/mutual-funds/kotak-corporate-bond-fund-direct-growth-inf178l01by0/
Kotak Corporate Bond Fund Regular Growth,https://www.dezerv.in/mutual-funds/kotak-corporate-bond-fund-regular-growth-inf178l01bo1/
Kotak Credit Risk Fund Direct Growth,https://www.dezerv.in/mutual-funds/kotak-credit-risk-fund-direct-growth-inf174k01lz7/
Kotak Credit Risk Fund Regular Growth,https://www.dezerv.in/mutual-funds/kotak-credit-risk-fund-regular-growth-inf174k01dy7/
Kotak Crisil Ibx Aaa Bond Financial Services Index Dec 2026 Fund Direct Growth,https://www.dezerv.in/mutual-funds/kotak-crisil-ibx-aaa-bond-financial-services-index-dec-2026-fund-direct-growth-inf174ka1ux2/
Kotak Crisil Ibx Aaa Bond Financial Services Index Dec 2026 Fund Regular Growth,https://www.dezerv.in/mutual-funds/kotak-crisil-ibx-aaa-bond-financial-services-index-dec-2026-fund-regular-growth-inf174ka1va8/
Kotak Crisil Ibx Aaa Financial Services Index Sep 2027 Fund Direct Growth,https://www.dezerv.in/mutual-funds/kotak-crisil-ibx-aaa-financial-services-index-sep-2027-fund-direct-growth-inf174ka1tf1/
Kotak Crisil Ibx Aaa Financial Services Index Sep 2027 Fund Regular Growth,https://www.dezerv.in/mutual-funds/kotak-crisil-ibx-aaa-financial-services-index-sep-2027-fund-regular-growth-inf174ka1sw8/
Kotak Crisil Ibx Financial Services 3 6 Months Debt Index Fund Direct Growth,https://www.dezerv.in/mutual-funds/kotak-crisil-ibx-financial-services-3-6-months-debt-index-fund-direct-growth-inf174ka1vk7/
Kotak Crisil Ibx Financial Services 3 6 Months Debt Index Fund Regular Growth,https://www.dezerv.in/mutual-funds/kotak-crisil-ibx-financial-services-3-6-months-debt-index-fund-regular-growth-inf174ka1vn1/
Kotak Crisil Ibx Financial Services 9 To 12 Months Debt Index Fund Direct Growth,https://www.dezerv.in/mutual-funds/kotak-crisil-ibx-financial-services-9-to-12-months-debt-index-fund-direct-growth-inf174ka1xm9/
Kotak Crisil Ibx Financial Services 9 To 12 Months Debt Index Fund Regular Growth,https://www.dezerv.in/mutual-funds/kotak-crisil-ibx-financial-services-9-to-12-months-debt-index-fund-regular-growth-inf174ka1xp2/
Kotak Debt Hybrid Fund Direct Growth,https://www.dezerv.in/mutual-funds/kotak-debt-hybrid-fund-direct-growth-inf174k01jz1/
Kotak Debt Hybrid Fund Regular Growth,https://www.dezerv.in/mutual-funds/kotak-debt-hybrid-fund-regular-growth-inf174k01393/
Kotak Dividend Yield Fund Direct Growth,https://www.dezerv.in/mutual-funds/kotak-dividend-yield-fund-direct-growth-inf174ka1yi5/
Kotak Dividend Yield Fund Regular Growth,https://www.dezerv.in/mutual-funds/kotak-dividend-yield-fund-regular-growth-inf174ka1yl9/
Kotak Dynamic Bond Fund Direct Growth,https://www.dezerv.in/mutual-funds/kotak-dynamic-bond-fund-direct-growth-inf174k01ju2/
Kotak Dynamic Bond Fund Regular Growth,https://www.dezerv.in/mutual-funds/kotak-dynamic-bond-fund-regular-growth-inf174k01fa2/
Kotak Emerging Equity Scheme Direct Growth,https://www.dezerv.in/mutual-funds/kotak-emerging-equity-scheme-direct-growth-inf174k01lt0/
Kotak Emerging Equity Scheme Regular Growth,https://www.dezerv.in/mutual-funds/kotak-emerging-equity-scheme-regular-growth-inf174k01ds9/
Kotak Energy Opportunities Fund Direct Growth,https://www.dezerv.in/mutual-funds/kotak-energy-opportunities-fund-direct-growth-inf174ka1vx0/
Kotak Energy Opportunities Fund Regular Growth,https://www.dezerv.in/mutual-funds/kotak-energy-opportunities-fund-regular-growth-inf174ka1wa6/
Kotak Equity Arbitrage Fund Direct Growth,https://www.dezerv.in/mutual-funds/kotak-equity-arbitrage-fund-direct-growth-inf174k01lc6/
Kotak Equity Arbitrage Fund Regular Growth,https://www.dezerv.in/mutual-funds/kotak-equity-arbitrage-fund-regular-growth-inf174k01302/
Kotak Equity Hybrid Fund Direct Growth,https://www.dezerv.in/mutual-funds/kotak-equity-hybrid-fund-direct-growth-inf174k01f00/
Kotak Equity Hybrid Fund Regular Growth,https://www.dezerv.in/mutual-funds/kotak-equity-hybrid-fund-regular-growth-inf174k01e92/
Kotak Equity Opportunities Fund Direct Growth,https://www.dezerv.in/mutual-funds/kotak-equity-opportunities-fund-direct-growth-inf174k01lf9/
Kotak Equity Opportunities Fund Regular Growth,https://www.dezerv.in/mutual-funds/kotak-equity-opportunities-fund-regular-growth-inf174k01187/
Kotak Equity Savings Fund Direct Growth,https://www.dezerv.in/mutual-funds/kotak-equity-savings-fund-direct-growth-inf174k01d28/
Kotak Equity Savings Fund Regular Growth,https://www.dezerv.in/mutual-funds/kotak-equity-savings-fund-regular-growth-inf174k01c78/
Kotak Esg Opportunities Fund Direct Growth,https://www.dezerv.in/mutual-funds/kotak-esg-opportunities-fund-direct-growth-inf174ka1fi4/
Kotak Esg Opportunities Fund Regular Growth,https://www.dezerv.in/mutual-funds/kotak-esg-opportunities-fund-regular-growth-inf174ka1ff0/
Kotak Fixed Maturity Plan 1174 Days Series 268 Direct Growth,https://www.dezerv.in/mutual-funds/kotak-fixed-maturity-plan-1174-days-series-268-direct-growth-inf174ka1do7/
Kotak Fixed Maturity Plan 1174 Days Series 268 Regular Growth,https://www.dezerv.in/mutual-funds/kotak-fixed-maturity-plan-1174-days-series-268-regular-growth-inf174ka1dm1/
Kotak Fixed Maturity Plan 1355 Days Series 286 Direct Growth,https://www.dezerv.in/mutual-funds/kotak-fixed-maturity-plan-1355-days-series-286-direct-growth-inf174ka1fc7/
Kotak Fixed Maturity Plan 1355 Days Series 286 Regular Growth,https://www.dezerv.in/mutual-funds/kotak-fixed-maturity-plan-1355-days-series-286-regular-growth-inf174ka1fa1/
Kotak Fixed Maturity Plan Series 249 Direct Growth,https://www.dezerv.in/mutual-funds/kotak-fixed-maturity-plan-series-249-direct-growth-inf174ka1806/
Kotak Fixed Maturity Plan Series 249 Regular Growth,https://www.dezerv.in/mutual-funds/kotak-fixed-maturity-plan-series-249-regular-growth-inf174ka1780/
Kotak Fixed Maturity Plan Series 258 Direct Growth,https://www.dezerv.in/mutual-funds/kotak-fixed-maturity-plan-series-258-direct-growth-inf174ka1bk9/
Kotak Fixed Maturity Plan Series 258 Regular Growth,https://www.dezerv.in/mutual-funds/kotak-fixed-maturity-plan-series-258-regular-growth-inf174ka1bi3/
Kotak Fixed Maturity Plan Series 260 Direct Growth,https://www.dezerv.in/mutual-funds/kotak-fixed-maturity-plan-series-260-direct-growth-inf174ka1bs2/
Kotak Fixed Maturity Plan Series 260 Regular Growth,https://www.dezerv.in/mutual-funds/kotak-fixed-maturity-plan-series-260-regular-growth-inf174ka1bq6/
Kotak Fixed Maturity Plan Series 262 Direct Growth,https://www.dezerv.in/mutual-funds/kotak-fixed-maturity-plan-series-262-direct-growth-inf174ka1ce0/
Kotak Fixed Maturity Plan Series 262 Regular Growth,https://www.dezerv.in/mutual-funds/kotak-fixed-maturity-plan-series-262-regular-growth-inf174ka1cc4/
Kotak Fixed Maturity Plan Series 264 Direct Growth,https://www.dezerv.in/mutual-funds/kotak-fixed-maturity-plan-series-264-direct-growth-inf174ka1cs0/
Kotak Fixed Maturity Plan Series 264 Regular Growth,https://www.dezerv.in/mutual-funds/kotak-fixed-maturity-plan-series-264-regular-growth-inf174ka1cq4/
Kotak Fixed Maturity Plan Series 272 Direct Growth,https://www.dezerv.in/mutual-funds/kotak-fixed-maturity-plan-series-272-direct-growth-inf174ka1ei7/
Kotak Fixed Maturity Plan Series 272 Regular Growth,https://www.dezerv.in/mutual-funds/kotak-fixed-maturity-plan-series-272-regular-growth-inf174ka1eg1/
Kotak Fixed Maturity Plan Series 273 Direct Growth,https://www.dezerv.in/mutual-funds/kotak-fixed-maturity-plan-series-273-direct-growth-inf174ka1es6/
Kotak Fixed Maturity Plan Series 273 Regular Growth,https://www.dezerv.in/mutual-funds/kotak-fixed-maturity-plan-series-273-regular-growth-inf174ka1eq0/
Kotak Fixed Maturity Plan Series 328 90 Days Direct Growth,https://www.dezerv.in/mutual-funds/kotak-fixed-maturity-plan-series-328-90-days-direct-growth-inf174ka1qu6/
Kotak Fixed Maturity Plan Series 328 90 Days Regular Growth,https://www.dezerv.in/mutual-funds/kotak-fixed-maturity-plan-series-328-90-days-regular-growth-inf174ka1qs0/
Kotak Fixed Maturity Plan Series 329 90 Days Direct Growth,https://www.dezerv.in/mutual-funds/kotak-fixed-maturity-plan-series-329-90-days-direct-growth-inf174ka1rp4/
Kotak Fixed Maturity Plan Series 329 90 Days Regular Growth,https://www.dezerv.in/mutual-funds/kotak-fixed-maturity-plan-series-329-90-days-regular-growth-inf174ka1rr0/
Kotak Fixed Maturity Plan Series 330 98 Days Direct Growth,https://www.dezerv.in/mutual-funds/kotak-fixed-maturity-plan-series-330-98-days-direct-growth-inf174ka1ru4/
Kotak Fixed Maturity Plan Series 330 98 Days Regular Growth,https://www.dezerv.in/mutual-funds/kotak-fixed-maturity-plan-series-330-98-days-regular-growth-inf174ka1rs8/
Kotak Flexicap Fund Direct Growth,https://www.dezerv.in/mutual-funds/kotak-flexicap-fund-direct-growth-inf174k01ls2/
Kotak Flexicap Fund Regular Growth,https://www.dezerv.in/mutual-funds/kotak-flexicap-fund-regular-growth-inf174k01336/
Kotak Floating Rate Fund Direct Growth,https://www.dezerv.in/mutual-funds/kotak-floating-rate-fund-direct-growth-inf174ka1ec0/
Kotak Floating Rate Fund Regular Growth,https://www.dezerv.in/mutual-funds/kotak-floating-rate-fund-regular-growth-inf174ka1dy6/
Kotak Fmp Series 287 1188 Days Direct Growth,https://www.dezerv.in/mutual-funds/kotak-fmp-series-287-1188-days-direct-growth-inf174ka1fu9/
Kotak Fmp Series 287 1188 Days Regular Growth,https://www.dezerv.in/mutual-funds/kotak-fmp-series-287-1188-days-regular-growth-inf174ka1fs3/
Kotak Fmp Series 288 1177 Days Direct Growth,https://www.dezerv.in/mutual-funds/kotak-fmp-series-288-1177-days-direct-growth-inf174ka1gj0/
Kotak Fmp Series 288 1177 Days Regular Growth,https://www.dezerv.in/mutual-funds/kotak-fmp-series-288-1177-days-regular-growth-inf174ka1gh4/
Kotak Fmp Series 289 1179 Days Direct Growth,https://www.dezerv.in/mutual-funds/kotak-fmp-series-289-1179-days-direct-growth-inf174ka1gn2/
Kotak Fmp Series 289 1179 Days Regular Growth,https://www.dezerv.in/mutual-funds/kotak-fmp-series-289-1179-days-regular-growth-inf174ka1gl6/
Kotak Fmp Series 290 1180 Days Direct Growth,https://www.dezerv.in/mutual-funds/kotak-fmp-series-290-1180-days-direct-growth-inf174ka1gr3/
Kotak Fmp Series 290 1180 Days Regular Growth,https://www.dezerv.in/mutual-funds/kotak-fmp-series-290-1180-days-regular-growth-inf174ka1gp7/
Kotak Fmp Series 291 1826 Days Direct Growth,https://www.dezerv.in/mutual-funds/kotak-fmp-series-291-1826-days-direct-growth-inf174ka1gv5/
Kotak Fmp Series 291 1826 Days Regular Growth,https://www.dezerv.in/mutual-funds/kotak-fmp-series-291-1826-days-regular-growth-inf174ka1gt9/
Kotak Fmp Series 292 1735 Days Direct Growth,https://www.dezerv.in/mutual-funds/kotak-fmp-series-292-1735-days-direct-growth-inf174ka1hm2/
Kotak Fmp Series 292 1735 Days Regular Growth,https://www.dezerv.in/mutual-funds/kotak-fmp-series-292-1735-days-regular-growth-inf174ka1hk6/
Kotak Fmp Series 293 1826 Days Direct Growth,https://www.dezerv.in/mutual-funds/kotak-fmp-series-293-1826-days-direct-growth-inf174ka1hq3/
Kotak Fmp Series 293 1826 Days Regular Growth,https://www.dezerv.in/mutual-funds/kotak-fmp-series-293-1826-days-regular-growth-inf174ka1ho8/
Kotak Fmp Series 295 Direct Growth,https://www.dezerv.in/mutual-funds/kotak-fmp-series-295-direct-growth-inf174ka1jb1/
Kotak Fmp Series 295 Regular Growth,https://www.dezerv.in/mutual-funds/kotak-fmp-series-295-regular-growth-inf174ka1iz2/
Kotak Fmp Series 298 Direct Growth,https://www.dezerv.in/mutual-funds/kotak-fmp-series-298-direct-growth-inf174ka1ko2/
Kotak Fmp Series 298 Regular Growth,https://www.dezerv.in/mutual-funds/kotak-fmp-series-298-regular-growth-inf174ka1km6/
Kotak Fmp Series 300 1223 Days Direct Growth,https://www.dezerv.in/mutual-funds/kotak-fmp-series-300-1223-days-direct-growth-inf174ka1kx3/
Kotak Fmp Series 300 1223 Days Regular Growth,https://www.dezerv.in/mutual-funds/kotak-fmp-series-300-1223-days-regular-growth-inf174ka1kv7/
Kotak Fmp Series 304 Direct Growth,https://www.dezerv.in/mutual-funds/kotak-fmp-series-304-direct-growth-inf174ka1lp7/
Kotak Fmp Series 304 Regular Growth,https://www.dezerv.in/mutual-funds/kotak-fmp-series-304-regular-growth-inf174ka1ln2/
Kotak Fmp Series 305 Direct Growth,https://www.dezerv.in/mutual-funds/kotak-fmp-series-305-direct-growth-inf174ka1lt9/
Kotak Fmp Series 305 Regular Growth,https://www.dezerv.in/mutual-funds/kotak-fmp-series-305-regular-growth-inf174ka1lr3/
Kotak Fmp Series 306 Direct Growth,https://www.dezerv.in/mutual-funds/kotak-fmp-series-306-direct-growth-inf174ka1ly9/
Kotak Fmp Series 306 Regular Growth,https://www.dezerv.in/mutual-funds/kotak-fmp-series-306-regular-growth-inf174ka1lw3/
Kotak Fmp Series 308 1125 Days Direct Growth,https://www.dezerv.in/mutual-funds/kotak-fmp-series-308-1125-days-direct-growth-inf174ka1ng2/
Kotak Fmp Series 308 1125 Days Regular Growth,https://www.dezerv.in/mutual-funds/kotak-fmp-series-308-1125-days-regular-growth-inf174ka1ne7/
Kotak Fmp Series 310 1131 Days Direct Growth,https://www.dezerv.in/mutual-funds/kotak-fmp-series-310-1131-days-direct-growth-inf174ka1no6/
Kotak Fmp Series 310 1131 Days Regular Growth,https://www.dezerv.in/mutual-funds/kotak-fmp-series-310-1131-days-regular-growth-inf174ka1nm0/
Kotak Fmp Series 311 113 Days Direct Growth,https://www.dezerv.in/mutual-funds/kotak-fmp-series-311-113-days-direct-growth-inf174ka1ns7/
Kotak Fmp Series 311 113 Days Regular Growth,https://www.dezerv.in/mutual-funds/kotak-fmp-series-311-113-days-regular-growth-inf174ka1nq1/
Kotak Fmp Series 323 Direct Growth,https://www.dezerv.in/mutual-funds/kotak-fmp-series-323-direct-growth-inf174ka1pu8/
Kotak Fmp Series 323 Regular Growth,https://www.dezerv.in/mutual-funds/kotak-fmp-series-323-regular-growth-inf174ka1ps2/
Kotak Fmp Series 324 109 Days Direct Growth,https://www.dezerv.in/mutual-funds/kotak-fmp-series-324-109-days-direct-growth-inf174ka1qe0/
Kotak Fmp Series 324 109 Days Regular Growth,https://www.dezerv.in/mutual-funds/kotak-fmp-series-324-109-days-regular-growth-inf174ka1qc4/
Kotak Fmp Series 325 90 Days Direct Growth,https://www.dezerv.in/mutual-funds/kotak-fmp-series-325-90-days-direct-growth-inf174ka1qi1/
Kotak Fmp Series 325 90 Days Regular Growth,https://www.dezerv.in/mutual-funds/kotak-fmp-series-325-90-days-regular-growth-inf174ka1qg5/
Kotak Fmp Series 326 175 Days Direct Growth,https://www.dezerv.in/mutual-funds/kotak-fmp-series-326-175-days-direct-growth-inf174ka1qm3/
Kotak Fmp Series 326 175 Days Regular Growth,https://www.dezerv.in/mutual-funds/kotak-fmp-series-326-175-days-regular-growth-inf174ka1qk7/
Kotak Fmp Series 327 Direct Growth,https://www.dezerv.in/mutual-funds/kotak-fmp-series-327-direct-growth-inf174ka1qq4/
Kotak Fmp Series 327 Regular Growth,https://www.dezerv.in/mutual-funds/kotak-fmp-series-327-regular-growth-inf174ka1qo9/
Kotak Focused Equity Fund Direct Growth,https://www.dezerv.in/mutual-funds/kotak-focused-equity-fund-direct-growth-inf174ka1en7/
Kotak Focused Equity Fund Regular Growth,https://www.dezerv.in/mutual-funds/kotak-focused-equity-fund-regular-growth-inf174ka1ek3/
Kotak Gilt Investment Fund Direct Growth,https://www.dezerv.in/mutual-funds/kotak-gilt-investment-fund-direct-growth-inf174k01ke4/
Kotak Gilt Investment Fund Regular Growth,https://www.dezerv.in/mutual-funds/kotak-gilt-investment-fund-regular-growth-inf174k01fi5/
Kotak Global Emerging Market Fund Direct Growth,https://www.dezerv.in/mutual-funds/kotak-global-emerging-market-fund-direct-growth-inf174k01lw4/
Kotak Global Emerging Market Fund Regular Growth,https://www.dezerv.in/mutual-funds/kotak-global-emerging-market-fund-regular-growth-inf174k01dv3/
Kotak Global Innovation Fund Of Fund Direct Growth,https://www.dezerv.in/mutual-funds/kotak-global-innovation-fund-of-fund-direct-growth-inf174ka1hg4/
Kotak Global Innovation Fund Of Fund Regular Growth,https://www.dezerv.in/mutual-funds/kotak-global-innovation-fund-of-fund-regular-growth-inf174ka1hd1/
Kotak Gold Direct Growth,https://www.dezerv.in/mutual-funds/kotak-gold-direct-growth-inf174k01mp6/
Kotak Gold Etf,https://www.dezerv.in/mutual-funds/kotak-gold-etf-inf174ka1hj8/
Kotak Gold Regular Growth,https://www.dezerv.in/mutual-funds/kotak-gold-regular-growth-inf174k01at3/
Kotak Gold Silver Passive Fof Direct Growth,https://www.dezerv.in/mutual-funds/kotak-gold-silver-passive-fof-direct-growth-inf174ka1xt4/
Kotak Gold Silver Passive Fof Regular Growth,https://www.dezerv.in/mutual-funds/kotak-gold-silver-passive-fof-regular-growth-inf174ka1xu2/
Kotak Healthcare Fund Direct Growth,https://www.dezerv.in/mutual-funds/kotak-healthcare-fund-direct-growth-inf174ka1pz7/
Kotak Healthcare Fund Regular Growth,https://www.dezerv.in/mutual-funds/kotak-healthcare-fund-regular-growth-inf174ka1pw4/
Kotak India Eq Contra Fund Direct Growth,https://www.dezerv.in/mutual-funds/kotak-india-eq-contra-fund-direct-growth-inf174k01kz9/
Kotak India Eq Contra Fund Regular Growth,https://www.dezerv.in/mutual-funds/kotak-india-eq-contra-fund-regular-growth-inf174k01245/
Kotak India Growth Fund Series Iv Direct Growth,https://www.dezerv.in/mutual-funds/kotak-india-growth-fund-series-iv-direct-growth-inf174k019s9/
Kotak India Growth Fund Series Iv Regular Growth,https://www.dezerv.in/mutual-funds/kotak-india-growth-fund-series-iv-regular-growth-inf174ka1gd3/
Kotak Infrastructure And Economic Reform Fund Direct Growth,https://www.dezerv.in/mutual-funds/kotak-infrastructure-and-economic-reform-fund-direct-growth-inf178l01al9/
Kotak Infrastructure And Economic Reform Fund Regular Growth,https://www.dezerv.in/mutual-funds/kotak-infrastructure-and-economic-reform-fund-regular-growth-inf178l01095/
Kotak International Reit Fof Direct Growth,https://www.dezerv.in/mutual-funds/kotak-international-reit-fof-direct-growth-inf174ka1fo2/
Kotak International Reit Fof Regular Growth,https://www.dezerv.in/mutual-funds/kotak-international-reit-fof-regular-growth-inf174ka1fl8/
Kotak Liquid Fund Direct Growth,https://www.dezerv.in/mutual-funds/kotak-liquid-fund-direct-growth-inf174k01ne8/
Kotak Liquid Fund Regular Growth,https://www.dezerv.in/mutual-funds/kotak-liquid-fund-regular-growth-inf174k01ni9/
Kotak Long Duration Fund Direct Growth,https://www.dezerv.in/mutual-funds/kotak-long-duration-fund-direct-growth-inf174ka1rf5/
Kotak Long Duration Fund Regular Growth,https://www.dezerv.in/mutual-funds/kotak-long-duration-fund-regular-growth-inf174ka1rc2/
Kotak Low Duration Fund Direct Growth,https://www.dezerv.in/mutual-funds/kotak-low-duration-fund-direct-growth-inf178l01ax4/
Kotak Low Duration Fund Regular Growth,https://www.dezerv.in/mutual-funds/kotak-low-duration-fund-regular-growth-inf178l01202/
Kotak Manufacture In India Fund Direct Growth,https://www.dezerv.in/mutual-funds/kotak-manufacture-in-india-fund-direct-growth-inf174ka1if4/
Kotak Manufacture In India Fund Regular Growth,https://www.dezerv.in/mutual-funds/kotak-manufacture-in-india-fund-regular-growth-inf174ka1ic1/
Kotak Medium Term Fund Direct Growth,https://www.dezerv.in/mutual-funds/kotak-medium-term-fund-direct-growth-inf174k01vq5/
Kotak Medium Term Fund Regular Growth,https://www.dezerv.in/mutual-funds/kotak-medium-term-fund-regular-growth-inf174k01vl6/
Kotak Mnc Fund Direct Growth,https://www.dezerv.in/mutual-funds/kotak-mnc-fund-direct-growth-inf174ka1tg9/
Kotak Mnc Fund Regular Growth,https://www.dezerv.in/mutual-funds/kotak-mnc-fund-regular-growth-inf174ka1tj3/
Kotak Money Market Scheme Direct Growth,https://www.dezerv.in/mutual-funds/kotak-money-market-scheme-direct-growth-inf174k01mw2/
Kotak Money Market Scheme Regular Growth,https://www.dezerv.in/mutual-funds/kotak-money-market-scheme-regular-growth-inf174k01na6/
Kotak Monthly Interval Series 4 Direct Growth,https://www.dezerv.in/mutual-funds/kotak-monthly-interval-series-4-direct-growth-inf174ka1db4/
Kotak Monthly Interval Series 4 Regular Growth,https://www.dezerv.in/mutual-funds/kotak-monthly-interval-series-4-regular-growth-inf174ka1cz5/
Kotak Msci India Etf,https://www.dezerv.in/mutual-funds/kotak-msci-india-etf-inf174ka1vd2/
Kotak Multi Asset Active Fof Direct Growth,https://www.dezerv.in/mutual-funds/kotak-multi-asset-active-fof-direct-growth-inf174ka1zo0/
Kotak Multi Asset Active Fof Regular Growth,https://www.dezerv.in/mutual-funds/kotak-multi-asset-active-fof-regular-growth-inf174ka1zr3/
Kotak Multi Asset Allocation Fund Direct Growth,https://www.dezerv.in/mutual-funds/kotak-multi-asset-allocation-fund-direct-growth-inf174ka1pd4/
Kotak Multi Asset Allocation Fund Regular Growth,https://www.dezerv.in/mutual-funds/kotak-multi-asset-allocation-fund-regular-growth-inf174ka1pa0/
Kotak Multi Asset Allocator Fund Of Fund Dynamic Direct Growth,https://www.dezerv.in/mutual-funds/kotak-multi-asset-allocator-fund-of-fund-dynamic-direct-growth-inf174k01ln3/
Kotak Multi Asset Allocator Fund Of Fund Dynamic Regular Growth,https://www.dezerv.in/mutual-funds/kotak-multi-asset-allocator-fund-of-fund-dynamic-regular-growth-inf174k01468/
Kotak Multi Factor Passive Fof Direct Growth,https://www.dezerv.in/mutual-funds/kotak-multi-factor-passive-fof-direct-growth-inf174ka1zg6/
Kotak Multi Factor Passive Fof Regular Growth,https://www.dezerv.in/mutual-funds/kotak-multi-factor-passive-fof-regular-growth-inf174ka1zh4/
Kotak Multicap Fund Direct Growth,https://www.dezerv.in/mutual-funds/kotak-multicap-fund-direct-growth-inf174ka1hv3/
Kotak Multicap Fund Regular Growth,https://www.dezerv.in/mutual-funds/kotak-multicap-fund-regular-growth-inf174ka1hs9/
Kotak Nasdaq 100 Fund Of Fund Direct Growth,https://www.dezerv.in/mutual-funds/kotak-nasdaq-100-fund-of-fund-direct-growth-inf174ka1fq7/
Kotak Nasdaq 100 Fund Of Fund Regular Growth,https://www.dezerv.in/mutual-funds/kotak-nasdaq-100-fund-of-fund-regular-growth-inf174ka1fr5/
Kotak Nifty 100 Equal Weight Etf,https://www.dezerv.in/mutual-funds/kotak-nifty-100-equal-weight-etf-inf174ka1uw4/
Kotak Nifty 100 Equal Weight Index Fund Direct Growth,https://www.dezerv.in/mutual-funds/kotak-nifty-100-equal-weight-index-fund-direct-growth-inf174ka1ty2/
Kotak Nifty 100 Equal Weight Index Fund Regular Growth,https://www.dezerv.in/mutual-funds/kotak-nifty-100-equal-weight-index-fund-regular-growth-inf174ka1ub8/
Kotak Nifty 100 Low Volatality 30 Etf,https://www.dezerv.in/mutual-funds/kotak-nifty-100-low-volatality-30-etf-inf174ka1iy5/
Kotak Nifty 100 Low Volatility 30 Index Fund Direct Growth,https://www.dezerv.in/mutual-funds/kotak-nifty-100-low-volatility-30-index-fund-direct-growth-inf174ka1rz3/
Kotak Nifty 100 Low Volatility 30 Index Fund Regular Growth,https://www.dezerv.in/mutual-funds/kotak-nifty-100-low-volatility-30-index-fund-regular-growth-inf174ka1rw0/
Kotak Nifty 1D Rate Liquid Etf,https://www.dezerv.in/mutual-funds/kotak-nifty-1d-rate-liquid-etf-inf174ka1lv5/
Kotak Nifty 200 Momentum 30 Etf,https://www.dezerv.in/mutual-funds/kotak-nifty-200-momentum-30-etf-inf174ka1xs6/
Kotak Nifty 200 Momentum 30 Index Fund Direct Growth,https://www.dezerv.in/mutual-funds/kotak-nifty-200-momentum-30-index-fund-direct-growth-inf174ka1ob1/
Kotak Nifty 200 Momentum 30 Index Fund Regular Growth,https://www.dezerv.in/mutual-funds/kotak-nifty-200-momentum-30-index-fund-regular-growth-inf174ka1ny5/
Kotak Nifty 200 Quality 30 Index Fund Direct Growth,https://www.dezerv.in/mutual-funds/kotak-nifty-200-quality-30-index-fund-direct-growth-inf174ka1wn9/
Kotak Nifty 200 Quality 30 Index Fund Regular Growth,https://www.dezerv.in/mutual-funds/kotak-nifty-200-quality-30-index-fund-regular-growth-inf174ka1wq2/
Kotak Nifty 50 Equal Weight Index Fund Direct Growth,https://www.dezerv.in/mutual-funds/kotak-nifty-50-equal-weight-index-fund-direct-growth-inf174ka1ue2/
Kotak Nifty 50 Equal Weight Index Fund Regular Growth,https://www.dezerv.in/mutual-funds/kotak-nifty-50-equal-weight-index-fund-regular-growth-inf174ka1uh5/
Kotak Nifty 50 Etf,https://www.dezerv.in/mutual-funds/kotak-nifty-50-etf-inf174k014p6/
Kotak Nifty 50 Index Fund Direct Growth,https://www.dezerv.in/mutual-funds/kotak-nifty-50-index-fund-direct-growth-inf174ka1ha7/
Kotak Nifty 50 Index Fund Regular Growth,https://www.dezerv.in/mutual-funds/kotak-nifty-50-index-fund-regular-growth-inf174ka1gx1/
Kotak Nifty 50 Value 20 Etf,https://www.dezerv.in/mutual-funds/kotak-nifty-50-value-20-etf-inf174k01z71/
Kotak Nifty 50 Value 20 Etf,https://www.dezerv.in/mutual-funds/kotak-nifty-50-value-20-etf-inf174ka1ze1/
Kotak Nifty Aaa Bond Financial Services Mar 2028 Index Fund Direct Growth,https://www.dezerv.in/mutual-funds/kotak-nifty-aaa-bond-financial-services-mar-2028-index-fund-direct-growth-inf174ka1wy6/
Kotak Nifty Aaa Bond Financial Services Mar 2028 Index Fund Regular Growth,https://www.dezerv.in/mutual-funds/kotak-nifty-aaa-bond-financial-services-mar-2028-index-fund-regular-growth-inf174ka1wv2/
Kotak Nifty Aaa Bond Jun 2025 Htm Index Fund Direct Growth,https://www.dezerv.in/mutual-funds/kotak-nifty-aaa-bond-jun-2025-htm-index-fund-direct-growth-inf174ka1rn9/
Kotak Nifty Aaa Bond Jun 2025 Htm Index Fund Regular Growth,https://www.dezerv.in/mutual-funds/kotak-nifty-aaa-bond-jun-2025-htm-index-fund-regular-growth-inf174ka1ri9/
Kotak Nifty Aaa Bond Plus Sdl Apr 2026 70 30 Etf,https://www.dezerv.in/mutual-funds/kotak-nifty-aaa-bond-plus-sdl-apr-2026-70-30-etf-inf174ka1hy7/
Kotak Nifty Aaa Bond Plus Sdl Apr 2031 70 30 Etf,https://www.dezerv.in/mutual-funds/kotak-nifty-aaa-bond-plus-sdl-apr-2031-70-30-etf-inf174ka1hz4/
Kotak Nifty Alpha 50 Etf,https://www.dezerv.in/mutual-funds/kotak-nifty-alpha-50-etf-inf174ka1ia5/
Kotak Nifty Alpha 50 Index Fund Direct Growth,https://www.dezerv.in/mutual-funds/kotak-nifty-alpha-50-index-fund-direct-growth-inf174ka1xg1/
Kotak Nifty Alpha 50 Index Fund Regular Growth,https://www.dezerv.in/mutual-funds/kotak-nifty-alpha-50-index-fund-regular-growth-inf174ka1xj5/
Kotak Nifty Bank Etf,https://www.dezerv.in/mutual-funds/kotak-nifty-bank-etf-inf174k01f59/
Kotak Nifty Bank Etf,https://www.dezerv.in/mutual-funds/kotak-nifty-bank-etf-inf174ka1zb7/
Kotak Nifty Chemicals Etf,https://www.dezerv.in/mutual-funds/kotak-nifty-chemicals-etf-inf174ka1xv0/
Kotak Nifty Commodities Index Fund Direct Growth,https://www.dezerv.in/mutual-funds/kotak-nifty-commodities-index-fund-direct-growth-inf174ka1ve0/
Kotak Nifty Commodities Index Fund Regular Growth,https://www.dezerv.in/mutual-funds/kotak-nifty-commodities-index-fund-regular-growth-inf174ka1vh3/
Kotak Nifty Financial Services Ex Bank Index Fund Direct Growth,https://www.dezerv.in/mutual-funds/kotak-nifty-financial-services-ex-bank-index-fund-direct-growth-inf174ka1or7/
Kotak Nifty Financial Services Ex Bank Index Fund Regular Growth,https://www.dezerv.in/mutual-funds/kotak-nifty-financial-services-ex-bank-index-fund-regular-growth-inf174ka1oo4/
Kotak Nifty G Sec July 2033 Index Fund Direct Growth,https://www.dezerv.in/mutual-funds/kotak-nifty-g-sec-july-2033-index-fund-direct-growth-inf174ka1pj1/
Kotak Nifty G Sec July 2033 Index Fund Regular Growth,https://www.dezerv.in/mutual-funds/kotak-nifty-g-sec-july-2033-index-fund-regular-growth-inf174ka1pg7/
Kotak Nifty India Consumption Etf,https://www.dezerv.in/mutual-funds/kotak-nifty-india-consumption-etf-inf174ka1je5/
Kotak Nifty India Consumption Etf,https://www.dezerv.in/mutual-funds/kotak-nifty-india-consumption-etf-inf174ka1zf8/
Kotak Nifty India Tourism Index Fund Direct Growth,https://www.dezerv.in/mutual-funds/kotak-nifty-india-tourism-index-fund-direct-growth-inf174ka1sz1/
Kotak Nifty India Tourism Index Fund Regular Growth,https://www.dezerv.in/mutual-funds/kotak-nifty-india-tourism-index-fund-regular-growth-inf174ka1tc8/
Kotak Nifty It Etf,https://www.dezerv.in/mutual-funds/kotak-nifty-it-etf-inf174ka1gc5/
Kotak Nifty Midcap 150 Etf,https://www.dezerv.in/mutual-funds/kotak-nifty-midcap-150-etf-inf174ka1vw2/
Kotak Nifty Midcap 150 Index Fund Direct Growth,https://www.dezerv.in/mutual-funds/kotak-nifty-midcap-150-index-fund-direct-growth-inf174ka1vt8/
Kotak Nifty Midcap 150 Index Fund Regular Growth,https://www.dezerv.in/mutual-funds/kotak-nifty-midcap-150-index-fund-regular-growth-inf174ka1vq4/
Kotak Nifty Midcap 150 Momentum 50 Index Fund Direct Growth,https://www.dezerv.in/mutual-funds/kotak-nifty-midcap-150-momentum-50-index-fund-direct-growth-inf174ka1tm7/
Kotak Nifty Midcap 150 Momentum 50 Index Fund Regular Growth,https://www.dezerv.in/mutual-funds/kotak-nifty-midcap-150-momentum-50-index-fund-regular-growth-inf174ka1tp0/
Kotak Nifty Midcap 50 Etf,https://www.dezerv.in/mutual-funds/kotak-nifty-midcap-50-etf-inf174ka1ib3/
Kotak Nifty Midcap 50 Etf,https://www.dezerv.in/mutual-funds/kotak-nifty-midcap-50-etf-inf174ka1zc5/
Kotak Nifty Midcap 50 Index Fund Direct Growth,https://www.dezerv.in/mutual-funds/kotak-nifty-midcap-50-index-fund-direct-growth-inf174ka1sr8/
Kotak Nifty Midcap 50 Index Fund Regular Growth,https://www.dezerv.in/mutual-funds/kotak-nifty-midcap-50-index-fund-regular-growth-inf174ka1so5/
Kotak Nifty Mnc Etf,https://www.dezerv.in/mutual-funds/kotak-nifty-mnc-etf-inf174ka1jf2/
Kotak Nifty Next 50 Etf,https://www.dezerv.in/mutual-funds/kotak-nifty-next-50-etf-inf174ka1yo3/
Kotak Nifty Next 50 Index Fund Direct Growth,https://www.dezerv.in/mutual-funds/kotak-nifty-next-50-index-fund-direct-growth-inf174ka1ga9/
Kotak Nifty Next 50 Index Fund Regular Growth,https://www.dezerv.in/mutual-funds/kotak-nifty-next-50-index-fund-regular-growth-inf174ka1fx3/
Kotak Nifty Psu Bank Etf,https://www.dezerv.in/mutual-funds/kotak-nifty-psu-bank-etf-inf373i01023/
Kotak Nifty Sdl Apr 2027 Top 12 Equal Weight Index Fund Direct Growth,https://www.dezerv.in/mutual-funds/kotak-nifty-sdl-apr-2027-top-12-equal-weight-index-fund-direct-growth-inf174ka1il2/
Kotak Nifty Sdl Apr 2027 Top 12 Equal Weight Index Fund Regular Growth,https://www.dezerv.in/mutual-funds/kotak-nifty-sdl-apr-2027-top-12-equal-weight-index-fund-regular-growth-inf174ka1ii8/
Kotak Nifty Sdl Apr 2032 Top 12 Equal Weight Index Fund Direct Growth,https://www.dezerv.in/mutual-funds/kotak-nifty-sdl-apr-2032-top-12-equal-weight-index-fund-direct-growth-inf174ka1ir9/
Kotak Nifty Sdl Apr 2032 Top 12 Equal Weight Index Fund Regular Growth,https://www.dezerv.in/mutual-funds/kotak-nifty-sdl-apr-2032-top-12-equal-weight-index-fund-regular-growth-inf174ka1io6/
Kotak Nifty Sdl Jul 2026 Index Fund Direct Growth,https://www.dezerv.in/mutual-funds/kotak-nifty-sdl-jul-2026-index-fund-direct-growth-inf174ka1lc5/
Kotak Nifty Sdl Jul 2026 Index Fund Regular Growth,https://www.dezerv.in/mutual-funds/kotak-nifty-sdl-jul-2026-index-fund-regular-growth-inf174ka1kz8/
Kotak Nifty Sdl Jul 2028 Index Fund Direct Growth,https://www.dezerv.in/mutual-funds/kotak-nifty-sdl-jul-2028-index-fund-direct-growth-inf174ka1mv3/
Kotak Nifty Sdl Jul 2028 Index Fund Regular Growth,https://www.dezerv.in/mutual-funds/kotak-nifty-sdl-jul-2028-index-fund-regular-growth-inf174ka1ms9/
Kotak Nifty Sdl Jul 2033 Index Fund Direct Growth,https://www.dezerv.in/mutual-funds/kotak-nifty-sdl-jul-2033-index-fund-direct-growth-inf174ka1mj8/
Kotak Nifty Sdl Jul 2033 Index Fund Regular Growth,https://www.dezerv.in/mutual-funds/kotak-nifty-sdl-jul-2033-index-fund-regular-growth-inf174ka1mg4/
Kotak Nifty Sdl Plus Aaa Psu Bond Jul 2028 60 40 Index Fund Direct Growth,https://www.dezerv.in/mutual-funds/kotak-nifty-sdl-plus-aaa-psu-bond-jul-2028-60-40-index-fund-direct-growth-inf174ka1jt3/
Kotak Nifty Sdl Plus Aaa Psu Bond Jul 2028 60 40 Index Fund Regular Growth,https://www.dezerv.in/mutual-funds/kotak-nifty-sdl-plus-aaa-psu-bond-jul-2028-60-40-index-fund-regular-growth-inf174ka1jq9/
Kotak Nifty Sdl Plus Aaa Psu Bond Jul 2033 60 40 Index Fund Direct Growth,https://www.dezerv.in/mutual-funds/kotak-nifty-sdl-plus-aaa-psu-bond-jul-2033-60-40-index-fund-direct-growth-inf174ka1jz0/
Kotak Nifty Sdl Plus Aaa Psu Bond Jul 2033 60 40 Index Fund Regular Growth,https://www.dezerv.in/mutual-funds/kotak-nifty-sdl-plus-aaa-psu-bond-jul-2033-60-40-index-fund-regular-growth-inf174ka1jw7/
Kotak Nifty Smallcap 250 Index Fund Direct Growth,https://www.dezerv.in/mutual-funds/kotak-nifty-smallcap-250-index-fund-direct-growth-inf174ka1uk9/
Kotak Nifty Smallcap 250 Index Fund Regular Growth,https://www.dezerv.in/mutual-funds/kotak-nifty-smallcap-250-index-fund-regular-growth-inf174ka1un3/
Kotak Nifty Smallcap 50 Index Fund Direct Growth,https://www.dezerv.in/mutual-funds/kotak-nifty-smallcap-50-index-fund-direct-growth-inf174ka1nb3/
Kotak Nifty Smallcap 50 Index Fund Regular Growth,https://www.dezerv.in/mutual-funds/kotak-nifty-smallcap-50-index-fund-regular-growth-inf174ka1my7/
Kotak Nifty Top 10 Equal Weight Index Fund Direct Growth,https://www.dezerv.in/mutual-funds/kotak-nifty-top-10-equal-weight-index-fund-direct-growth-inf174ka1wd0/
Kotak Nifty Top 10 Equal Weight Index Fund Regular Growth,https://www.dezerv.in/mutual-funds/kotak-nifty-top-10-equal-weight-index-fund-regular-growth-inf174ka1wg3/
Kotak Nifty200 Quality 30 Etf,https://www.dezerv.in/mutual-funds/kotak-nifty200-quality-30-etf-inf174ka1wt6/
Kotak Nifty200 Value 30 Index Fund Direct Growth,https://www.dezerv.in/mutual-funds/kotak-nifty200-value-30-index-fund-direct-growth-inf174ka1yp0/
Kotak Nifty200 Value 30 Index Fund Regular Growth,https://www.dezerv.in/mutual-funds/kotak-nifty200-value-30-index-fund-regular-growth-inf174ka1ys4/
Kotak Nifty500 Momentum 50 Index Fund Direct Growth,https://www.dezerv.in/mutual-funds/kotak-nifty500-momentum-50-index-fund-direct-growth-inf174ka1yc8/
Kotak Nifty500 Momentum 50 Index Fund Regular Growth,https://www.dezerv.in/mutual-funds/kotak-nifty500-momentum-50-index-fund-regular-growth-inf174ka1yf1/
Kotak Overnight Fund Direct Growth,https://www.dezerv.in/mutual-funds/kotak-overnight-fund-direct-growth-inf174ka1bf9/
Kotak Overnight Fund Regular Growth,https://www.dezerv.in/mutual-funds/kotak-overnight-fund-regular-growth-inf174ka1bc6/
Kotak Pioneer Fund Direct Growth,https://www.dezerv.in/mutual-funds/kotak-pioneer-fund-direct-growth-inf174ka1ez1/
Kotak Pioneer Fund Regular Growth,https://www.dezerv.in/mutual-funds/kotak-pioneer-fund-regular-growth-inf174ka1ew8/
Kotak Quality Overseas Equity Omni Fof Direct Growth,https://www.dezerv.in/mutual-funds/kotak-quality-overseas-equity-omni-fof-direct-growth-inf174ka1zi2/
Kotak Quality Overseas Equity Omni Fof Regular Growth,https://www.dezerv.in/mutual-funds/kotak-quality-overseas-equity-omni-fof-regular-growth-inf174ka1zl6/
Kotak Quant Fund Direct Growth,https://www.dezerv.in/mutual-funds/kotak-quant-fund-direct-growth-inf174ka1ol0/
Kotak Quant Fund Regular Growth,https://www.dezerv.in/mutual-funds/kotak-quant-fund-regular-growth-inf174ka1oi6/
Kotak Quarterly Interval Series 12 Direct Growth,https://www.dezerv.in/mutual-funds/kotak-quarterly-interval-series-12-direct-growth-inf174ka1913/
Kotak Quarterly Interval Series 12 Regular Growth,https://www.dezerv.in/mutual-funds/kotak-quarterly-interval-series-12-regular-growth-inf174ka1889/
Kotak Quarterly Interval Series 13 Direct Growth,https://www.dezerv.in/mutual-funds/kotak-quarterly-interval-series-13-direct-growth-inf174ka1cj9/
Kotak Quarterly Interval Series 13 Regular Growth,https://www.dezerv.in/mutual-funds/kotak-quarterly-interval-series-13-regular-growth-inf174ka1ch3/
Kotak Rural Opportunities Fund Direct Growth,https://www.dezerv.in/mutual-funds/kotak-rural-opportunities-fund-direct-growth-inf174ka1xw8/
Kotak Rural Opportunities Fund Regular Growth,https://www.dezerv.in/mutual-funds/kotak-rural-opportunities-fund-regular-growth-inf174ka1xz1/
Kotak S P Bse Housing Index Fund Direct Growth,https://www.dezerv.in/mutual-funds/kotak-s-p-bse-housing-index-fund-direct-growth-inf174ka1ox5/
Kotak S P Bse Housing Index Fund Regular Growth,https://www.dezerv.in/mutual-funds/kotak-s-p-bse-housing-index-fund-regular-growth-inf174ka1ou1/
Kotak S P Bse Sensex Etf,https://www.dezerv.in/mutual-funds/kotak-s-p-bse-sensex-etf-inf174ka1jd7/
Kotak S P Bse Sensex Etf,https://www.dezerv.in/mutual-funds/kotak-s-p-bse-sensex-etf-inf373i01031/
Kotak Savings Fund Direct Growth,https://www.dezerv.in/mutual-funds/kotak-savings-fund-direct-growth-inf174k01jp2/
Kotak Savings Fund Regular Growth,https://www.dezerv.in/mutual-funds/kotak-savings-fund-regular-growth-inf174k01fd6/
Kotak Services Fund Direct Growth,https://www.dezerv.in/mutual-funds/kotak-services-fund-direct-growth-inf174ka1yv8/
Kotak Services Fund Regular Growth,https://www.dezerv.in/mutual-funds/kotak-services-fund-regular-growth-inf174ka1yy2/
Kotak Silver Etf Fund Of Fund Direct Growth,https://www.dezerv.in/mutual-funds/kotak-silver-etf-fund-of-fund-direct-growth-inf174ka1mq3/
Kotak Silver Etf Fund Of Fund Regular Growth,https://www.dezerv.in/mutual-funds/kotak-silver-etf-fund-of-fund-regular-growth-inf174ka1mr1/
Kotak Silver Etf,https://www.dezerv.in/mutual-funds/kotak-silver-etf-inf174ka1ku9/
Kotak Silver Etf,https://www.dezerv.in/mutual-funds/kotak-silver-etf-inf174ka1zd3/
Kotak Small Cap Fund Direct Growth,https://www.dezerv.in/mutual-funds/kotak-small-cap-fund-direct-growth-inf174k01kt2/
Kotak Small Cap Fund Regular Growth,https://www.dezerv.in/mutual-funds/kotak-small-cap-fund-regular-growth-inf174k01211/
Kotak Special Opportunities Fund Direct Growth,https://www.dezerv.in/mutual-funds/kotak-special-opportunities-fund-direct-growth-inf174ka1sf3/
Kotak Special Opportunities Fund Regular Growth,https://www.dezerv.in/mutual-funds/kotak-special-opportunities-fund-regular-growth-inf174ka1sc0/
Kotak Taxsaver Fund Direct Growth,https://www.dezerv.in/mutual-funds/kotak-taxsaver-fund-direct-growth-inf174k01li3/
Kotak Taxsaver Fund Regular Growth,https://www.dezerv.in/mutual-funds/kotak-taxsaver-fund-regular-growth-inf174k01369/
Kotak Technology Fund Direct Growth,https://www.dezerv.in/mutual-funds/kotak-technology-fund-direct-growth-inf174ka1qz5/
Kotak Technology Fund Regular Growth,https://www.dezerv.in/mutual-funds/kotak-technology-fund-regular-growth-inf174ka1qw2/
Kotak Transportation Logistics Fund Direct Growth,https://www.dezerv.in/mutual-funds/kotak-transportation-logistics-fund-direct-growth-inf174ka1ts4/
Kotak Transportation Logistics Fund Regular Growth,https://www.dezerv.in/mutual-funds/kotak-transportation-logistics-fund-regular-growth-inf174ka1tv8/
Kotak Yearly Interval Plan Series 1 Direct Growth,https://www.dezerv.in/mutual-funds/kotak-yearly-interval-plan-series-1-direct-growth-inf174ka1954/
Kotak Yearly Interval Plan Series 1 Regular Growth,https://www.dezerv.in/mutual-funds/kotak-yearly-interval-plan-series-1-regular-growth-inf174ka1939/
Lic Mf Aggressive Hybrid Fund Direct Growth,https://www.dezerv.in/mutual-funds/lic-mf-aggressive-hybrid-fund-direct-growth-inf767k01ed0/
Lic Mf Aggressive Hybrid Fund Regular Growth,https://www.dezerv.in/mutual-funds/lic-mf-aggressive-hybrid-fund-regular-growth-inf767k01030/
Lic Mf Arbitrage Fund Direct Growth,https://www.dezerv.in/mutual-funds/lic-mf-arbitrage-fund-direct-growth-inf767k01pp0/
Lic Mf Arbitrage Fund Regular Growth,https://www.dezerv.in/mutual-funds/lic-mf-arbitrage-fund-regular-growth-inf767k01pl9/
Lic Mf Balanced Advantage Fund Direct Growth,https://www.dezerv.in/mutual-funds/lic-mf-balanced-advantage-fund-direct-growth-inf767k01qy0/
Lic Mf Balanced Advantage Fund Regular Growth,https://www.dezerv.in/mutual-funds/lic-mf-balanced-advantage-fund-regular-growth-inf767k01qv6/
Lic Mf Banking Financial Services Fund Direct Growth,https://www.dezerv.in/mutual-funds/lic-mf-banking-financial-services-fund-direct-growth-inf767k01nk6/
Lic Mf Banking Financial Services Fund Regular Growth,https://www.dezerv.in/mutual-funds/lic-mf-banking-financial-services-fund-regular-growth-inf767k01nh2/
Lic Mf Banking Psu Debt Fund Direct Growth,https://www.dezerv.in/mutual-funds/lic-mf-banking-psu-debt-fund-direct-growth-inf767k01gi4/
Lic Mf Banking Psu Debt Fund Regular Growth,https://www.dezerv.in/mutual-funds/lic-mf-banking-psu-debt-fund-regular-growth-inf767k01535/
Lic Mf Conservative Hybrid Fund Direct Growth,https://www.dezerv.in/mutual-funds/lic-mf-conservative-hybrid-fund-direct-growth-inf767k01eo7/
Lic Mf Conservative Hybrid Fund Regular Growth,https://www.dezerv.in/mutual-funds/lic-mf-conservative-hybrid-fund-regular-growth-inf767k01808/
Lic Mf Consumption Fund Direct Growth,https://www.dezerv.in/mutual-funds/lic-mf-consumption-fund-direct-growth-inf767k01sd0/
Lic Mf Consumption Fund Regular Growth,https://www.dezerv.in/mutual-funds/lic-mf-consumption-fund-regular-growth-inf767k01sa6/
Lic Mf Dividend Yield Fund Direct Growth,https://www.dezerv.in/mutual-funds/lic-mf-dividend-yield-fund-direct-growth-inf397l01lc1/
Lic Mf Dividend Yield Fund Regular Growth,https://www.dezerv.in/mutual-funds/lic-mf-dividend-yield-fund-regular-growth-inf397l01ky7/
Lic Mf Elss Direct Growth,https://www.dezerv.in/mutual-funds/lic-mf-elss-direct-growth-inf767k01em1/
Lic Mf Elss Regular Growth,https://www.dezerv.in/mutual-funds/lic-mf-elss-regular-growth-inf767k01956/
Lic Mf Equity Savings Fund Direct Growth,https://www.dezerv.in/mutual-funds/lic-mf-equity-savings-fund-direct-growth-inf397l01az5/
Lic Mf Equity Savings Fund Regular Growth,https://www.dezerv.in/mutual-funds/lic-mf-equity-savings-fund-regular-growth-inf397l01315/
Lic Mf Flexi Cap Fund Direct Growth,https://www.dezerv.in/mutual-funds/lic-mf-flexi-cap-fund-direct-growth-inf767k01eg3/
Lic Mf Flexi Cap Fund Regular Growth,https://www.dezerv.in/mutual-funds/lic-mf-flexi-cap-fund-regular-growth-inf767k01071/
Lic Mf Focused 30 Equity Direct Growth,https://www.dezerv.in/mutual-funds/lic-mf-focused-30-equity-direct-growth-inf397l01ka7/
Lic Mf Focused 30 Equity Regular Growth,https://www.dezerv.in/mutual-funds/lic-mf-focused-30-equity-regular-growth-inf397l01ke9/
Lic Mf Gilt Fund Direct Growth,https://www.dezerv.in/mutual-funds/lic-mf-gilt-fund-direct-growth-inf767k01ez3/
Lic Mf Gilt Fund Regular Growth,https://www.dezerv.in/mutual-funds/lic-mf-gilt-fund-regular-growth-inf767k01709/
Lic Mf Gold Etf Fof Direct Growth,https://www.dezerv.in/mutual-funds/lic-mf-gold-etf-fof-direct-growth-inf397l01bu4/
Lic Mf Gold Etf Fof Regular Growth,https://www.dezerv.in/mutual-funds/lic-mf-gold-etf-fof-regular-growth-inf397l01992/
Lic Mf Gold Etf,https://www.dezerv.in/mutual-funds/lic-mf-gold-etf-inf397l01554/
Lic Mf Gold Etf,https://www.dezerv.in/mutual-funds/lic-mf-gold-etf-inf767k01sm1/
Lic Mf Healthcare Fund Direct Growth,https://www.dezerv.in/mutual-funds/lic-mf-healthcare-fund-direct-growth-inf397l01lk4/
Lic Mf Healthcare Fund Regular Growth,https://www.dezerv.in/mutual-funds/lic-mf-healthcare-fund-regular-growth-inf397l01lg2/
Lic Mf Infrastructure Fund Direct Growth,https://www.dezerv.in/mutual-funds/lic-mf-infrastructure-fund-direct-growth-inf767k01gw5/
Lic Mf Infrastructure Fund Regular Growth,https://www.dezerv.in/mutual-funds/lic-mf-infrastructure-fund-regular-growth-inf767k01501/
Lic Mf Large Cap Fund Direct Growth,https://www.dezerv.in/mutual-funds/lic-mf-large-cap-fund-direct-growth-inf767k01ej7/
Lic Mf Large Cap Fund Regular Growth,https://www.dezerv.in/mutual-funds/lic-mf-large-cap-fund-regular-growth-inf767k01105/
Lic Mf Large Mid Cap Fund Direct Growth,https://www.dezerv.in/mutual-funds/lic-mf-large-mid-cap-fund-direct-growth-inf767k01ne9/
Lic Mf Large Mid Cap Fund Regular Growth,https://www.dezerv.in/mutual-funds/lic-mf-large-mid-cap-fund-regular-growth-inf767k01nb5/
Lic Mf Liquid Plan Direct Growth,https://www.dezerv.in/mutual-funds/lic-mf-liquid-plan-direct-growth-inf767k01dn1/
Lic Mf Liquid Plan Regular Growth,https://www.dezerv.in/mutual-funds/lic-mf-liquid-plan-regular-growth-inf767k01is9/
Lic Mf Long Term Value Fund Direct Growth,https://www.dezerv.in/mutual-funds/lic-mf-long-term-value-fund-direct-growth-inf397l01ku5/
Lic Mf Long Term Value Fund Regular Growth,https://www.dezerv.in/mutual-funds/lic-mf-long-term-value-fund-regular-growth-inf397l01kq3/
Lic Mf Low Duration Fund Direct Growth,https://www.dezerv.in/mutual-funds/lic-mf-low-duration-fund-direct-growth-inf767k01fm8/
Lic Mf Low Duration Fund Regular Growth,https://www.dezerv.in/mutual-funds/lic-mf-low-duration-fund-regular-growth-inf767k01ao5/
Lic Mf Manufacturing Fund Direct Growth,https://www.dezerv.in/mutual-funds/lic-mf-manufacturing-fund-direct-growth-inf767k01rr2/
Lic Mf Manufacturing Fund Regular Growth,https://www.dezerv.in/mutual-funds/lic-mf-manufacturing-fund-regular-growth-inf767k01ro9/
Lic Mf Medium To Long Duration Bond Fund Direct Growth,https://www.dezerv.in/mutual-funds/lic-mf-medium-to-long-duration-bond-fund-direct-growth-inf767k01ew0/
Lic Mf Medium To Long Duration Bond Fund Regular Growth,https://www.dezerv.in/mutual-funds/lic-mf-medium-to-long-duration-bond-fund-regular-growth-inf767k01923/
Lic Mf Midcap Fund Direct Growth,https://www.dezerv.in/mutual-funds/lic-mf-midcap-fund-direct-growth-inf397l01jk8/
Lic Mf Midcap Fund Regular Growth,https://www.dezerv.in/mutual-funds/lic-mf-midcap-fund-regular-growth-inf397l01jo0/
Lic Mf Money Market Fund Direct Growth,https://www.dezerv.in/mutual-funds/lic-mf-money-market-fund-direct-growth-inf767k01re0/
Lic Mf Money Market Fund Regular Growth,https://www.dezerv.in/mutual-funds/lic-mf-money-market-fund-regular-growth-inf767k01rb6/
Lic Mf Multi Asset Allocation Fund Regular Growth,https://www.dezerv.in/mutual-funds/lic-mf-multi-asset-allocation-fund-regular-growth-inf767k01rw2/
Lic Mf Multi Asset Allocation Fund Regular Growth,https://www.dezerv.in/mutual-funds/lic-mf-multi-asset-allocation-fund-regular-growth-inf767k01rz5/
Lic Mf Multi Cap Fund Direct Growth,https://www.dezerv.in/mutual-funds/lic-mf-multi-cap-fund-direct-growth-inf767k01rk7/
Lic Mf Multi Cap Fund Regular Growth,https://www.dezerv.in/mutual-funds/lic-mf-multi-cap-fund-regular-growth-inf767k01rh3/
Lic Mf Nifty 100 Etf,https://www.dezerv.in/mutual-funds/lic-mf-nifty-100-etf-inf767k01pc8/
Lic Mf Nifty 50 Etf,https://www.dezerv.in/mutual-funds/lic-mf-nifty-50-etf-inf767k01os7/
Lic Mf Nifty 50 Index Fund Direct Growth,https://www.dezerv.in/mutual-funds/lic-mf-nifty-50-index-fund-direct-growth-inf767k01ff2/
Lic Mf Nifty 50 Index Fund Regular Growth,https://www.dezerv.in/mutual-funds/lic-mf-nifty-50-index-fund-regular-growth-inf767k01162/
Lic Mf Nifty 8 13 Yr G Sec Etf,https://www.dezerv.in/mutual-funds/lic-mf-nifty-8-13-yr-g-sec-etf-inf767k01mv5/
Lic Mf Nifty Midcap 100 Etf,https://www.dezerv.in/mutual-funds/lic-mf-nifty-midcap-100-etf-inf767k01rn1/
Lic Mf Nifty Next 50 Index Fund Direct Growth,https://www.dezerv.in/mutual-funds/lic-mf-nifty-next-50-index-fund-direct-growth-inf397l01aw2/
Lic Mf Nifty Next 50 Index Fund Regular Growth,https://www.dezerv.in/mutual-funds/lic-mf-nifty-next-50-index-fund-regular-growth-inf397l01174/
Lic Mf Overnight Fund Direct Growth,https://www.dezerv.in/mutual-funds/lic-mf-overnight-fund-direct-growth-inf767k01qi3/
Lic Mf Overnight Fund Regular Growth,https://www.dezerv.in/mutual-funds/lic-mf-overnight-fund-regular-growth-inf767k01qd4/
Lic Mf S P Bse Sensex Etf,https://www.dezerv.in/mutual-funds/lic-mf-s-p-bse-sensex-etf-inf767k01ot5/
Lic Mf S P Sensex Index Fund Direct Growth,https://www.dezerv.in/mutual-funds/lic-mf-s-p-sensex-index-fund-direct-growth-inf767k01fj4/
Lic Mf S P Sensex Index Fund Regular Growth,https://www.dezerv.in/mutual-funds/lic-mf-s-p-sensex-index-fund-regular-growth-inf767k01139/
Lic Mf Short Duration Fund Direct Growth,https://www.dezerv.in/mutual-funds/lic-mf-short-duration-fund-direct-growth-inf767k01pw6/
Lic Mf Short Duration Fund Regular Growth,https://www.dezerv.in/mutual-funds/lic-mf-short-duration-fund-regular-growth-inf767k01pt2/
Lic Mf Small Cap Fund Direct Growth,https://www.dezerv.in/mutual-funds/lic-mf-small-cap-fund-direct-growth-inf397l01js1/
Lic Mf Small Cap Fund Regular Growth,https://www.dezerv.in/mutual-funds/lic-mf-small-cap-fund-regular-growth-inf397l01jw3/
Lic Mf Technology Fund Direct Growth,https://www.dezerv.in/mutual-funds/lic-mf-technology-fund-direct-growth-inf767k01sj7/
Lic Mf Technology Fund Regular Growth,https://www.dezerv.in/mutual-funds/lic-mf-technology-fund-regular-growth-inf767k01sg3/
Lic Mf Ultra Short Duration Fund Direct Growth,https://www.dezerv.in/mutual-funds/lic-mf-ultra-short-duration-fund-direct-growth-inf767k01qu8/
Lic Mf Ultra Short Duration Fund Regular Growth,https://www.dezerv.in/mutual-funds/lic-mf-ultra-short-duration-fund-regular-growth-inf767k01qo1/
Magnum Hybrid Long Short Fund Direct Growth,https://www.dezerv.in/mutual-funds/magnum-hybrid-long-short-fund-direct-growth-inf200k30049/
Magnum Hybrid Long Short Fund Regular Growth,https://www.dezerv.in/mutual-funds/magnum-hybrid-long-short-fund-regular-growth-inf200k30015/
Mahindra Manulife Aggressive Hybrid Fund Direct Growth,https://www.dezerv.in/mutual-funds/mahindra-manulife-aggressive-hybrid-fund-direct-growth-inf174v01788/
Mahindra Manulife Aggressive Hybrid Fund Regular Growth,https://www.dezerv.in/mutual-funds/mahindra-manulife-aggressive-hybrid-fund-regular-growth-inf174v01754/
Mahindra Manulife Arbitrage Fund Direct Growth,https://www.dezerv.in/mutual-funds/mahindra-manulife-arbitrage-fund-direct-growth-inf174v01aa0/
Mahindra Manulife Arbitrage Fund Regular Growth,https://www.dezerv.in/mutual-funds/mahindra-manulife-arbitrage-fund-regular-growth-inf174v01978/
Mahindra Manulife Asia Pacific Reits Fof Direct Growth,https://www.dezerv.in/mutual-funds/mahindra-manulife-asia-pacific-reits-fof-direct-growth-inf174v01ay0/
Mahindra Manulife Asia Pacific Reits Fof Regular Growth,https://www.dezerv.in/mutual-funds/mahindra-manulife-asia-pacific-reits-fof-regular-growth-inf174v01av6/
Mahindra Manulife Balanced Advantage Fund Direct Growth,https://www.dezerv.in/mutual-funds/mahindra-manulife-balanced-advantage-fund-direct-growth-inf174v01be0/
Mahindra Manulife Balanced Advantage Fund Regular Growth,https://www.dezerv.in/mutual-funds/mahindra-manulife-balanced-advantage-fund-regular-growth-inf174v01bb6/
Mahindra Manulife Banking Financial Services Fund Direct Growth,https://www.dezerv.in/mutual-funds/mahindra-manulife-banking-financial-services-fund-direct-growth-inf174v01co7/
Mahindra Manulife Banking Financial Services Fund Regular Growth,https://www.dezerv.in/mutual-funds/mahindra-manulife-banking-financial-services-fund-regular-growth-inf174v01cl3/
Mahindra Manulife Business Cycle Fund Direct Growth,https://www.dezerv.in/mutual-funds/mahindra-manulife-business-cycle-fund-direct-growth-inf174v01bq4/
Mahindra Manulife Business Cycle Fund Regular Growth,https://www.dezerv.in/mutual-funds/mahindra-manulife-business-cycle-fund-regular-growth-inf174v01bn1/
Mahindra Manulife Consumption Fund Direct Growth,https://www.dezerv.in/mutual-funds/mahindra-manulife-consumption-fund-direct-growth-inf174v01663/
Mahindra Manulife Consumption Fund Regular Growth,https://www.dezerv.in/mutual-funds/mahindra-manulife-consumption-fund-regular-growth-inf174v01630/
Mahindra Manulife Dynamic Bond Fund Direct Growth,https://www.dezerv.in/mutual-funds/mahindra-manulife-dynamic-bond-fund-direct-growth-inf174v01580/
Mahindra Manulife Dynamic Bond Fund Regular Growth,https://www.dezerv.in/mutual-funds/mahindra-manulife-dynamic-bond-fund-regular-growth-inf174v01531/
Mahindra Manulife Elss Fund Direct Growth,https://www.dezerv.in/mutual-funds/mahindra-manulife-elss-fund-direct-growth-inf174v01093/
Mahindra Manulife Elss Fund Regular Growth,https://www.dezerv.in/mutual-funds/mahindra-manulife-elss-fund-regular-growth-inf174v01077/
Mahindra Manulife Equity Savings Fund Direct Growth,https://www.dezerv.in/mutual-funds/mahindra-manulife-equity-savings-fund-direct-growth-inf174v01184/
Mahindra Manulife Equity Savings Fund Regular Growth,https://www.dezerv.in/mutual-funds/mahindra-manulife-equity-savings-fund-regular-growth-inf174v01150/
Mahindra Manulife Flexi Cap Fund Direct Growth,https://www.dezerv.in/mutual-funds/mahindra-manulife-flexi-cap-fund-direct-growth-inf174v01as2/
Mahindra Manulife Flexi Cap Fund Regular Growth,https://www.dezerv.in/mutual-funds/mahindra-manulife-flexi-cap-fund-regular-growth-inf174v01ap8/
Mahindra Manulife Focused Fund Direct Growth,https://www.dezerv.in/mutual-funds/mahindra-manulife-focused-fund-direct-growth-inf174v01ag7/
Mahindra Manulife Focused Fund Regular Growth,https://www.dezerv.in/mutual-funds/mahindra-manulife-focused-fund-regular-growth-inf174v01ad4/
Mahindra Manulife Income Plus Arbitrage Active Fof Direct Growth,https://www.dezerv.in/mutual-funds/mahindra-manulife-income-plus-arbitrage-active-fof-direct-growth-inf174v01cu4/
Mahindra Manulife Income Plus Arbitrage Active Fof Regular Growth,https://www.dezerv.in/mutual-funds/mahindra-manulife-income-plus-arbitrage-active-fof-regular-growth-inf174v01cr0/
Mahindra Manulife Innovation Opportunities Fund Direct Growth,https://www.dezerv.in/mutual-funds/mahindra-manulife-innovation-opportunities-fund-direct-growth-inf174v01da4/
Mahindra Manulife Innovation Opportunities Fund Regular Growth,https://www.dezerv.in/mutual-funds/mahindra-manulife-innovation-opportunities-fund-regular-growth-inf174v01cx8/
Mahindra Manulife Large Cap Fund Direct Growth,https://www.dezerv.in/mutual-funds/mahindra-manulife-large-cap-fund-direct-growth-inf174v01721/
Mahindra Manulife Large Cap Fund Regular Growth,https://www.dezerv.in/mutual-funds/mahindra-manulife-large-cap-fund-regular-growth-inf174v01697/
Mahindra Manulife Large Mid Cap Fund Direct Growth,https://www.dezerv.in/mutual-funds/mahindra-manulife-large-mid-cap-fund-direct-growth-inf174v01945/
Mahindra Manulife Large Mid Cap Fund Regular Growth,https://www.dezerv.in/mutual-funds/mahindra-manulife-large-mid-cap-fund-regular-growth-inf174v01911/
Mahindra Manulife Liquid Fund Direct Growth,https://www.dezerv.in/mutual-funds/mahindra-manulife-liquid-fund-direct-growth-inf174v01044/
Mahindra Manulife Liquid Fund Regular Growth,https://www.dezerv.in/mutual-funds/mahindra-manulife-liquid-fund-regular-growth-inf174v01010/
Mahindra Manulife Low Duration Fund Direct Growth,https://www.dezerv.in/mutual-funds/mahindra-manulife-low-duration-fund-direct-growth-inf174v01267/
Mahindra Manulife Low Duration Fund Regular Growth,https://www.dezerv.in/mutual-funds/mahindra-manulife-low-duration-fund-regular-growth-inf174v01218/
Mahindra Manulife Manufacturing Fund Direct Growth,https://www.dezerv.in/mutual-funds/mahindra-manulife-manufacturing-fund-direct-growth-inf174v01cc2/
Mahindra Manulife Manufacturing Fund Regular Growth,https://www.dezerv.in/mutual-funds/mahindra-manulife-manufacturing-fund-regular-growth-inf174v01bz5/
Mahindra Manulife Mid Cap Fund Direct Growth,https://www.dezerv.in/mutual-funds/mahindra-manulife-mid-cap-fund-direct-growth-inf174v01507/
Mahindra Manulife Mid Cap Fund Regular Growth,https://www.dezerv.in/mutual-funds/mahindra-manulife-mid-cap-fund-regular-growth-inf174v01473/
Mahindra Manulife Multi Asset Allocation Fund Direct Growth,https://www.dezerv.in/mutual-funds/mahindra-manulife-multi-asset-allocation-fund-direct-growth-inf174v01bw2/
Mahindra Manulife Multi Asset Allocation Fund Regular Growth,https://www.dezerv.in/mutual-funds/mahindra-manulife-multi-asset-allocation-fund-regular-growth-inf174v01bt8/
Mahindra Manulife Multi Cap Fund Direct Growth,https://www.dezerv.in/mutual-funds/mahindra-manulife-multi-cap-fund-direct-growth-inf174v01341/
Mahindra Manulife Multi Cap Fund Regular Growth,https://www.dezerv.in/mutual-funds/mahindra-manulife-multi-cap-fund-regular-growth-inf174v01317/
Mahindra Manulife Overnight Fund Direct Growth,https://www.dezerv.in/mutual-funds/mahindra-manulife-overnight-fund-direct-growth-inf174v01838/
Mahindra Manulife Overnight Fund Regular Growth,https://www.dezerv.in/mutual-funds/mahindra-manulife-overnight-fund-regular-growth-inf174v01812/
Mahindra Manulife Short Duration Fund Direct Growth,https://www.dezerv.in/mutual-funds/mahindra-manulife-short-duration-fund-direct-growth-inf174v01am5/
Mahindra Manulife Short Duration Fund Regular Growth,https://www.dezerv.in/mutual-funds/mahindra-manulife-short-duration-fund-regular-growth-inf174v01aj1/
Mahindra Manulife Small Cap Fund Direct Growth,https://www.dezerv.in/mutual-funds/mahindra-manulife-small-cap-fund-direct-growth-inf174v01bk7/
Mahindra Manulife Small Cap Fund Regular Growth,https://www.dezerv.in/mutual-funds/mahindra-manulife-small-cap-fund-regular-growth-inf174v01bh3/
Mahindra Manulife Ultra Short Duration Fund Direct Growth,https://www.dezerv.in/mutual-funds/mahindra-manulife-ultra-short-duration-fund-direct-growth-inf174v01887/
Mahindra Manulife Ultra Short Duration Fund Regular Growth,https://www.dezerv.in/mutual-funds/mahindra-manulife-ultra-short-duration-fund-regular-growth-inf174v01853/
Mahindra Manulife Value Fund Direct Growth,https://www.dezerv.in/mutual-funds/mahindra-manulife-value-fund-direct-growth-inf174v01ci9/
Mahindra Manulife Value Fund Regular Growth,https://www.dezerv.in/mutual-funds/mahindra-manulife-value-fund-regular-growth-inf174v01cf5/
Mirae Asset Arbitrage Fund Direct Growth,https://www.dezerv.in/mutual-funds/mirae-asset-arbitrage-fund-direct-growth-inf769k01fs1/
Mirae Asset Arbitrage Fund Regular Growth,https://www.dezerv.in/mutual-funds/mirae-asset-arbitrage-fund-regular-growth-inf769k01fp7/
Mirae Asset Balanced Advantage Fund Direct Growth,https://www.dezerv.in/mutual-funds/mirae-asset-balanced-advantage-fund-direct-growth-inf769k01in6/
Mirae Asset Balanced Advantage Fund Regular Growth,https://www.dezerv.in/mutual-funds/mirae-asset-balanced-advantage-fund-regular-growth-inf769k01ik2/
Mirae Asset Banking And Financial Services Fund Direct Growth,https://www.dezerv.in/mutual-funds/mirae-asset-banking-and-financial-services-fund-direct-growth-inf769k01gx9/
Mirae Asset Banking And Financial Services Fund Regular Growth,https://www.dezerv.in/mutual-funds/mirae-asset-banking-and-financial-services-fund-regular-growth-inf769k01gu5/
Mirae Asset Banking And Psu Debt Fund Direct Growth,https://www.dezerv.in/mutual-funds/mirae-asset-banking-and-psu-debt-fund-direct-growth-inf769k01fy9/
Mirae Asset Banking And Psu Debt Fund Regular Growth,https://www.dezerv.in/mutual-funds/mirae-asset-banking-and-psu-debt-fund-regular-growth-inf769k01fv5/
Mirae Asset Bse 200 Equal Weight Etf Fund Of Fund Direct Growth,https://www.dezerv.in/mutual-funds/mirae-asset-bse-200-equal-weight-etf-fund-of-fund-direct-growth-inf769k01oe3/
Mirae Asset Bse 200 Equal Weight Etf Fund Of Fund Regular Growth,https://www.dezerv.in/mutual-funds/mirae-asset-bse-200-equal-weight-etf-fund-of-fund-regular-growth-inf769k01ob9/
Mirae Asset Bse 200 Equal Weight Etf,https://www.dezerv.in/mutual-funds/mirae-asset-bse-200-equal-weight-etf-inf769k01oa1/
Mirae Asset Bse 500 Dividend Leaders 50 Etf,https://www.dezerv.in/mutual-funds/mirae-asset-bse-500-dividend-leaders-50-etf-inf769k01py8/
Mirae Asset Bse India Defence Etf Fof Direct Growth,https://www.dezerv.in/mutual-funds/mirae-asset-bse-india-defence-etf-fof-direct-growth-inf769k01qg3/
Mirae Asset Bse India Defence Etf Fof Regular Growth,https://www.dezerv.in/mutual-funds/mirae-asset-bse-india-defence-etf-fof-regular-growth-inf769k01qd0/
Mirae Asset Bse India Defence Etf,https://www.dezerv.in/mutual-funds/mirae-asset-bse-india-defence-etf-inf769k01qc2/
Mirae Asset Bse Select Ipo Etf Fund Of Fund Direct Growth,https://www.dezerv.in/mutual-funds/mirae-asset-bse-select-ipo-etf-fund-of-fund-direct-growth-inf769k01ok0/
Mirae Asset Bse Select Ipo Etf Fund Of Fund Regular Growth,https://www.dezerv.in/mutual-funds/mirae-asset-bse-select-ipo-etf-fund-of-fund-regular-growth-inf769k01oh6/
Mirae Asset Bse Select Ipo Etf,https://www.dezerv.in/mutual-funds/mirae-asset-bse-select-ipo-etf-inf769k01on4/
Mirae Asset Cash Management Direct Growth,https://www.dezerv.in/mutual-funds/mirae-asset-cash-management-direct-growth-inf769k01cm1/
Mirae Asset Cash Management Regular Growth,https://www.dezerv.in/mutual-funds/mirae-asset-cash-management-regular-growth-inf769k01788/
Mirae Asset Corporate Bond Fund Direct Growth,https://www.dezerv.in/mutual-funds/mirae-asset-corporate-bond-fund-direct-growth-inf769k01hd9/
Mirae Asset Corporate Bond Fund Regular Growth,https://www.dezerv.in/mutual-funds/mirae-asset-corporate-bond-fund-regular-growth-inf769k01ha5/
Mirae Asset Crisil Ibx Financial Services 9 12 Months Debt Index Fund Direct Growth,https://www.dezerv.in/mutual-funds/mirae-asset-crisil-ibx-financial-services-9-12-months-debt-index-fund-direct-growth-inf769k01os3/
Mirae Asset Crisil Ibx Financial Services 9 12 Months Debt Index Fund Regular Growth,https://www.dezerv.in/mutual-funds/mirae-asset-crisil-ibx-financial-services-9-12-months-debt-index-fund-regular-growth-inf769k01op9/
Mirae Asset Crisil Ibx Gilt Index April 2033 Index Fund Direct Growth,https://www.dezerv.in/mutual-funds/mirae-asset-crisil-ibx-gilt-index-april-2033-index-fund-direct-growth-inf769k01ix5/
Mirae Asset Crisil Ibx Gilt Index April 2033 Index Fund Regular Growth,https://www.dezerv.in/mutual-funds/mirae-asset-crisil-ibx-gilt-index-april-2033-index-fund-regular-growth-inf769k01iu1/
Mirae Asset Dynamic Bond Fund Direct Growth,https://www.dezerv.in/mutual-funds/mirae-asset-dynamic-bond-fund-direct-growth-inf769k01dr8/
Mirae Asset Dynamic Bond Fund Regular Growth,https://www.dezerv.in/mutual-funds/mirae-asset-dynamic-bond-fund-regular-growth-inf769k01do5/
Mirae Asset Emerging Bluechip Direct Growth,https://www.dezerv.in/mutual-funds/mirae-asset-emerging-bluechip-direct-growth-inf769k01bi1/
Mirae Asset Emerging Bluechip Regular Growth,https://www.dezerv.in/mutual-funds/mirae-asset-emerging-bluechip-regular-growth-inf769k01101/
Mirae Asset Equity Allocator Fund Of Fund Direct Growth,https://www.dezerv.in/mutual-funds/mirae-asset-equity-allocator-fund-of-fund-direct-growth-inf769k01ge9/
Mirae Asset Equity Allocator Fund Of Fund Regular Growth,https://www.dezerv.in/mutual-funds/mirae-asset-equity-allocator-fund-of-fund-regular-growth-inf769k01gb5/
Mirae Asset Equity Savings Fund Direct Growth,https://www.dezerv.in/mutual-funds/mirae-asset-equity-savings-fund-direct-growth-inf769k01ek1/
Mirae Asset Equity Savings Fund Regular Growth,https://www.dezerv.in/mutual-funds/mirae-asset-equity-savings-fund-regular-growth-inf769k01ei5/
Mirae Asset Flexi Cap Fund Direct Growth,https://www.dezerv.in/mutual-funds/mirae-asset-flexi-cap-fund-direct-growth-inf769k01jj2/
Mirae Asset Flexi Cap Fund Regular Growth,https://www.dezerv.in/mutual-funds/mirae-asset-flexi-cap-fund-regular-growth-inf769k01jg8/
Mirae Asset Focused Fund Direct Growth,https://www.dezerv.in/mutual-funds/mirae-asset-focused-fund-direct-growth-inf769k01eu0/
Mirae Asset Focused Fund Regular Growth,https://www.dezerv.in/mutual-funds/mirae-asset-focused-fund-regular-growth-inf769k01es4/
Mirae Asset Global Electric Autonomous Vehicles Etfs Fund Of Fund Direct Growth,https://www.dezerv.in/mutual-funds/mirae-asset-global-electric-autonomous-vehicles-etfs-fund-of-fund-direct-growth-inf769k01iq9/
Mirae Asset Global Electric Autonomous Vehicles Etfs Fund Of Fund Regular Growth,https://www.dezerv.in/mutual-funds/mirae-asset-global-electric-autonomous-vehicles-etfs-fund-of-fund-regular-growth-inf769k01ip1/
Mirae Asset Global X Artificial Intelligence Technology Etf Fund Of Fund Direct Growth,https://www.dezerv.in/mutual-funds/mirae-asset-global-x-artificial-intelligence-technology-etf-fund-of-fund-direct-growth-inf769k01is5/
Mirae Asset Global X Artificial Intelligence Technology Etf Fund Of Fund Regular Growth,https://www.dezerv.in/mutual-funds/mirae-asset-global-x-artificial-intelligence-technology-etf-fund-of-fund-regular-growth-inf769k01ir7/
Mirae Asset Gold Etf Fund Of Fund Direct Growth,https://www.dezerv.in/mutual-funds/mirae-asset-gold-etf-fund-of-fund-direct-growth-inf769k01mv1/
Mirae Asset Gold Etf Fund Of Fund Regular Growth,https://www.dezerv.in/mutual-funds/mirae-asset-gold-etf-fund-of-fund-regular-growth-inf769k01ms7/
Mirae Asset Gold Etf,https://www.dezerv.in/mutual-funds/mirae-asset-gold-etf-inf769k01jp9/
Mirae Asset Gold Silver Passive Fof Direct Growth,https://www.dezerv.in/mutual-funds/mirae-asset-gold-silver-passive-fof-direct-growth-inf769k01pm3/
Mirae Asset Gold Silver Passive Fof Regular Growth,https://www.dezerv.in/mutual-funds/mirae-asset-gold-silver-passive-fof-regular-growth-inf769k01pp6/
Mirae Asset Great Consumer Fund Direct Growth,https://www.dezerv.in/mutual-funds/mirae-asset-great-consumer-fund-direct-growth-inf769k01bl5/
Mirae Asset Great Consumer Fund Regular Growth,https://www.dezerv.in/mutual-funds/mirae-asset-great-consumer-fund-regular-growth-inf769k01135/
Mirae Asset Hang Seng Tech Etf Fund Of Fund Direct Growth,https://www.dezerv.in/mutual-funds/mirae-asset-hang-seng-tech-etf-fund-of-fund-direct-growth-inf769k01hu3/
Mirae Asset Hang Seng Tech Etf Fund Of Fund Regular Growth,https://www.dezerv.in/mutual-funds/mirae-asset-hang-seng-tech-etf-fund-of-fund-regular-growth-inf769k01ht5/
Mirae Asset Hang Seng Tech Etf,https://www.dezerv.in/mutual-funds/mirae-asset-hang-seng-tech-etf-inf769k01hs7/
Mirae Asset Healthcare Fund Direct Growth,https://www.dezerv.in/mutual-funds/mirae-asset-healthcare-fund-direct-growth-inf769k01ed6/
Mirae Asset Healthcare Fund Regular Growth,https://www.dezerv.in/mutual-funds/mirae-asset-healthcare-fund-regular-growth-inf769k01ea2/
Mirae Asset Hybrid Equity Fund Direct Growth,https://www.dezerv.in/mutual-funds/mirae-asset-hybrid-equity-fund-direct-growth-inf769k01dh9/
Mirae Asset Hybrid Equity Fund Regular Growth,https://www.dezerv.in/mutual-funds/mirae-asset-hybrid-equity-fund-regular-growth-inf769k01de6/
Mirae Asset Income Plus Arbitrage Active Fof Direct Growth,https://www.dezerv.in/mutual-funds/mirae-asset-income-plus-arbitrage-active-fof-direct-growth-inf769k01oy1/
Mirae Asset Income Plus Arbitrage Active Fof Regular Growth,https://www.dezerv.in/mutual-funds/mirae-asset-income-plus-arbitrage-active-fof-regular-growth-inf769k01ov7/
Mirae Asset Infrastructure Fund Direct Growth,https://www.dezerv.in/mutual-funds/mirae-asset-infrastructure-fund-direct-growth-inf769k01pv4/
Mirae Asset Infrastructure Fund Regular Growth,https://www.dezerv.in/mutual-funds/mirae-asset-infrastructure-fund-regular-growth-inf769k01ps0/
Mirae Asset Large Cap Fund Direct Growth,https://www.dezerv.in/mutual-funds/mirae-asset-large-cap-fund-direct-growth-inf769k01ax2/
Mirae Asset Large Cap Fund Regular Growth,https://www.dezerv.in/mutual-funds/mirae-asset-large-cap-fund-regular-growth-inf769k01010/
Mirae Asset Long Duration Fund Direct Growth,https://www.dezerv.in/mutual-funds/mirae-asset-long-duration-fund-direct-growth-inf769k01nc9/
Mirae Asset Long Duration Fund Regular Growth,https://www.dezerv.in/mutual-funds/mirae-asset-long-duration-fund-regular-growth-inf769k01mz2/
Mirae Asset Midcap Fund Direct Growth,https://www.dezerv.in/mutual-funds/mirae-asset-midcap-fund-direct-growth-inf769k01fa9/
Mirae Asset Midcap Fund Regular Growth,https://www.dezerv.in/mutual-funds/mirae-asset-midcap-fund-regular-growth-inf769k01ey2/
Mirae Asset Money Market Fund Direct Growth,https://www.dezerv.in/mutual-funds/mirae-asset-money-market-fund-direct-growth-inf769k01hn8/
Mirae Asset Money Market Fund Regular Growth,https://www.dezerv.in/mutual-funds/mirae-asset-money-market-fund-regular-growth-inf769k01hk4/
Mirae Asset Multi Asset Allocation Fund Direct Growth,https://www.dezerv.in/mutual-funds/mirae-asset-multi-asset-allocation-fund-direct-growth-inf769k01kz6/
Mirae Asset Multi Asset Allocation Fund Regular Growth,https://www.dezerv.in/mutual-funds/mirae-asset-multi-asset-allocation-fund-regular-growth-inf769k01kw3/
Mirae Asset Multi Factor Passive Fof Direct Growth,https://www.dezerv.in/mutual-funds/mirae-asset-multi-factor-passive-fof-direct-growth-inf769k01ph3/
Mirae Asset Multi Factor Passive Fof Regular Growth,https://www.dezerv.in/mutual-funds/mirae-asset-multi-factor-passive-fof-regular-growth-inf769k01pe0/
Mirae Asset Multicap Fund Direct Growth,https://www.dezerv.in/mutual-funds/mirae-asset-multicap-fund-direct-growth-inf769k01kk8/
Mirae Asset Multicap Fund Regular Growth,https://www.dezerv.in/mutual-funds/mirae-asset-multicap-fund-regular-growth-inf769k01kh4/
Mirae Asset Nifty 100 Esg Sector Leaders Etf,https://www.dezerv.in/mutual-funds/mirae-asset-nifty-100-esg-sector-leaders-etf-inf769k01gs9/
Mirae Asset Nifty 100 Esg Sector Leaders Fund Of Fund Direct Growth,https://www.dezerv.in/mutual-funds/mirae-asset-nifty-100-esg-sector-leaders-fund-of-fund-direct-growth-inf769k01gq3/
Mirae Asset Nifty 100 Esg Sector Leaders Fund Of Fund Regular Growth,https://www.dezerv.in/mutual-funds/mirae-asset-nifty-100-esg-sector-leaders-fund-of-fund-regular-growth-inf769k01gn0/
Mirae Asset Nifty 100 Low Volatility 30 Etf,https://www.dezerv.in/mutual-funds/mirae-asset-nifty-100-low-volatility-30-etf-inf769k01ju9/
Mirae Asset Nifty 1D Rate Liquid Etf,https://www.dezerv.in/mutual-funds/mirae-asset-nifty-1d-rate-liquid-etf-inf769k01ks1/
Mirae Asset Nifty 1D Rate Liquid Etf,https://www.dezerv.in/mutual-funds/mirae-asset-nifty-1d-rate-liquid-etf-inf769k01my5/
Mirae Asset Nifty 200 Alpha 30 Etf,https://www.dezerv.in/mutual-funds/mirae-asset-nifty-200-alpha-30-etf-inf769k01ku7/
Mirae Asset Nifty 50 Etf Man50Etf,https://www.dezerv.in/mutual-funds/mirae-asset-nifty-50-etf-man50etf-inf769k01eg9/
Mirae Asset Nifty 50 Index Fund Direct Growth,https://www.dezerv.in/mutual-funds/mirae-asset-nifty-50-index-fund-direct-growth-inf769k01mq1/
Mirae Asset Nifty 50 Index Fund Regular Growth,https://www.dezerv.in/mutual-funds/mirae-asset-nifty-50-index-fund-regular-growth-inf769k01mo6/
Mirae Asset Nifty 500 Healthcare Etf,https://www.dezerv.in/mutual-funds/mirae-asset-nifty-500-healthcare-etf-inf769k01qa6/
Mirae Asset Nifty 500 Value 50 Etf,https://www.dezerv.in/mutual-funds/mirae-asset-nifty-500-value-50-etf-inf769k01qv2/
Mirae Asset Nifty 8 13 Yr G Sec Etf,https://www.dezerv.in/mutual-funds/mirae-asset-nifty-8-13-yr-g-sec-etf-inf769k01kf8/
Mirae Asset Nifty Aaa Psu Bond Plus Sdl Apr 2026 50 50 Index Fund Direct Growth,https://www.dezerv.in/mutual-funds/mirae-asset-nifty-aaa-psu-bond-plus-sdl-apr-2026-50-50-index-fund-direct-growth-inf769k01jd5/
Mirae Asset Nifty Aaa Psu Bond Plus Sdl Apr 2026 50 50 Index Fund Regular Growth,https://www.dezerv.in/mutual-funds/mirae-asset-nifty-aaa-psu-bond-plus-sdl-apr-2026-50-50-index-fund-regular-growth-inf769k01ja1/
Mirae Asset Nifty Bank Etf,https://www.dezerv.in/mutual-funds/mirae-asset-nifty-bank-etf-inf769k01kr3/
Mirae Asset Nifty Energy Etf,https://www.dezerv.in/mutual-funds/mirae-asset-nifty-energy-etf-inf769k01pr2/
Mirae Asset Nifty Ev And New Age Automotive Etf,https://www.dezerv.in/mutual-funds/mirae-asset-nifty-ev-and-new-age-automotive-etf-inf769k01lq3/
Mirae Asset Nifty Financial Services Etf,https://www.dezerv.in/mutual-funds/mirae-asset-nifty-financial-services-etf-inf769k01hi8/
Mirae Asset Nifty India Infrastructure Logistics Etf,https://www.dezerv.in/mutual-funds/mirae-asset-nifty-india-infrastructure-logistics-etf-inf769k01qb4/
Mirae Asset Nifty India Internet Etf,https://www.dezerv.in/mutual-funds/mirae-asset-nifty-india-internet-etf-inf769k01pb6/
Mirae Asset Nifty India Manufacturing Etf Fund Of Fund Direct Growth,https://www.dezerv.in/mutual-funds/mirae-asset-nifty-india-manufacturing-etf-fund-of-fund-direct-growth-inf769k01hz2/
Mirae Asset Nifty India Manufacturing Etf Fund Of Fund Regular Growth,https://www.dezerv.in/mutual-funds/mirae-asset-nifty-india-manufacturing-etf-fund-of-fund-regular-growth-inf769k01hw9/
Mirae Asset Nifty India Manufacturing Etf,https://www.dezerv.in/mutual-funds/mirae-asset-nifty-india-manufacturing-etf-inf769k01ib1/
Mirae Asset Nifty India New Age Consumption Etf Fund Of Fund Direct Growth,https://www.dezerv.in/mutual-funds/mirae-asset-nifty-india-new-age-consumption-etf-fund-of-fund-direct-growth-inf769k01np1/
Mirae Asset Nifty India New Age Consumption Etf Fund Of Fund Regular Growth,https://www.dezerv.in/mutual-funds/mirae-asset-nifty-india-new-age-consumption-etf-fund-of-fund-regular-growth-inf769k01nm8/
Mirae Asset Nifty India New Age Consumption Etf,https://www.dezerv.in/mutual-funds/mirae-asset-nifty-india-new-age-consumption-etf-inf769k01ns5/
Mirae Asset Nifty It Etf,https://www.dezerv.in/mutual-funds/mirae-asset-nifty-it-etf-inf769k01kv5/
Mirae Asset Nifty Largemidcap 250 Index Fund Direct Growth,https://www.dezerv.in/mutual-funds/mirae-asset-nifty-largemidcap-250-index-fund-direct-growth-inf769k01mj6/
Mirae Asset Nifty Largemidcap 250 Index Fund Regular Growth,https://www.dezerv.in/mutual-funds/mirae-asset-nifty-largemidcap-250-index-fund-regular-growth-inf769k01mg2/
Mirae Asset Nifty Metal Etf Fof Direct Growth,https://www.dezerv.in/mutual-funds/mirae-asset-nifty-metal-etf-fof-direct-growth-inf769k01qm1/
Mirae Asset Nifty Metal Etf Fof Regular Growth,https://www.dezerv.in/mutual-funds/mirae-asset-nifty-metal-etf-fof-regular-growth-inf769k01qj7/
Mirae Asset Nifty Metal Etf,https://www.dezerv.in/mutual-funds/mirae-asset-nifty-metal-etf-inf769k01ly7/
Mirae Asset Nifty Midcap 150 Etf,https://www.dezerv.in/mutual-funds/mirae-asset-nifty-midcap-150-etf-inf769k01ic9/
Mirae Asset Nifty Midsmallcap400 Momentum Quality 100 Etf Fund Of Fund Regular Growth,https://www.dezerv.in/mutual-funds/mirae-asset-nifty-midsmallcap400-momentum-quality-100-etf-fund-of-fund-regular-growth-inf769k01lk6/
Mirae Asset Nifty Midsmallcap400 Momentum Quality 100 Etf Fund Of Fund Regular Growth,https://www.dezerv.in/mutual-funds/mirae-asset-nifty-midsmallcap400-momentum-quality-100-etf-fund-of-fund-regular-growth-inf769k01ln0/
Mirae Asset Nifty Midsmallcap400 Momentum Quality 100 Etf,https://www.dezerv.in/mutual-funds/mirae-asset-nifty-midsmallcap400-momentum-quality-100-etf-inf769k01lj8/
Mirae Asset Nifty Next 50 Etf,https://www.dezerv.in/mutual-funds/mirae-asset-nifty-next-50-etf-inf769k01fn2/
Mirae Asset Nifty Psu Bank Etf,https://www.dezerv.in/mutual-funds/mirae-asset-nifty-psu-bank-etf-inf769k01lz4/
Mirae Asset Nifty Sdl Jun 2027 Index Fund Direct Growth,https://www.dezerv.in/mutual-funds/mirae-asset-nifty-sdl-jun-2027-index-fund-direct-growth-inf769k01ih8/
Mirae Asset Nifty Sdl Jun 2027 Index Fund Regular Growth,https://www.dezerv.in/mutual-funds/mirae-asset-nifty-sdl-jun-2027-index-fund-regular-growth-inf769k01ie5/
Mirae Asset Nifty Sdl Jun 2028 Index Fund Direct Growth,https://www.dezerv.in/mutual-funds/mirae-asset-nifty-sdl-jun-2028-index-fund-direct-growth-inf769k01jz8/
Mirae Asset Nifty Sdl Jun 2028 Index Fund Regular Growth,https://www.dezerv.in/mutual-funds/mirae-asset-nifty-sdl-jun-2028-index-fund-regular-growth-inf769k01jw5/
Mirae Asset Nifty Smallcap 250 Etf,https://www.dezerv.in/mutual-funds/mirae-asset-nifty-smallcap-250-etf-inf769k01pq4/
Mirae Asset Nifty Smallcap 250 Momentum Quality 100 Etf Fund Of Fund Regular Growth,https://www.dezerv.in/mutual-funds/mirae-asset-nifty-smallcap-250-momentum-quality-100-etf-fund-of-fund-regular-growth-inf769k01ld1/
Mirae Asset Nifty Smallcap 250 Momentum Quality 100 Etf Fund Of Fund Regular Growth,https://www.dezerv.in/mutual-funds/mirae-asset-nifty-smallcap-250-momentum-quality-100-etf-fund-of-fund-regular-growth-inf769k01lg4/
Mirae Asset Nifty Smallcap 250 Momentum Quality 100 Etf,https://www.dezerv.in/mutual-funds/mirae-asset-nifty-smallcap-250-momentum-quality-100-etf-inf769k01lc3/
Mirae Asset Nifty Top 20 Equal Weight Etf,https://www.dezerv.in/mutual-funds/mirae-asset-nifty-top-20-equal-weight-etf-inf769k01pz5/
Mirae Asset Nifty Total Market Index Fund Direct Growth,https://www.dezerv.in/mutual-funds/mirae-asset-nifty-total-market-index-fund-direct-growth-inf769k01md9/
Mirae Asset Nifty Total Market Index Fund Regular Growth,https://www.dezerv.in/mutual-funds/mirae-asset-nifty-total-market-index-fund-regular-growth-inf769k01ma5/
Mirae Asset Nifty200 Alpha 30 Etf Fund Of Fund Direct Growth,https://www.dezerv.in/mutual-funds/mirae-asset-nifty200-alpha-30-etf-fund-of-fund-direct-growth-inf769k01lu5/
Mirae Asset Nifty200 Alpha 30 Etf Fund Of Fund Regular Growth,https://www.dezerv.in/mutual-funds/mirae-asset-nifty200-alpha-30-etf-fund-of-fund-regular-growth-inf769k01lr1/
Mirae Asset Nifty50 Equal Weight Etf,https://www.dezerv.in/mutual-funds/mirae-asset-nifty50-equal-weight-etf-inf769k01oo2/
Mirae Asset Nifty500 Multicap 50 25 25 Etf,https://www.dezerv.in/mutual-funds/mirae-asset-nifty500-multicap-50-25-25-etf-inf769k01lx9/
Mirae Asset Nyse Fang Etf Fund Of Fund Direct Growth,https://www.dezerv.in/mutual-funds/mirae-asset-nyse-fang-etf-fund-of-fund-direct-growth-inf769k01hh0/
Mirae Asset Nyse Fang Etf Fund Of Fund Regular Growth,https://www.dezerv.in/mutual-funds/mirae-asset-nyse-fang-etf-fund-of-fund-regular-growth-inf769k01hg2/
Mirae Asset Nyse Fang Etf,https://www.dezerv.in/mutual-funds/mirae-asset-nyse-fang-etf-inf769k01hf4/
Mirae Asset Overnight Fund Direct Growth,https://www.dezerv.in/mutual-funds/mirae-asset-overnight-fund-direct-growth-inf769k01fg6/
Mirae Asset Overnight Fund Regular Growth,https://www.dezerv.in/mutual-funds/mirae-asset-overnight-fund-regular-growth-inf769k01fe1/
Mirae Asset S P 500 Top 50 Etf Fund Of Fund Direct Growth,https://www.dezerv.in/mutual-funds/mirae-asset-s-p-500-top-50-etf-fund-of-fund-direct-growth-inf769k01hr9/
Mirae Asset S P 500 Top 50 Etf Fund Of Fund Regular Growth,https://www.dezerv.in/mutual-funds/mirae-asset-s-p-500-top-50-etf-fund-of-fund-regular-growth-inf769k01hq1/
Mirae Asset S P 500 Top 50 Etf,https://www.dezerv.in/mutual-funds/mirae-asset-s-p-500-top-50-etf-inf769k01hp3/
Mirae Asset S P Bse Sensex Etf,https://www.dezerv.in/mutual-funds/mirae-asset-s-p-bse-sensex-etf-inf769k01kt9/
Mirae Asset Savings Fund Direct Growth,https://www.dezerv.in/mutual-funds/mirae-asset-savings-fund-direct-growth-inf769k01bo9/
Mirae Asset Savings Fund Regular Growth,https://www.dezerv.in/mutual-funds/mirae-asset-savings-fund-regular-growth-inf769k01846/
Mirae Asset Short Term Fund Direct Growth,https://www.dezerv.in/mutual-funds/mirae-asset-short-term-fund-direct-growth-inf769k01dx6/
Mirae Asset Short Term Fund Regular Growth,https://www.dezerv.in/mutual-funds/mirae-asset-short-term-fund-regular-growth-inf769k01du2/
Mirae Asset Silver Etf Fof Direct Growth,https://www.dezerv.in/mutual-funds/mirae-asset-silver-etf-fof-direct-growth-inf769k01qs8/
Mirae Asset Silver Etf Fof Regular Growth,https://www.dezerv.in/mutual-funds/mirae-asset-silver-etf-fof-regular-growth-inf769k01qp4/
Mirae Asset Silver Etf,https://www.dezerv.in/mutual-funds/mirae-asset-silver-etf-inf769k01kg6/
Mirae Asset Small Cap Fund Direct Growth,https://www.dezerv.in/mutual-funds/mirae-asset-small-cap-fund-direct-growth-inf769k01nj4/
Mirae Asset Small Cap Fund Regular Growth,https://www.dezerv.in/mutual-funds/mirae-asset-small-cap-fund-regular-growth-inf769k01ng0/
Mirae Asset Tax Saver Fund Direct Growth,https://www.dezerv.in/mutual-funds/mirae-asset-tax-saver-fund-direct-growth-inf769k01dm9/
Mirae Asset Tax Saver Fund Regular Growth,https://www.dezerv.in/mutual-funds/mirae-asset-tax-saver-fund-regular-growth-inf769k01dk3/
Mirae Asset Ultra Short Duration Fund Direct Growth,https://www.dezerv.in/mutual-funds/mirae-asset-ultra-short-duration-fund-direct-growth-inf769k01gk6/
Mirae Asset Ultra Short Duration Fund Regular Growth,https://www.dezerv.in/mutual-funds/mirae-asset-ultra-short-duration-fund-regular-growth-inf769k01gh2/
Motilal Oswal 5 Year G Sec Fund Of Fund Direct Growth,https://www.dezerv.in/mutual-funds/motilal-oswal-5-year-g-sec-fund-of-fund-direct-growth-inf247l01aq1/
Motilal Oswal 5 Year G Sec Fund Of Fund Regular Growth,https://www.dezerv.in/mutual-funds/motilal-oswal-5-year-g-sec-fund-of-fund-regular-growth-inf247l01ar9/
Motilal Oswal Active Momentum Fund Direct Growth,https://www.dezerv.in/mutual-funds/motilal-oswal-active-momentum-fund-direct-growth-inf247l01ep5/
Motilal Oswal Active Momentum Fund Regular Growth,https://www.dezerv.in/mutual-funds/motilal-oswal-active-momentum-fund-regular-growth-inf247l01es9/
Motilal Oswal Asset Allocation Passive Fund Of Fund Aggressive Direct Growth,https://www.dezerv.in/mutual-funds/motilal-oswal-asset-allocation-passive-fund-of-fund-aggressive-direct-growth-inf247l01al2/
Motilal Oswal Asset Allocation Passive Fund Of Fund Aggressive Regular Growth,https://www.dezerv.in/mutual-funds/motilal-oswal-asset-allocation-passive-fund-of-fund-aggressive-regular-growth-inf247l01am0/
Motilal Oswal Asset Allocation Passive Fund Of Fund Conservative Direct Growth,https://www.dezerv.in/mutual-funds/motilal-oswal-asset-allocation-passive-fund-of-fund-conservative-direct-growth-inf247l01an8/
Motilal Oswal Asset Allocation Passive Fund Of Fund Conservative Regular Growth,https://www.dezerv.in/mutual-funds/motilal-oswal-asset-allocation-passive-fund-of-fund-conservative-regular-growth-inf247l01ao6/
Motilal Oswal Balance Advantage Fund Direct Growth,https://www.dezerv.in/mutual-funds/motilal-oswal-balance-advantage-fund-direct-growth-inf247l01635/
Motilal Oswal Balance Advantage Fund Regular Growth,https://www.dezerv.in/mutual-funds/motilal-oswal-balance-advantage-fund-regular-growth-inf247l01585/
Motilal Oswal Bse 1000 Index Fund Direct Growth,https://www.dezerv.in/mutual-funds/motilal-oswal-bse-1000-index-fund-direct-growth-inf247l01fm9/
Motilal Oswal Bse 1000 Index Fund Regular Growth,https://www.dezerv.in/mutual-funds/motilal-oswal-bse-1000-index-fund-regular-growth-inf247l01fn7/
Motilal Oswal Bse India Infrastructure Etf,https://www.dezerv.in/mutual-funds/motilal-oswal-bse-india-infrastructure-etf-inf247l01fl1/
Motilal Oswal Bse Select Ipo Etf,https://www.dezerv.in/mutual-funds/motilal-oswal-bse-select-ipo-etf-inf247l01gi5/
Motilal Oswal Bse Top 10 Banks Etf,https://www.dezerv.in/mutual-funds/motilal-oswal-bse-top-10-banks-etf-inf247l01gv8/
Motilal Oswal Business Cycle Fund Direct Growth,https://www.dezerv.in/mutual-funds/motilal-oswal-business-cycle-fund-direct-growth-inf247l01dg6/
Motilal Oswal Business Cycle Fund Regular Growth,https://www.dezerv.in/mutual-funds/motilal-oswal-business-cycle-fund-regular-growth-inf247l01dd3/
Motilal Oswal Consumption Fund Direct Growth,https://www.dezerv.in/mutual-funds/motilal-oswal-consumption-fund-direct-growth-inf247l01ga2/
Motilal Oswal Consumption Fund Regular Growth,https://www.dezerv.in/mutual-funds/motilal-oswal-consumption-fund-regular-growth-inf247l01gd6/
Motilal Oswal Contra Fund Direct Growth,https://www.dezerv.in/mutual-funds/motilal-oswal-contra-fund-direct-growth-inf247l01gw6/
Motilal Oswal Contra Fund Regular Growth,https://www.dezerv.in/mutual-funds/motilal-oswal-contra-fund-regular-growth-inf247l01gz9/
Motilal Oswal Developed Market Ex Us Etfs Fund Of Funds Direct Growth,https://www.dezerv.in/mutual-funds/motilal-oswal-developed-market-ex-us-etfs-fund-of-funds-direct-growth-inf247l01bt3/
Motilal Oswal Developed Market Ex Us Etfs Fund Of Funds Regular Growth,https://www.dezerv.in/mutual-funds/motilal-oswal-developed-market-ex-us-etfs-fund-of-funds-regular-growth-inf247l01bs5/
Motilal Oswal Digital India Fund Direct Growth,https://www.dezerv.in/mutual-funds/motilal-oswal-digital-india-fund-direct-growth-inf247l01dn2/
Motilal Oswal Digital India Fund Regular Growth,https://www.dezerv.in/mutual-funds/motilal-oswal-digital-india-fund-regular-growth-inf247l01dq5/
Motilal Oswal Diversified Equity Flexicap Passive Fund Of Funds Direct Growth,https://www.dezerv.in/mutual-funds/motilal-oswal-diversified-equity-flexicap-passive-fund-of-funds-direct-growth-inf247l01gl9/
Motilal Oswal Diversified Equity Flexicap Passive Fund Of Funds Regular Growth,https://www.dezerv.in/mutual-funds/motilal-oswal-diversified-equity-flexicap-passive-fund-of-funds-regular-growth-inf247l01gm7/
Motilal Oswal Equity Hybrid Fund Direct Growth,https://www.dezerv.in/mutual-funds/motilal-oswal-equity-hybrid-fund-direct-growth-inf247l01692/
Motilal Oswal Equity Hybrid Fund Regular Growth,https://www.dezerv.in/mutual-funds/motilal-oswal-equity-hybrid-fund-regular-growth-inf247l01684/
Motilal Oswal Financial Services Fund Direct Growth,https://www.dezerv.in/mutual-funds/motilal-oswal-financial-services-fund-direct-growth-inf247l01gn5/
Motilal Oswal Financial Services Fund Regular Growth,https://www.dezerv.in/mutual-funds/motilal-oswal-financial-services-fund-regular-growth-inf247l01gq8/
Motilal Oswal Flexicap Fund Direct Growth,https://www.dezerv.in/mutual-funds/motilal-oswal-flexicap-fund-direct-growth-inf247l01502/
Motilal Oswal Flexicap Fund Regular Growth,https://www.dezerv.in/mutual-funds/motilal-oswal-flexicap-fund-regular-growth-inf247l01478/
Motilal Oswal Focused Fund Direct Growth,https://www.dezerv.in/mutual-funds/motilal-oswal-focused-fund-direct-growth-inf247l01189/
Motilal Oswal Focused Fund Regular Growth,https://www.dezerv.in/mutual-funds/motilal-oswal-focused-fund-regular-growth-inf247l01155/
Motilal Oswal Gold And Silver Etfs Fund Of Funds Direct Growth,https://www.dezerv.in/mutual-funds/motilal-oswal-gold-and-silver-etfs-fund-of-funds-direct-growth-inf247l01bm8/
Motilal Oswal Gold And Silver Etfs Fund Of Funds Regular Growth,https://www.dezerv.in/mutual-funds/motilal-oswal-gold-and-silver-etfs-fund-of-funds-regular-growth-inf247l01bn6/
Motilal Oswal Gold Etf,https://www.dezerv.in/mutual-funds/motilal-oswal-gold-etf-inf247l01fy4/
Motilal Oswal Infrastructure Fund Direct Growth,https://www.dezerv.in/mutual-funds/motilal-oswal-infrastructure-fund-direct-growth-inf247l01ew1/
Motilal Oswal Infrastructure Fund Regular Growth,https://www.dezerv.in/mutual-funds/motilal-oswal-infrastructure-fund-regular-growth-inf247l01ez4/
Motilal Oswal Innovation Opportunities Fund Direct Growth,https://www.dezerv.in/mutual-funds/motilal-oswal-innovation-opportunities-fund-direct-growth-inf247l01ej8/
Motilal Oswal Innovation Opportunities Fund Regular Growth,https://www.dezerv.in/mutual-funds/motilal-oswal-innovation-opportunities-fund-regular-growth-inf247l01em2/
Motilal Oswal Large And Midcap Fund Direct Growth,https://www.dezerv.in/mutual-funds/motilal-oswal-large-and-midcap-fund-direct-growth-inf247l01999/
Motilal Oswal Large And Midcap Fund Regular Growth,https://www.dezerv.in/mutual-funds/motilal-oswal-large-and-midcap-fund-regular-growth-inf247l01965/
Motilal Oswal Large Cap Fund Direct Growth,https://www.dezerv.in/mutual-funds/motilal-oswal-large-cap-fund-direct-growth-inf247l01ce3/
Motilal Oswal Large Cap Fund Regular Growth,https://www.dezerv.in/mutual-funds/motilal-oswal-large-cap-fund-regular-growth-inf247l01cb9/
Motilal Oswal Liquid Fund Direct Growth,https://www.dezerv.in/mutual-funds/motilal-oswal-liquid-fund-direct-growth-inf247l01734/
Motilal Oswal Liquid Fund Regular Growth,https://www.dezerv.in/mutual-funds/motilal-oswal-liquid-fund-regular-growth-inf247l01726/
Motilal Oswal Long Term Equity Fund Direct Growth,https://www.dezerv.in/mutual-funds/motilal-oswal-long-term-equity-fund-direct-growth-inf247l01569/
Motilal Oswal Long Term Equity Fund Regular Growth,https://www.dezerv.in/mutual-funds/motilal-oswal-long-term-equity-fund-regular-growth-inf247l01544/
Motilal Oswal Manufacturing Fund Direct Growth,https://www.dezerv.in/mutual-funds/motilal-oswal-manufacturing-fund-direct-growth-inf247l01da9/
Motilal Oswal Manufacturing Fund Regular Growth,https://www.dezerv.in/mutual-funds/motilal-oswal-manufacturing-fund-regular-growth-inf247l01cx3/
Motilal Oswal Midcap Fund Direct Growth,https://www.dezerv.in/mutual-funds/motilal-oswal-midcap-fund-direct-growth-inf247l01445/
Motilal Oswal Midcap Fund Regular Growth,https://www.dezerv.in/mutual-funds/motilal-oswal-midcap-fund-regular-growth-inf247l01411/
Motilal Oswal Msci Eafe Top 100 Select Index Fund Direct Growth,https://www.dezerv.in/mutual-funds/motilal-oswal-msci-eafe-top-100-select-index-fund-direct-growth-inf247l01as7/
Motilal Oswal Msci Eafe Top 100 Select Index Fund Regular Growth,https://www.dezerv.in/mutual-funds/motilal-oswal-msci-eafe-top-100-select-index-fund-regular-growth-inf247l01at5/
Motilal Oswal Multi Asset Fund Direct Growth,https://www.dezerv.in/mutual-funds/motilal-oswal-multi-asset-fund-direct-growth-inf247l01ai8/
Motilal Oswal Multi Asset Fund Regular Growth,https://www.dezerv.in/mutual-funds/motilal-oswal-multi-asset-fund-regular-growth-inf247l01aj6/
Motilal Oswal Multi Cap Fund Direct Growth,https://www.dezerv.in/mutual-funds/motilal-oswal-multi-cap-fund-direct-growth-inf247l01cl8/
Motilal Oswal Multi Cap Fund Regular Growth,https://www.dezerv.in/mutual-funds/motilal-oswal-multi-cap-fund-regular-growth-inf247l01co2/
Motilal Oswal Multi Factor Passive Fund Of Funds Direct Growth,https://www.dezerv.in/mutual-funds/motilal-oswal-multi-factor-passive-fund-of-funds-direct-growth-inf247l01gt2/
Motilal Oswal Multi Factor Passive Fund Of Funds Regular Growth,https://www.dezerv.in/mutual-funds/motilal-oswal-multi-factor-passive-fund-of-funds-regular-growth-inf247l01gu0/
Motilal Oswal Nasdaq 100 Etf,https://www.dezerv.in/mutual-funds/motilal-oswal-nasdaq-100-etf-inf247l01ap3/
Motilal Oswal Nasdaq 100 Fund Of Fund Direct Growth,https://www.dezerv.in/mutual-funds/motilal-oswal-nasdaq-100-fund-of-fund-direct-growth-inf247l01718/
Motilal Oswal Nasdaq 100 Fund Of Fund Regular Growth,https://www.dezerv.in/mutual-funds/motilal-oswal-nasdaq-100-fund-of-fund-regular-growth-inf247l01700/
Motilal Oswal Nasdaq Q 50 Etf,https://www.dezerv.in/mutual-funds/motilal-oswal-nasdaq-q-50-etf-inf247l01au3/
Motilal Oswal Nifty 100 Etf,https://www.dezerv.in/mutual-funds/motilal-oswal-nifty-100-etf-inf247l01gg9/
Motilal Oswal Nifty 200 Momentum 30 Etf,https://www.dezerv.in/mutual-funds/motilal-oswal-nifty-200-momentum-30-etf-inf247l01bk2/
Motilal Oswal Nifty 200 Momentum 30 Index Fund Direct Growth,https://www.dezerv.in/mutual-funds/motilal-oswal-nifty-200-momentum-30-index-fund-direct-growth-inf247l01av1/
Motilal Oswal Nifty 200 Momentum 30 Index Fund Regular Growth,https://www.dezerv.in/mutual-funds/motilal-oswal-nifty-200-momentum-30-index-fund-regular-growth-inf247l01aw9/
Motilal Oswal Nifty 5 Year Benchmark G Sec Etf,https://www.dezerv.in/mutual-funds/motilal-oswal-nifty-5-year-benchmark-g-sec-etf-inf247l01ak4/
Motilal Oswal Nifty 50 Equal Weight Etf,https://www.dezerv.in/mutual-funds/motilal-oswal-nifty-50-equal-weight-etf-inf247l01fc0/
Motilal Oswal Nifty 50 Index Fund Direct Growth,https://www.dezerv.in/mutual-funds/motilal-oswal-nifty-50-index-fund-direct-growth-inf247l01ae7/
Motilal Oswal Nifty 50 Index Fund Regular Growth,https://www.dezerv.in/mutual-funds/motilal-oswal-nifty-50-index-fund-regular-growth-inf247l01af4/
Motilal Oswal Nifty 500 Etf,https://www.dezerv.in/mutual-funds/motilal-oswal-nifty-500-etf-inf247l01bu1/
Motilal Oswal Nifty 500 Fund Direct Growth,https://www.dezerv.in/mutual-funds/motilal-oswal-nifty-500-fund-direct-growth-inf247l01957/
Motilal Oswal Nifty 500 Fund Regular Growth,https://www.dezerv.in/mutual-funds/motilal-oswal-nifty-500-fund-regular-growth-inf247l01940/
Motilal Oswal Nifty 500 Momentum 50 Etf,https://www.dezerv.in/mutual-funds/motilal-oswal-nifty-500-momentum-50-etf-inf247l01dk8/
Motilal Oswal Nifty 500 Momentum 50 Index Fund Direct Growth,https://www.dezerv.in/mutual-funds/motilal-oswal-nifty-500-momentum-50-index-fund-direct-growth-inf247l01dl6/
Motilal Oswal Nifty 500 Momentum 50 Index Fund Regular Growth,https://www.dezerv.in/mutual-funds/motilal-oswal-nifty-500-momentum-50-index-fund-regular-growth-inf247l01dm4/
Motilal Oswal Nifty Alpha 50 Etf,https://www.dezerv.in/mutual-funds/motilal-oswal-nifty-alpha-50-etf-inf247l01fr8/
Motilal Oswal Nifty Bank Index Fund Direct Growth,https://www.dezerv.in/mutual-funds/motilal-oswal-nifty-bank-index-fund-direct-growth-inf247l01890/
Motilal Oswal Nifty Bank Index Fund Regular Growth,https://www.dezerv.in/mutual-funds/motilal-oswal-nifty-bank-index-fund-regular-growth-inf247l01882/
Motilal Oswal Nifty Capital Market Etf,https://www.dezerv.in/mutual-funds/motilal-oswal-nifty-capital-market-etf-inf247l01ev3/
Motilal Oswal Nifty Capital Market Index Fund Direct Growth,https://www.dezerv.in/mutual-funds/motilal-oswal-nifty-capital-market-index-fund-direct-growth-inf247l01eb5/
Motilal Oswal Nifty Capital Market Index Fund Regular Growth,https://www.dezerv.in/mutual-funds/motilal-oswal-nifty-capital-market-index-fund-regular-growth-inf247l01ec3/
Motilal Oswal Nifty Energy Etf,https://www.dezerv.in/mutual-funds/motilal-oswal-nifty-energy-etf-inf247l01gh7/
Motilal Oswal Nifty G Sec May 2029 Index Fund Direct Growth,https://www.dezerv.in/mutual-funds/motilal-oswal-nifty-g-sec-may-2029-index-fund-direct-growth-inf247l01bo4/
Motilal Oswal Nifty G Sec May 2029 Index Fund Regular Growth,https://www.dezerv.in/mutual-funds/motilal-oswal-nifty-g-sec-may-2029-index-fund-regular-growth-inf247l01bp1/
Motilal Oswal Nifty India Defence Etf,https://www.dezerv.in/mutual-funds/motilal-oswal-nifty-india-defence-etf-inf247l01dj0/
Motilal Oswal Nifty India Defence Index Fund Direct Growth,https://www.dezerv.in/mutual-funds/motilal-oswal-nifty-india-defence-index-fund-direct-growth-inf247l01cw5/
Motilal Oswal Nifty India Defence Index Fund Regular Growth,https://www.dezerv.in/mutual-funds/motilal-oswal-nifty-india-defence-index-fund-regular-growth-inf247l01cv7/
Motilal Oswal Nifty India Manufacturing Etf,https://www.dezerv.in/mutual-funds/motilal-oswal-nifty-india-manufacturing-etf-inf247l01fk3/
Motilal Oswal Nifty India Tourism Etf,https://www.dezerv.in/mutual-funds/motilal-oswal-nifty-india-tourism-etf-inf247l01fp2/
Motilal Oswal Nifty M50 Etf,https://www.dezerv.in/mutual-funds/motilal-oswal-nifty-m50-etf-inf247l01536/
Motilal Oswal Nifty Microcap 250 Index Fund Direct Growth,https://www.dezerv.in/mutual-funds/motilal-oswal-nifty-microcap-250-index-fund-direct-growth-inf247l01bq9/
Motilal Oswal Nifty Microcap 250 Index Fund Regular Growth,https://www.dezerv.in/mutual-funds/motilal-oswal-nifty-microcap-250-index-fund-regular-growth-inf247l01br7/
Motilal Oswal Nifty Midcap 100 Etf,https://www.dezerv.in/mutual-funds/motilal-oswal-nifty-midcap-100-etf-inf247l01023/
Motilal Oswal Nifty Midcap 150 Index Fund Direct Growth,https://www.dezerv.in/mutual-funds/motilal-oswal-nifty-midcap-150-index-fund-direct-growth-inf247l01916/
Motilal Oswal Nifty Midcap 150 Index Fund Regular Growth,https://www.dezerv.in/mutual-funds/motilal-oswal-nifty-midcap-150-index-fund-regular-growth-inf247l01908/
Motilal Oswal Nifty Midcap150 Momentum 50 Etf,https://www.dezerv.in/mutual-funds/motilal-oswal-nifty-midcap150-momentum-50-etf-inf247l01fq0/
Motilal Oswal Nifty Midsmall Financial Services Index Fund Direct Growth,https://www.dezerv.in/mutual-funds/motilal-oswal-nifty-midsmall-financial-services-index-fund-direct-growth-inf247l01dw3/
Motilal Oswal Nifty Midsmall Financial Services Index Fund Regular Growth,https://www.dezerv.in/mutual-funds/motilal-oswal-nifty-midsmall-financial-services-index-fund-regular-growth-inf247l01dx1/
Motilal Oswal Nifty Midsmall Healthcare Index Fund Direct Growth,https://www.dezerv.in/mutual-funds/motilal-oswal-nifty-midsmall-healthcare-index-fund-direct-growth-inf247l01ea7/
Motilal Oswal Nifty Midsmall Healthcare Index Fund Regular Growth,https://www.dezerv.in/mutual-funds/motilal-oswal-nifty-midsmall-healthcare-index-fund-regular-growth-inf247l01dt9/
Motilal Oswal Nifty Midsmall India Consumption Index Fund Direct Growth,https://www.dezerv.in/mutual-funds/motilal-oswal-nifty-midsmall-india-consumption-index-fund-direct-growth-inf247l01du7/
Motilal Oswal Nifty Midsmall India Consumption Index Fund Regular Growth,https://www.dezerv.in/mutual-funds/motilal-oswal-nifty-midsmall-india-consumption-index-fund-regular-growth-inf247l01dv5/
Motilal Oswal Nifty Midsmall It And Telecom Index Fund Direct Growth,https://www.dezerv.in/mutual-funds/motilal-oswal-nifty-midsmall-it-and-telecom-index-fund-direct-growth-inf247l01dy9/
Motilal Oswal Nifty Midsmall It And Telecom Index Fund Regular Growth,https://www.dezerv.in/mutual-funds/motilal-oswal-nifty-midsmall-it-and-telecom-index-fund-regular-growth-inf247l01dz6/
Motilal Oswal Nifty Mnc Etf,https://www.dezerv.in/mutual-funds/motilal-oswal-nifty-mnc-etf-inf247l01gk1/
Motilal Oswal Nifty Next 50 Etf,https://www.dezerv.in/mutual-funds/motilal-oswal-nifty-next-50-etf-inf247l01fd8/
Motilal Oswal Nifty Next 50 Index Fund Direct Growth,https://www.dezerv.in/mutual-funds/motilal-oswal-nifty-next-50-index-fund-direct-growth-inf247l01ac1/
Motilal Oswal Nifty Next 50 Index Fund Regular Growth,https://www.dezerv.in/mutual-funds/motilal-oswal-nifty-next-50-index-fund-regular-growth-inf247l01ad9/
Motilal Oswal Nifty Pse Etf,https://www.dezerv.in/mutual-funds/motilal-oswal-nifty-pse-etf-inf247l01fo5/
Motilal Oswal Nifty Realty Etf,https://www.dezerv.in/mutual-funds/motilal-oswal-nifty-realty-etf-inf247l01ci4/
Motilal Oswal Nifty Services Sector Etf,https://www.dezerv.in/mutual-funds/motilal-oswal-nifty-services-sector-etf-inf247l01gj3/
Motilal Oswal Nifty Smallcap 250 Etf,https://www.dezerv.in/mutual-funds/motilal-oswal-nifty-smallcap-250-etf-inf247l01ch6/
Motilal Oswal Nifty Smallcap 250 Index Fund Direct Growth,https://www.dezerv.in/mutual-funds/motilal-oswal-nifty-smallcap-250-index-fund-direct-growth-inf247l01932/
Motilal Oswal Nifty Smallcap 250 Index Fund Regular Growth,https://www.dezerv.in/mutual-funds/motilal-oswal-nifty-smallcap-250-index-fund-regular-growth-inf247l01924/
Motilal Oswal Quant Fund Direct Growth,https://www.dezerv.in/mutual-funds/motilal-oswal-quant-fund-direct-growth-inf247l01cs3/
Motilal Oswal Quant Fund Regular Growth,https://www.dezerv.in/mutual-funds/motilal-oswal-quant-fund-regular-growth-inf247l01cp9/
Motilal Oswal S P 500 Index Fund Direct Growth,https://www.dezerv.in/mutual-funds/motilal-oswal-s-p-500-index-fund-direct-growth-inf247l01ag2/
Motilal Oswal S P 500 Index Fund Regular Growth,https://www.dezerv.in/mutual-funds/motilal-oswal-s-p-500-index-fund-regular-growth-inf247l01ah0/
Motilal Oswal S P Bse Enhanced Value Etf,https://www.dezerv.in/mutual-funds/motilal-oswal-s-p-bse-enhanced-value-etf-inf247l01be5/
Motilal Oswal S P Bse Enhanced Value Index Fund Direct Growth,https://www.dezerv.in/mutual-funds/motilal-oswal-s-p-bse-enhanced-value-index-fund-direct-growth-inf247l01bf2/
Motilal Oswal S P Bse Enhanced Value Index Fund Regular Growth,https://www.dezerv.in/mutual-funds/motilal-oswal-s-p-bse-enhanced-value-index-fund-regular-growth-inf247l01bg0/
Motilal Oswal S P Bse Financials Ex Bank 30 Index Fund Direct Growth,https://www.dezerv.in/mutual-funds/motilal-oswal-s-p-bse-financials-ex-bank-30-index-fund-direct-growth-inf247l01bc9/
Motilal Oswal S P Bse Financials Ex Bank 30 Index Fund Regular Growth,https://www.dezerv.in/mutual-funds/motilal-oswal-s-p-bse-financials-ex-bank-30-index-fund-regular-growth-inf247l01bd7/
Motilal Oswal S P Bse Healthcare Etf,https://www.dezerv.in/mutual-funds/motilal-oswal-s-p-bse-healthcare-etf-inf247l01bb1/
Motilal Oswal S P Bse Low Volatility Etf,https://www.dezerv.in/mutual-funds/motilal-oswal-s-p-bse-low-volatility-etf-inf247l01bl0/
Motilal Oswal S P Bse Low Volatility Index Fund Direct Growth,https://www.dezerv.in/mutual-funds/motilal-oswal-s-p-bse-low-volatility-index-fund-direct-growth-inf247l01ay5/
Motilal Oswal S P Bse Low Volatility Index Fund Regular Growth,https://www.dezerv.in/mutual-funds/motilal-oswal-s-p-bse-low-volatility-index-fund-regular-growth-inf247l01az2/
Motilal Oswal S P Bse Quality Etf,https://www.dezerv.in/mutual-funds/motilal-oswal-s-p-bse-quality-etf-inf247l01bh8/
Motilal Oswal S P Bse Quality Index Fund Direct Growth,https://www.dezerv.in/mutual-funds/motilal-oswal-s-p-bse-quality-index-fund-direct-growth-inf247l01bi6/
Motilal Oswal S P Bse Quality Index Fund Regular Growth,https://www.dezerv.in/mutual-funds/motilal-oswal-s-p-bse-quality-index-fund-regular-growth-inf247l01bj4/
Motilal Oswal Services Fund Direct Growth,https://www.dezerv.in/mutual-funds/motilal-oswal-services-fund-direct-growth-inf247l01fe6/
Motilal Oswal Services Fund Regular Growth,https://www.dezerv.in/mutual-funds/motilal-oswal-services-fund-regular-growth-inf247l01fg1/
Motilal Oswal Silver Etf,https://www.dezerv.in/mutual-funds/motilal-oswal-silver-etf-inf247l01fz1/
Motilal Oswal Small Cap Fund Direct Growth,https://www.dezerv.in/mutual-funds/motilal-oswal-small-cap-fund-direct-growth-inf247l01by3/
Motilal Oswal Small Cap Fund Regular Growth,https://www.dezerv.in/mutual-funds/motilal-oswal-small-cap-fund-regular-growth-inf247l01bv9/
Motilal Oswal Special Opportunities Fund Direct Growth,https://www.dezerv.in/mutual-funds/motilal-oswal-special-opportunities-fund-direct-growth-inf247l01fs6/
Motilal Oswal Special Opportunities Fund Regular Growth,https://www.dezerv.in/mutual-funds/motilal-oswal-special-opportunities-fund-regular-growth-inf247l01fv0/
Motilal Oswal Ultra Short Term Fund Direct Growth,https://www.dezerv.in/mutual-funds/motilal-oswal-ultra-short-term-fund-direct-growth-inf247l01247/
Motilal Oswal Ultra Short Term Fund Regular Growth,https://www.dezerv.in/mutual-funds/motilal-oswal-ultra-short-term-fund-regular-growth-inf247l01213/
Nav,https://www.dezerv.in/mutual-funds/nav/
Navi Elss Tax Saver Fund Direct Growth,https://www.dezerv.in/mutual-funds/navi-elss-tax-saver-fund-direct-growth-inf959l01cd5/
Navi Elss Tax Saver Fund Regular Growth,https://www.dezerv.in/mutual-funds/navi-elss-tax-saver-fund-regular-growth-inf959l01cf0/
Navi Elss Tax Saver Nifty 50 Index Fund Direct Growth,https://www.dezerv.in/mutual-funds/navi-elss-tax-saver-nifty-50-index-fund-direct-growth-inf959l01gr6/
Navi Elss Tax Saver Nifty 50 Index Fund Regular Growth,https://www.dezerv.in/mutual-funds/navi-elss-tax-saver-nifty-50-index-fund-regular-growth-inf959l01gs4/
Navi Equity Hybrid Fund Direct Growth,https://www.dezerv.in/mutual-funds/navi-equity-hybrid-fund-direct-growth-inf959l01cx3/
Navi Equity Hybrid Fund Regular Growth,https://www.dezerv.in/mutual-funds/navi-equity-hybrid-fund-regular-growth-inf959l01di2/
Navi Flexi Cap Fund Direct Growth,https://www.dezerv.in/mutual-funds/navi-flexi-cap-fund-direct-growth-inf959l01dt9/
Navi Flexi Cap Fund Regular Growth,https://www.dezerv.in/mutual-funds/navi-flexi-cap-fund-regular-growth-inf959l01ee9/
Navi Large Midcap Fund Direct Growth,https://www.dezerv.in/mutual-funds/navi-large-midcap-fund-direct-growth-inf959l01ch6/
Navi Large Midcap Fund Regular Growth,https://www.dezerv.in/mutual-funds/navi-large-midcap-fund-regular-growth-inf959l01ck0/
Navi Liquid Fund Direct Growth,https://www.dezerv.in/mutual-funds/navi-liquid-fund-direct-growth-inf959l01gf1/
Navi Liquid Fund Regular Growth,https://www.dezerv.in/mutual-funds/navi-liquid-fund-regular-growth-inf959l01gl9/
Navi Nasdaq 100 Fund Of Fund Direct Growth,https://www.dezerv.in/mutual-funds/navi-nasdaq-100-fund-of-fund-direct-growth-inf959l01fz1/
Navi Nasdaq 100 Fund Of Fund Regular Growth,https://www.dezerv.in/mutual-funds/navi-nasdaq-100-fund-of-fund-regular-growth-inf959l01ga2/
Navi Nifty 50 Etf,https://www.dezerv.in/mutual-funds/navi-nifty-50-etf-inf959l01hi3/
Navi Nifty 50 Index Fund Direct Growth,https://www.dezerv.in/mutual-funds/navi-nifty-50-index-fund-direct-growth-inf959l01fp2/
Navi Nifty 50 Index Fund Regular Growth,https://www.dezerv.in/mutual-funds/navi-nifty-50-index-fund-regular-growth-inf959l01fq0/
Navi Nifty 500 Multicap 50 25 25 Index Fund Direct Growth,https://www.dezerv.in/mutual-funds/navi-nifty-500-multicap-50-25-25-index-fund-direct-growth-inf959l01ho1/
Navi Nifty 500 Multicap 50 25 25 Index Fund Regular Growth,https://www.dezerv.in/mutual-funds/navi-nifty-500-multicap-50-25-25-index-fund-regular-growth-inf959l01hn3/
Navi Nifty Bank Index Fund Direct Growth,https://www.dezerv.in/mutual-funds/navi-nifty-bank-index-fund-direct-growth-inf959l01ft4/
Navi Nifty Bank Index Fund Regular Growth,https://www.dezerv.in/mutual-funds/navi-nifty-bank-index-fund-regular-growth-inf959l01fu2/
Navi Nifty India Manufacturing Index Fund Direct Growth,https://www.dezerv.in/mutual-funds/navi-nifty-india-manufacturing-index-fund-direct-growth-inf959l01gd6/
Navi Nifty India Manufacturing Index Fund Regular Growth,https://www.dezerv.in/mutual-funds/navi-nifty-india-manufacturing-index-fund-regular-growth-inf959l01ge4/
Navi Nifty It Index Fund Direct Growth,https://www.dezerv.in/mutual-funds/navi-nifty-it-index-fund-direct-growth-inf959l01gb0/
Navi Nifty It Index Fund Direct Growth,https://www.dezerv.in/mutual-funds/navi-nifty-it-index-fund-direct-growth-inf959l01hm5/
Navi Nifty It Index Fund Regular Growth,https://www.dezerv.in/mutual-funds/navi-nifty-it-index-fund-regular-growth-inf959l01hl7/
Navi Nifty Midcap 150 Index Fund Direct Growth,https://www.dezerv.in/mutual-funds/navi-nifty-midcap-150-index-fund-direct-growth-inf959l01fx6/
Navi Nifty Midcap 150 Index Fund Regular Growth,https://www.dezerv.in/mutual-funds/navi-nifty-midcap-150-index-fund-regular-growth-inf959l01fy4/
Navi Nifty Midsmallcap 400 Index Fund Direct Growth,https://www.dezerv.in/mutual-funds/navi-nifty-midsmallcap-400-index-fund-direct-growth-inf959l01hr4/
Navi Nifty Midsmallcap 400 Index Fund Regular Growth,https://www.dezerv.in/mutual-funds/navi-nifty-midsmallcap-400-index-fund-regular-growth-inf959l01hs2/
Navi Nifty Next 50 Index Fund Direct Growth,https://www.dezerv.in/mutual-funds/navi-nifty-next-50-index-fund-direct-growth-inf959l01fr8/
Navi Nifty Next 50 Index Fund Regular Growth,https://www.dezerv.in/mutual-funds/navi-nifty-next-50-index-fund-regular-growth-inf959l01fs6/
Navi Nifty Smallcap250 Momentum Quality 100 Index Fund Direct Growth,https://www.dezerv.in/mutual-funds/navi-nifty-smallcap250-momentum-quality-100-index-fund-direct-growth-inf959l01hq6/
Navi Nifty Smallcap250 Momentum Quality 100 Index Fund Regular Growth,https://www.dezerv.in/mutual-funds/navi-nifty-smallcap250-momentum-quality-100-index-fund-regular-growth-inf959l01hp8/
Navi Overnight Fund Direct Growth,https://www.dezerv.in/mutual-funds/navi-overnight-fund-direct-growth-inf959l01gv8/
Navi Overnight Fund Regular Growth,https://www.dezerv.in/mutual-funds/navi-overnight-fund-regular-growth-inf959l01hb8/
Navi Regular Savings Fund Direct Growth,https://www.dezerv.in/mutual-funds/navi-regular-savings-fund-direct-growth-inf959l01676/
Navi Regular Savings Fund Regular Growth,https://www.dezerv.in/mutual-funds/navi-regular-savings-fund-regular-growth-inf959l01130/
Navi S P Bse Sensex Index Fund Direct Growth,https://www.dezerv.in/mutual-funds/navi-s-p-bse-sensex-index-fund-direct-growth-inf959l01hk9/
Navi S P Bse Sensex Index Fund Regular Growth,https://www.dezerv.in/mutual-funds/navi-s-p-bse-sensex-index-fund-regular-growth-inf959l01hj1/
Navi Us Total Stock Market Fund Of Fund Direct Growth,https://www.dezerv.in/mutual-funds/navi-us-total-stock-market-fund-of-fund-direct-growth-inf959l01fv0/
Navi Us Total Stock Market Fund Of Fund Regular Growth,https://www.dezerv.in/mutual-funds/navi-us-total-stock-market-fund-of-fund-regular-growth-inf959l01fw8/
Nifty Largemidcap250 Plus 8 13 Yr G Sec 70 30 Index Fund Direct Growth,https://www.dezerv.in/mutual-funds/nifty-largemidcap250-plus-8-13-yr-g-sec-70-30-index-fund-direct-growth-inf0r8f01208/
Nippon India Active Momentum Fund Direct Growth,https://www.dezerv.in/mutual-funds/nippon-india-active-momentum-fund-direct-growth-inf204kc1ek5/
Nippon India Active Momentum Fund Regular Growth,https://www.dezerv.in/mutual-funds/nippon-india-active-momentum-fund-regular-growth-inf204kc1eh1/
Nippon India Arbitrage Fund Direct Growth,https://www.dezerv.in/mutual-funds/nippon-india-arbitrage-fund-direct-growth-inf204k01xz7/
Nippon India Arbitrage Fund Regular Growth,https://www.dezerv.in/mutual-funds/nippon-india-arbitrage-fund-regular-growth-inf204k01iy1/
Nippon India Asset Allocator Fof Direct Growth,https://www.dezerv.in/mutual-funds/nippon-india-asset-allocator-fof-direct-growth-inf204kb16y4/
Nippon India Asset Allocator Fof Regular Growth,https://www.dezerv.in/mutual-funds/nippon-india-asset-allocator-fof-regular-growth-inf204kb13y1/
Nippon India Balanced Advantage Fund Direct Growth,https://www.dezerv.in/mutual-funds/nippon-india-balanced-advantage-fund-direct-growth-inf204k01g94/
Nippon India Balanced Advantage Fund Regular Growth,https://www.dezerv.in/mutual-funds/nippon-india-balanced-advantage-fund-regular-growth-inf204k01604/
Nippon India Banking Financial Services Fund Direct Growth,https://www.dezerv.in/mutual-funds/nippon-india-banking-financial-services-fund-direct-growth-inf204k01xo1/
Nippon India Banking Financial Services Fund Regular Growth,https://www.dezerv.in/mutual-funds/nippon-india-banking-financial-services-fund-regular-growth-inf204k01927/
Nippon India Banking Psu Debt Fund Direct Growth,https://www.dezerv.in/mutual-funds/nippon-india-banking-psu-debt-fund-direct-growth-inf204ka1u53/
Nippon India Banking Psu Debt Fund Regular Growth,https://www.dezerv.in/mutual-funds/nippon-india-banking-psu-debt-fund-regular-growth-inf204ka1t56/
Nippon India Bse Sensex Next 30 Etf,https://www.dezerv.in/mutual-funds/nippon-india-bse-sensex-next-30-etf-inf204kc1ez3/
Nippon India Bse Sensex Next 30 Index Fund Direct Growth,https://www.dezerv.in/mutual-funds/nippon-india-bse-sensex-next-30-index-fund-direct-growth-inf204kc1fd7/
Nippon India Bse Sensex Next 30 Index Fund Regular Growth,https://www.dezerv.in/mutual-funds/nippon-india-bse-sensex-next-30-index-fund-regular-growth-inf204kc1fa3/
Nippon India Capital Protection Oriented Fund Ii Plan A Direct Growth,https://www.dezerv.in/mutual-funds/nippon-india-capital-protection-oriented-fund-ii-plan-a-direct-growth-inf204kb12o4/
Nippon India Capital Protection Oriented Fund Ii Plan A Regular Growth,https://www.dezerv.in/mutual-funds/nippon-india-capital-protection-oriented-fund-ii-plan-a-regular-growth-inf204kb10o8/
Nippon India Consumption Fund Direct Growth,https://www.dezerv.in/mutual-funds/nippon-india-consumption-fund-direct-growth-inf204k01g52/
Nippon India Consumption Fund Regular Growth,https://www.dezerv.in/mutual-funds/nippon-india-consumption-fund-regular-growth-inf204k01aq4/
Nippon India Corporate Bond Fund Direct Growth,https://www.dezerv.in/mutual-funds/nippon-india-corporate-bond-fund-direct-growth-inf204k01c15/
Nippon India Corporate Bond Fund Regular Growth,https://www.dezerv.in/mutual-funds/nippon-india-corporate-bond-fund-regular-growth-inf204k01ef9/
Nippon India Credit Risk Fund Direct Growth,https://www.dezerv.in/mutual-funds/nippon-india-credit-risk-fund-direct-growth-inf204k01a74/
Nippon India Credit Risk Fund Regular Growth,https://www.dezerv.in/mutual-funds/nippon-india-credit-risk-fund-regular-growth-inf204k01fq3/
Nippon India Credit Risk Fund Segregated Portfolio 1 Direct Growth,https://www.dezerv.in/mutual-funds/nippon-india-credit-risk-fund-segregated-portfolio-1-direct-growth-inf204kb12l0/
Nippon India Credit Risk Fund Segregated Portfolio 1 Regular Growth,https://www.dezerv.in/mutual-funds/nippon-india-credit-risk-fund-segregated-portfolio-1-regular-growth-inf204kb17l9/
Nippon India Credit Risk Fund Segregated Portfolio 2 Direct Growth,https://www.dezerv.in/mutual-funds/nippon-india-credit-risk-fund-segregated-portfolio-2-direct-growth-inf204kb14p7/
Nippon India Credit Risk Fund Segregated Portfolio 2 Regular Growth,https://www.dezerv.in/mutual-funds/nippon-india-credit-risk-fund-segregated-portfolio-2-regular-growth-inf204kb19p6/
Nippon India Crisil Ibx Aaa Financial Services Dec 2026 Index Fund Regular Growth,https://www.dezerv.in/mutual-funds/nippon-india-crisil-ibx-aaa-financial-services-dec-2026-index-fund-regular-growth-inf204kc1dj9/
Nippon India Crisil Ibx Aaa Financial Services Dec 2026 Index Fund Regular Growth,https://www.dezerv.in/mutual-funds/nippon-india-crisil-ibx-aaa-financial-services-dec-2026-index-fund-regular-growth-inf204kc1dm3/
Nippon India Crisil Ibx Aaa Financial Services Jan 2028 Index Fund Regular Growth,https://www.dezerv.in/mutual-funds/nippon-india-crisil-ibx-aaa-financial-services-jan-2028-index-fund-regular-growth-inf204kc1dp6/
Nippon India Crisil Ibx Aaa Financial Services Jan 2028 Index Fund Regular Growth,https://www.dezerv.in/mutual-funds/nippon-india-crisil-ibx-aaa-financial-services-jan-2028-index-fund-regular-growth-inf204kc1ds0/
Nippon India Crisil Ibx Financial Services 3 6 Months Debt Index Fund Direct Growth,https://www.dezerv.in/mutual-funds/nippon-india-crisil-ibx-financial-services-3-6-months-debt-index-fund-direct-growth-inf204kc1gx3/
Nippon India Crisil Ibx Financial Services 3 6 Months Debt Index Fund Regular Growth,https://www.dezerv.in/mutual-funds/nippon-india-crisil-ibx-financial-services-3-6-months-debt-index-fund-regular-growth-inf204kc1gu9/
Nippon India Crisil Ibx Financial Services 9 12 Months Debt Index Fund Direct Growth,https://www.dezerv.in/mutual-funds/nippon-india-crisil-ibx-financial-services-9-12-months-debt-index-fund-direct-growth-inf204kc1gr5/
Nippon India Crisil Ibx Financial Services 9 12 Months Debt Index Fund Regular Growth,https://www.dezerv.in/mutual-funds/nippon-india-crisil-ibx-financial-services-9-12-months-debt-index-fund-regular-growth-inf204kc1go2/
Nippon India Dynamic Bond Fund Direct Growth,https://www.dezerv.in/mutual-funds/nippon-india-dynamic-bond-fund-direct-growth-inf204k01a25/
Nippon India Dynamic Bond Fund Regular Growth,https://www.dezerv.in/mutual-funds/nippon-india-dynamic-bond-fund-regular-growth-inf204k01fi0/
Nippon India Equity Hybrid Fund Direct Growth,https://www.dezerv.in/mutual-funds/nippon-india-equity-hybrid-fund-direct-growth-inf204k01b08/
Nippon India Equity Hybrid Fund Regular Growth,https://www.dezerv.in/mutual-funds/nippon-india-equity-hybrid-fund-regular-growth-inf204k01fw1/
Nippon India Equity Hybrid Fund Segregated Portfolio 1 Direct Growth,https://www.dezerv.in/mutual-funds/nippon-india-equity-hybrid-fund-segregated-portfolio-1-direct-growth-inf204kb16f3/
Nippon India Equity Hybrid Fund Segregated Portfolio 1 Regular Growth,https://www.dezerv.in/mutual-funds/nippon-india-equity-hybrid-fund-segregated-portfolio-1-regular-growth-inf204kb13g8/
Nippon India Equity Hybrid Fund Segregated Portfolio 2 Direct Growth,https://www.dezerv.in/mutual-funds/nippon-india-equity-hybrid-fund-segregated-portfolio-2-direct-growth-inf204kb13t1/
Nippon India Equity Hybrid Fund Segregated Portfolio 2 Regular Growth,https://www.dezerv.in/mutual-funds/nippon-india-equity-hybrid-fund-segregated-portfolio-2-regular-growth-inf204kb10u5/
Nippon India Equity Savings Fund Direct Growth,https://www.dezerv.in/mutual-funds/nippon-india-equity-savings-fund-direct-growth-inf204ka1w77/
Nippon India Equity Savings Fund Regular Growth,https://www.dezerv.in/mutual-funds/nippon-india-equity-savings-fund-regular-growth-inf204ka1v94/
Nippon India Equity Savings Fund Segregated Portfolio 1 Direct Growth,https://www.dezerv.in/mutual-funds/nippon-india-equity-savings-fund-segregated-portfolio-1-direct-growth-inf204kb11e7/
Nippon India Equity Savings Fund Segregated Portfolio 1 Regular Growth,https://www.dezerv.in/mutual-funds/nippon-india-equity-savings-fund-segregated-portfolio-1-regular-growth-inf204kb19e0/
Nippon India Equity Savings Fund Segregated Portfolio 2 Direct Growth,https://www.dezerv.in/mutual-funds/nippon-india-equity-savings-fund-segregated-portfolio-2-direct-growth-inf204kb18r4/
Nippon India Equity Savings Fund Segregated Portfolio 2 Regular Growth,https://www.dezerv.in/mutual-funds/nippon-india-equity-savings-fund-segregated-portfolio-2-regular-growth-inf204kb16s6/
Nippon India Etf Consumption,https://www.dezerv.in/mutual-funds/nippon-india-etf-consumption-inf204ka1ld7/
Nippon India Etf Gold Bees,https://www.dezerv.in/mutual-funds/nippon-india-etf-gold-bees-inf204kb17i5/
Nippon India Etf Hang Seng Bees,https://www.dezerv.in/mutual-funds/nippon-india-etf-hang-seng-bees-inf204kb19i1/
Nippon India Etf Nifty 100,https://www.dezerv.in/mutual-funds/nippon-india-etf-nifty-100-inf204k014n5/
Nippon India Etf Nifty 1D Rate Liquid Bees,https://www.dezerv.in/mutual-funds/nippon-india-etf-nifty-1d-rate-liquid-bees-inf732e01037/
Nippon India Etf Nifty 5 Yr Benchmark G Sec,https://www.dezerv.in/mutual-funds/nippon-india-etf-nifty-5-yr-benchmark-g-sec-inf204kc1030/
Nippon India Etf Nifty 50 Bees,https://www.dezerv.in/mutual-funds/nippon-india-etf-nifty-50-bees-inf204kb14i2/
Nippon India Etf Nifty 50 Shariah Bees,https://www.dezerv.in/mutual-funds/nippon-india-etf-nifty-50-shariah-bees-inf732e01128/
Nippon India Etf Nifty 50 Value 20,https://www.dezerv.in/mutual-funds/nippon-india-etf-nifty-50-value-20-inf204ka17d8/
Nippon India Etf Nifty 50 Value 20,https://www.dezerv.in/mutual-funds/nippon-india-etf-nifty-50-value-20-inf204kb18i3/
Nippon India Etf Nifty 8 13 Yr G Sec Long Term Gilt,https://www.dezerv.in/mutual-funds/nippon-india-etf-nifty-8-13-yr-g-sec-long-term-gilt-inf204kb1882/
Nippon India Etf Nifty Bank Bees,https://www.dezerv.in/mutual-funds/nippon-india-etf-nifty-bank-bees-inf204kb15i9/
Nippon India Etf Nifty Cpse Bond Plus Sdl Sep 2024 50 50,https://www.dezerv.in/mutual-funds/nippon-india-etf-nifty-cpse-bond-plus-sdl-sep-2024-50-50-inf204kb18w4/
Nippon India Etf Nifty Dividend Opportunities 50,https://www.dezerv.in/mutual-funds/nippon-india-etf-nifty-dividend-opportunities-50-inf204ka1ms3/
Nippon India Etf Nifty Infrastructure Bees,https://www.dezerv.in/mutual-funds/nippon-india-etf-nifty-infrastructure-bees-inf732e01268/
Nippon India Etf Nifty It,https://www.dezerv.in/mutual-funds/nippon-india-etf-nifty-it-inf204kb15v2/
Nippon India Etf Nifty Midcap 150,https://www.dezerv.in/mutual-funds/nippon-india-etf-nifty-midcap-150-inf204kb1v68/
Nippon India Etf Nifty Next 50 Junior Bees,https://www.dezerv.in/mutual-funds/nippon-india-etf-nifty-next-50-junior-bees-inf732e01045/
Nippon India Etf Nifty Psu Bank Bees,https://www.dezerv.in/mutual-funds/nippon-india-etf-nifty-psu-bank-bees-inf204kb16i7/
Nippon India Etf Nifty Sdl Apr 2026 Top 20 Equal Weight,https://www.dezerv.in/mutual-funds/nippon-india-etf-nifty-sdl-apr-2026-top-20-equal-weight-inf204kc1022/
Nippon India Etf S P Bse Sensex,https://www.dezerv.in/mutual-funds/nippon-india-etf-s-p-bse-sensex-inf204ka1un7/
Nippon India Etf S P Bse Sensex Next 50,https://www.dezerv.in/mutual-funds/nippon-india-etf-s-p-bse-sensex-next-50-inf204kb15d0/
Nippon India Fixed Horizon Fund Xli Series 13 Direct Growth,https://www.dezerv.in/mutual-funds/nippon-india-fixed-horizon-fund-xli-series-13-direct-growth-inf204kb18d4/
Nippon India Fixed Horizon Fund Xli Series 13 Regular Growth,https://www.dezerv.in/mutual-funds/nippon-india-fixed-horizon-fund-xli-series-13-regular-growth-inf204kb16d8/
Nippon India Fixed Horizon Fund Xli Series 3 Direct Growth,https://www.dezerv.in/mutual-funds/nippon-india-fixed-horizon-fund-xli-series-3-direct-growth-inf204kb1z72/
Nippon India Fixed Horizon Fund Xli Series 3 Regular Growth,https://www.dezerv.in/mutual-funds/nippon-india-fixed-horizon-fund-xli-series-3-regular-growth-inf204kb1z56/
Nippon India Fixed Horizon Fund Xli Series 5 Direct Growth,https://www.dezerv.in/mutual-funds/nippon-india-fixed-horizon-fund-xli-series-5-direct-growth-inf204kb15a6/
Nippon India Fixed Horizon Fund Xli Series 5 Regular Growth,https://www.dezerv.in/mutual-funds/nippon-india-fixed-horizon-fund-xli-series-5-regular-growth-inf204kb13a1/
Nippon India Fixed Horizon Fund Xli Series 6 Direct Growth,https://www.dezerv.in/mutual-funds/nippon-india-fixed-horizon-fund-xli-series-6-direct-growth-inf204kb19a8/
Nippon India Fixed Horizon Fund Xli Series 6 Regular Growth,https://www.dezerv.in/mutual-funds/nippon-india-fixed-horizon-fund-xli-series-6-regular-growth-inf204kb17a2/
Nippon India Fixed Horizon Fund Xli Series 7 Direct Growth,https://www.dezerv.in/mutual-funds/nippon-india-fixed-horizon-fund-xli-series-7-direct-growth-inf204kb13b9/
Nippon India Fixed Horizon Fund Xli Series 7 Regular Growth,https://www.dezerv.in/mutual-funds/nippon-india-fixed-horizon-fund-xli-series-7-regular-growth-inf204kb11b3/
Nippon India Fixed Horizon Fund Xli Series 8 Direct Growth,https://www.dezerv.in/mutual-funds/nippon-india-fixed-horizon-fund-xli-series-8-direct-growth-inf204kb17b0/
Nippon India Fixed Horizon Fund Xli Series 8 Regular Growth,https://www.dezerv.in/mutual-funds/nippon-india-fixed-horizon-fund-xli-series-8-regular-growth-inf204kb15b4/
Nippon India Fixed Horizon Fund Xli Series 9 Direct Growth,https://www.dezerv.in/mutual-funds/nippon-india-fixed-horizon-fund-xli-series-9-direct-growth-inf204kb11c1/
Nippon India Fixed Horizon Fund Xli Series 9 Regular Growth,https://www.dezerv.in/mutual-funds/nippon-india-fixed-horizon-fund-xli-series-9-regular-growth-inf204kb19b6/
Nippon India Fixed Horizon Fund Xlii Series 1 Direct Growth,https://www.dezerv.in/mutual-funds/nippon-india-fixed-horizon-fund-xlii-series-1-direct-growth-inf204kb12j4/
Nippon India Fixed Horizon Fund Xlii Series 1 Regular Growth,https://www.dezerv.in/mutual-funds/nippon-india-fixed-horizon-fund-xlii-series-1-regular-growth-inf204kb10j8/
Nippon India Fixed Horizon Fund Xlii Series 2 Direct Growth,https://www.dezerv.in/mutual-funds/nippon-india-fixed-horizon-fund-xlii-series-2-direct-growth-inf204kb16j5/
Nippon India Fixed Horizon Fund Xlii Series 2 Regular Growth,https://www.dezerv.in/mutual-funds/nippon-india-fixed-horizon-fund-xlii-series-2-regular-growth-inf204kb14j0/
Nippon India Fixed Horizon Fund Xlii Series 3 Direct Growth,https://www.dezerv.in/mutual-funds/nippon-india-fixed-horizon-fund-xlii-series-3-direct-growth-inf204kb10k6/
Nippon India Fixed Horizon Fund Xlii Series 3 Regular Growth,https://www.dezerv.in/mutual-funds/nippon-india-fixed-horizon-fund-xlii-series-3-regular-growth-inf204kb18j1/
Nippon India Fixed Horizon Fund Xlii Series 5 Direct Growth,https://www.dezerv.in/mutual-funds/nippon-india-fixed-horizon-fund-xlii-series-5-direct-growth-inf204kb19u6/
Nippon India Fixed Horizon Fund Xlii Series 5 Regular Growth,https://www.dezerv.in/mutual-funds/nippon-india-fixed-horizon-fund-xlii-series-5-regular-growth-inf204kb17u0/
Nippon India Fixed Horizon Fund Xlii Series 6 Direct Growth,https://www.dezerv.in/mutual-funds/nippon-india-fixed-horizon-fund-xlii-series-6-direct-growth-inf204kb13v7/
Nippon India Fixed Horizon Fund Xlii Series 6 Regular Growth,https://www.dezerv.in/mutual-funds/nippon-india-fixed-horizon-fund-xlii-series-6-regular-growth-inf204kb11v1/
Nippon India Fixed Horizon Fund Xlii Series 7 Direct Growth,https://www.dezerv.in/mutual-funds/nippon-india-fixed-horizon-fund-xlii-series-7-direct-growth-inf204kb11x7/
Nippon India Fixed Horizon Fund Xlii Series 7 Regular Growth,https://www.dezerv.in/mutual-funds/nippon-india-fixed-horizon-fund-xlii-series-7-regular-growth-inf204kb19w2/
Nippon India Fixed Horizon Fund Xliii Series 1 Direct Growth,https://www.dezerv.in/mutual-funds/nippon-india-fixed-horizon-fund-xliii-series-1-direct-growth-inf204kc1170/
Nippon India Fixed Horizon Fund Xliii Series 1 Regular Growth,https://www.dezerv.in/mutual-funds/nippon-india-fixed-horizon-fund-xliii-series-1-regular-growth-inf204kc1154/
Nippon India Fixed Horizon Fund Xliii Series 2 Direct Growth,https://www.dezerv.in/mutual-funds/nippon-india-fixed-horizon-fund-xliii-series-2-direct-growth-inf204kc1212/
Nippon India Fixed Horizon Fund Xliii Series 2 Regular Growth,https://www.dezerv.in/mutual-funds/nippon-india-fixed-horizon-fund-xliii-series-2-regular-growth-inf204kc1196/
Nippon India Fixed Horizon Fund Xliii Series 3 Direct Growth,https://www.dezerv.in/mutual-funds/nippon-india-fixed-horizon-fund-xliii-series-3-direct-growth-inf204kc1253/
Nippon India Fixed Horizon Fund Xliii Series 3 Regular Growth,https://www.dezerv.in/mutual-funds/nippon-india-fixed-horizon-fund-xliii-series-3-regular-growth-inf204kc1238/
Nippon India Fixed Horizon Fund Xliii Series 4 Direct Growth,https://www.dezerv.in/mutual-funds/nippon-india-fixed-horizon-fund-xliii-series-4-direct-growth-inf204kc1436/
Nippon India Fixed Horizon Fund Xliii Series 4 Regular Growth,https://www.dezerv.in/mutual-funds/nippon-india-fixed-horizon-fund-xliii-series-4-regular-growth-inf204kc1410/
Nippon India Fixed Horizon Fund Xliii Series 5 Direct Growth,https://www.dezerv.in/mutual-funds/nippon-india-fixed-horizon-fund-xliii-series-5-direct-growth-inf204kc1477/
Nippon India Fixed Horizon Fund Xliii Series 5 Regular Growth,https://www.dezerv.in/mutual-funds/nippon-india-fixed-horizon-fund-xliii-series-5-regular-growth-inf204kc1451/
Nippon India Fixed Horizon Fund Xliv Series 1 Direct Growth,https://www.dezerv.in/mutual-funds/nippon-india-fixed-horizon-fund-xliv-series-1-direct-growth-inf204kc1634/
Nippon India Fixed Horizon Fund Xliv Series 1 Regular Growth,https://www.dezerv.in/mutual-funds/nippon-india-fixed-horizon-fund-xliv-series-1-regular-growth-inf204kc1618/
Nippon India Fixed Horizon Fund Xliv Series 3 Direct Growth,https://www.dezerv.in/mutual-funds/nippon-india-fixed-horizon-fund-xliv-series-3-direct-growth-inf204kc1832/
Nippon India Fixed Horizon Fund Xliv Series 3 Regular Growth,https://www.dezerv.in/mutual-funds/nippon-india-fixed-horizon-fund-xliv-series-3-regular-growth-inf204kc1816/
Nippon India Fixed Horizon Fund Xliv Series 4 Direct Growth,https://www.dezerv.in/mutual-funds/nippon-india-fixed-horizon-fund-xliv-series-4-direct-growth-inf204kc1931/
Nippon India Fixed Horizon Fund Xliv Series 4 Regular Growth,https://www.dezerv.in/mutual-funds/nippon-india-fixed-horizon-fund-xliv-series-4-regular-growth-inf204kc1915/
Nippon India Fixed Horizon Fund Xliv Series 5 Direct Growth,https://www.dezerv.in/mutual-funds/nippon-india-fixed-horizon-fund-xliv-series-5-direct-growth-inf204kc1972/
Nippon India Fixed Horizon Fund Xliv Series 5 Regular Growth,https://www.dezerv.in/mutual-funds/nippon-india-fixed-horizon-fund-xliv-series-5-regular-growth-inf204kc1956/
Nippon India Fixed Horizon Fund Xlv Series 1 Direct Growth,https://www.dezerv.in/mutual-funds/nippon-india-fixed-horizon-fund-xlv-series-1-direct-growth-inf204kc1at4/
Nippon India Fixed Horizon Fund Xlv Series 1 Regular Growth,https://www.dezerv.in/mutual-funds/nippon-india-fixed-horizon-fund-xlv-series-1-regular-growth-inf204kc1ar8/
Nippon India Fixed Horizon Fund Xlv Series 2 Direct Growth,https://www.dezerv.in/mutual-funds/nippon-india-fixed-horizon-fund-xlv-series-2-direct-growth-inf204kc1ax6/
Nippon India Fixed Horizon Fund Xlv Series 2 Regular Growth,https://www.dezerv.in/mutual-funds/nippon-india-fixed-horizon-fund-xlv-series-2-regular-growth-inf204kc1av0/
Nippon India Fixed Horizon Fund Xlv Series 3 Direct Growth,https://www.dezerv.in/mutual-funds/nippon-india-fixed-horizon-fund-xlv-series-3-direct-growth-inf204kc1bb0/
Nippon India Fixed Horizon Fund Xlv Series 3 Regular Growth,https://www.dezerv.in/mutual-funds/nippon-india-fixed-horizon-fund-xlv-series-3-regular-growth-inf204kc1az1/
Nippon India Fixed Horizon Fund Xlv Series 4 Direct Growth,https://www.dezerv.in/mutual-funds/nippon-india-fixed-horizon-fund-xlv-series-4-direct-growth-inf204kc1bf1/
Nippon India Fixed Horizon Fund Xlv Series 4 Regular Growth,https://www.dezerv.in/mutual-funds/nippon-india-fixed-horizon-fund-xlv-series-4-regular-growth-inf204kc1bd6/
Nippon India Fixed Horizon Fund Xlv Series 5 Direct Growth,https://www.dezerv.in/mutual-funds/nippon-india-fixed-horizon-fund-xlv-series-5-direct-growth-inf204kc1bj3/
Nippon India Fixed Horizon Fund Xlv Series 5 Regular Growth,https://www.dezerv.in/mutual-funds/nippon-india-fixed-horizon-fund-xlv-series-5-regular-growth-inf204kc1bh7/
Nippon India Fixed Maturity Plan Xlvi Series 1 92 Days Direct Growth,https://www.dezerv.in/mutual-funds/nippon-india-fixed-maturity-plan-xlvi-series-1-92-days-direct-growth-inf204kc1bt2/
Nippon India Fixed Maturity Plan Xlvi Series 1 92 Days Regular Growth,https://www.dezerv.in/mutual-funds/nippon-india-fixed-maturity-plan-xlvi-series-1-92-days-regular-growth-inf204kc1br6/
Nippon India Fixed Maturity Plan Xlvi Series 2 366 Days Direct Growth,https://www.dezerv.in/mutual-funds/nippon-india-fixed-maturity-plan-xlvi-series-2-366-days-direct-growth-inf204kc1cr4/
Nippon India Fixed Maturity Plan Xlvi Series 2 366 Days Regular Growth,https://www.dezerv.in/mutual-funds/nippon-india-fixed-maturity-plan-xlvi-series-2-366-days-regular-growth-inf204kc1cp8/
Nippon India Fixed Maturity Plan Xlvi Series 2 367 Days Direct Growth,https://www.dezerv.in/mutual-funds/nippon-india-fixed-maturity-plan-xlvi-series-2-367-days-direct-growth-inf204kc1cj1/
Nippon India Fixed Maturity Plan Xlvi Series 2 367 Days Regular Growth,https://www.dezerv.in/mutual-funds/nippon-india-fixed-maturity-plan-xlvi-series-2-367-days-regular-growth-inf204kc1ch5/
Nippon India Fixed Maturity Plan Xlvi Series 3 368 Days Direct Growth,https://www.dezerv.in/mutual-funds/nippon-india-fixed-maturity-plan-xlvi-series-3-368-days-direct-growth-inf204kc1cn3/
Nippon India Fixed Maturity Plan Xlvi Series 3 368 Days Regular Growth,https://www.dezerv.in/mutual-funds/nippon-india-fixed-maturity-plan-xlvi-series-3-368-days-regular-growth-inf204kc1cl7/
Nippon India Fixed Maturity Plan Xlvi Series 5 1868 Days Direct Growth,https://www.dezerv.in/mutual-funds/nippon-india-fixed-maturity-plan-xlvi-series-5-1868-days-direct-growth-inf204kc1cv6/
Nippon India Fixed Maturity Plan Xlvi Series 5 1868 Days Regular Growth,https://www.dezerv.in/mutual-funds/nippon-india-fixed-maturity-plan-xlvi-series-5-1868-days-regular-growth-inf204kc1ct0/
Nippon India Flexi Cap Fund Direct Growth,https://www.dezerv.in/mutual-funds/nippon-india-flexi-cap-fund-direct-growth-inf204kc1121/
Nippon India Flexi Cap Fund Regular Growth,https://www.dezerv.in/mutual-funds/nippon-india-flexi-cap-fund-regular-growth-inf204kc1097/
Nippon India Floating Rate Fund Direct Growth,https://www.dezerv.in/mutual-funds/nippon-india-floating-rate-fund-direct-growth-inf204k01e05/
Nippon India Floating Rate Fund Regular Growth,https://www.dezerv.in/mutual-funds/nippon-india-floating-rate-fund-regular-growth-inf204k01cg1/
Nippon India Focused Equity Fund Direct Growth,https://www.dezerv.in/mutual-funds/nippon-india-focused-equity-fund-direct-growth-inf204k01f95/
Nippon India Focused Equity Fund Regular Growth,https://www.dezerv.in/mutual-funds/nippon-india-focused-equity-fund-regular-growth-inf204k01ge7/
Nippon India Gilt Securities Fund Direct Growth,https://www.dezerv.in/mutual-funds/nippon-india-gilt-securities-fund-direct-growth-inf204k01xp8/
Nippon India Gilt Securities Fund Regular Growth,https://www.dezerv.in/mutual-funds/nippon-india-gilt-securities-fund-regular-growth-inf204k01bu4/
Nippon India Gold Savings Fund Direct Growth,https://www.dezerv.in/mutual-funds/nippon-india-gold-savings-fund-direct-growth-inf204k01yc4/
Nippon India Gold Savings Fund Regular Growth,https://www.dezerv.in/mutual-funds/nippon-india-gold-savings-fund-regular-growth-inf204k01kn0/
Nippon India Growth Fund Direct Growth,https://www.dezerv.in/mutual-funds/nippon-india-growth-fund-direct-growth-inf204k01e54/
Nippon India Growth Fund Regular Growth,https://www.dezerv.in/mutual-funds/nippon-india-growth-fund-regular-growth-inf204k01323/
Nippon India Hybrid Bond Fund Direct Growth,https://www.dezerv.in/mutual-funds/nippon-india-hybrid-bond-fund-direct-growth-inf204k01yv4/
Nippon India Hybrid Bond Fund Regular Growth,https://www.dezerv.in/mutual-funds/nippon-india-hybrid-bond-fund-regular-growth-inf204k01fd1/
Nippon India Hybrid Bond Fund Segregated Portfolio 1 Direct Growth,https://www.dezerv.in/mutual-funds/nippon-india-hybrid-bond-fund-segregated-portfolio-1-direct-growth-inf204kb12k2/
Nippon India Hybrid Bond Fund Segregated Portfolio 1 Regular Growth,https://www.dezerv.in/mutual-funds/nippon-india-hybrid-bond-fund-segregated-portfolio-1-regular-growth-inf204kb17k1/
Nippon India Hybrid Bond Fund Segregated Portfolio 2 Direct Growth,https://www.dezerv.in/mutual-funds/nippon-india-hybrid-bond-fund-segregated-portfolio-2-direct-growth-inf204kb14o0/
Nippon India Hybrid Bond Fund Segregated Portfolio 2 Regular Growth,https://www.dezerv.in/mutual-funds/nippon-india-hybrid-bond-fund-segregated-portfolio-2-regular-growth-inf204kb19o9/
Nippon India Income Fund Direct Growth,https://www.dezerv.in/mutual-funds/nippon-india-income-fund-direct-growth-inf204k01xs2/
Nippon India Income Fund Regular Growth,https://www.dezerv.in/mutual-funds/nippon-india-income-fund-regular-growth-inf204k01cl1/
Nippon India Income Plus Arbitrage Active Fund Of Fund Direct Growth,https://www.dezerv.in/mutual-funds/nippon-india-income-plus-arbitrage-active-fund-of-fund-direct-growth-inf204kc1fj4/
Nippon India Income Plus Arbitrage Active Fund Of Fund Regular Growth,https://www.dezerv.in/mutual-funds/nippon-india-income-plus-arbitrage-active-fund-of-fund-regular-growth-inf204kc1fg0/
Nippon India Index Fund Nifty Plan Direct Growth,https://www.dezerv.in/mutual-funds/nippon-india-index-fund-nifty-plan-direct-growth-inf204k01h36/
Nippon India Index Fund Nifty Plan Regular Growth,https://www.dezerv.in/mutual-funds/nippon-india-index-fund-nifty-plan-regular-growth-inf204k01ie3/
Nippon India Index Fund S P Bse Sensex Plan Direct Growth,https://www.dezerv.in/mutual-funds/nippon-india-index-fund-s-p-bse-sensex-plan-direct-growth-inf204k01k80/
Nippon India Index Fund S P Bse Sensex Plan Regular Growth,https://www.dezerv.in/mutual-funds/nippon-india-index-fund-s-p-bse-sensex-plan-regular-growth-inf204k01im6/
Nippon India Innovation Fund Direct Growth,https://www.dezerv.in/mutual-funds/nippon-india-innovation-fund-direct-growth-inf204kc1bo3/
Nippon India Innovation Fund Regular Growth,https://www.dezerv.in/mutual-funds/nippon-india-innovation-fund-regular-growth-inf204kc1bl9/
Nippon India Interval Fund Annual Series I Direct Growth,https://www.dezerv.in/mutual-funds/nippon-india-interval-fund-annual-series-i-direct-growth-inf204k01b81/
Nippon India Interval Fund Annual Series I Regular Growth,https://www.dezerv.in/mutual-funds/nippon-india-interval-fund-annual-series-i-regular-growth-inf204k01ec6/
Nippon India Interval Fund Monthly Series I Direct Growth,https://www.dezerv.in/mutual-funds/nippon-india-interval-fund-monthly-series-i-direct-growth-inf204k01za5/
Nippon India Interval Fund Monthly Series I Regular Growth,https://www.dezerv.in/mutual-funds/nippon-india-interval-fund-monthly-series-i-regular-growth-inf204k01cv0/
Nippon India Interval Fund Monthly Series Ii Direct Growth,https://www.dezerv.in/mutual-funds/nippon-india-interval-fund-monthly-series-ii-direct-growth-inf204k01zd9/
Nippon India Interval Fund Monthly Series Ii Regular Growth,https://www.dezerv.in/mutual-funds/nippon-india-interval-fund-monthly-series-ii-regular-growth-inf204k01db0/
Nippon India Interval Fund Quarterly Series I Direct Growth,https://www.dezerv.in/mutual-funds/nippon-india-interval-fund-quarterly-series-i-direct-growth-inf204k01xt0/
Nippon India Interval Fund Quarterly Series I Regular Growth,https://www.dezerv.in/mutual-funds/nippon-india-interval-fund-quarterly-series-i-regular-growth-inf204k01dh7/
Nippon India Interval Fund Quarterly Series Ii Direct Growth,https://www.dezerv.in/mutual-funds/nippon-india-interval-fund-quarterly-series-ii-direct-growth-inf204k01f61/
Nippon India Interval Fund Quarterly Series Ii Regular Growth,https://www.dezerv.in/mutual-funds/nippon-india-interval-fund-quarterly-series-ii-regular-growth-inf204k01dn5/
Nippon India Interval Fund Quarterly Series Iii Direct Growth,https://www.dezerv.in/mutual-funds/nippon-india-interval-fund-quarterly-series-iii-direct-growth-inf204k01xw4/
Nippon India Interval Fund Quarterly Series Iii Regular Growth,https://www.dezerv.in/mutual-funds/nippon-india-interval-fund-quarterly-series-iii-regular-growth-inf204k01dt2/
Nippon India Japan Equity Fund Direct Growth,https://www.dezerv.in/mutual-funds/nippon-india-japan-equity-fund-direct-growth-inf204ka1si1/
Nippon India Japan Equity Fund Regular Growth,https://www.dezerv.in/mutual-funds/nippon-india-japan-equity-fund-regular-growth-inf204ka1sh3/
Nippon India Large Cap Fund Direct Growth,https://www.dezerv.in/mutual-funds/nippon-india-large-cap-fund-direct-growth-inf204k01xi3/
Nippon India Large Cap Fund Regular Growth,https://www.dezerv.in/mutual-funds/nippon-india-large-cap-fund-regular-growth-inf204k01562/
Nippon India Liquid Fund Direct Growth,https://www.dezerv.in/mutual-funds/nippon-india-liquid-fund-direct-growth-inf204k01zh0/
Nippon India Liquid Fund Regular Growth,https://www.dezerv.in/mutual-funds/nippon-india-liquid-fund-regular-growth-inf204k01un9/
Nippon India Low Duration Fund Direct Growth,https://www.dezerv.in/mutual-funds/nippon-india-low-duration-fund-direct-growth-inf204k01zu3/
Nippon India Low Duration Fund Regular Growth,https://www.dezerv.in/mutual-funds/nippon-india-low-duration-fund-regular-growth-inf204k01ev6/
Nippon India Mnc Fund Direct Growth,https://www.dezerv.in/mutual-funds/nippon-india-mnc-fund-direct-growth-inf204kc1fr7/
Nippon India Mnc Fund Regular Growth,https://www.dezerv.in/mutual-funds/nippon-india-mnc-fund-regular-growth-inf204kc1fo4/
Nippon India Money Market Fund Direct Growth,https://www.dezerv.in/mutual-funds/nippon-india-money-market-fund-direct-growth-inf204k01zp3/
Nippon India Money Market Fund Regular Growth,https://www.dezerv.in/mutual-funds/nippon-india-money-market-fund-regular-growth-inf204k01va4/
Nippon India Multi Asset Fund Direct Growth,https://www.dezerv.in/mutual-funds/nippon-india-multi-asset-fund-direct-growth-inf204kb19v4/
Nippon India Multi Asset Fund Regular Growth,https://www.dezerv.in/mutual-funds/nippon-india-multi-asset-fund-regular-growth-inf204kb16v0/
Nippon India Multi Cap Fund Direct Growth,https://www.dezerv.in/mutual-funds/nippon-india-multi-cap-fund-direct-growth-inf204k01xf9/
Nippon India Multi Cap Fund Regular Growth,https://www.dezerv.in/mutual-funds/nippon-india-multi-cap-fund-regular-growth-inf204k01489/
Nippon India Nifty 1D Rate Liquid Etf,https://www.dezerv.in/mutual-funds/nippon-india-nifty-1d-rate-liquid-etf-inf204kc1fu1/
Nippon India Nifty 50 Value 20 Index Fund Direct Growth,https://www.dezerv.in/mutual-funds/nippon-india-nifty-50-value-20-index-fund-direct-growth-inf204kb12z0/
Nippon India Nifty 50 Value 20 Index Fund Regular Growth,https://www.dezerv.in/mutual-funds/nippon-india-nifty-50-value-20-index-fund-regular-growth-inf204kb19y8/
Nippon India Nifty 500 Equal Weight Index Fund Direct Growth,https://www.dezerv.in/mutual-funds/nippon-india-nifty-500-equal-weight-index-fund-direct-growth-inf204kc1da8/
Nippon India Nifty 500 Equal Weight Index Fund Regular Growth,https://www.dezerv.in/mutual-funds/nippon-india-nifty-500-equal-weight-index-fund-regular-growth-inf204kc1cx2/
Nippon India Nifty 500 Low Volatility 50 Index Fund Direct Growth,https://www.dezerv.in/mutual-funds/nippon-india-nifty-500-low-volatility-50-index-fund-direct-growth-inf204kc1eq2/
Nippon India Nifty 500 Low Volatility 50 Index Fund Regular Growth,https://www.dezerv.in/mutual-funds/nippon-india-nifty-500-low-volatility-50-index-fund-regular-growth-inf204kc1en9/
Nippon India Nifty 500 Momentum 50 Index Fund Direct Growth,https://www.dezerv.in/mutual-funds/nippon-india-nifty-500-momentum-50-index-fund-direct-growth-inf204kc1dg5/
Nippon India Nifty 500 Momentum 50 Index Fund Regular Growth,https://www.dezerv.in/mutual-funds/nippon-india-nifty-500-momentum-50-index-fund-regular-growth-inf204kc1dd2/
Nippon India Nifty 500 Quality 50 Index Fund Direct Growth,https://www.dezerv.in/mutual-funds/nippon-india-nifty-500-quality-50-index-fund-direct-growth-inf204kc1ew0/
Nippon India Nifty 500 Quality 50 Index Fund Regular Growth,https://www.dezerv.in/mutual-funds/nippon-india-nifty-500-quality-50-index-fund-regular-growth-inf204kc1et6/
Nippon India Nifty Aaa Cpse Bond Plus Sdl Apr 2027 Maturity 60 40 Index Fund Direct Growth,https://www.dezerv.in/mutual-funds/nippon-india-nifty-aaa-cpse-bond-plus-sdl-apr-2027-maturity-60-40-index-fund-direct-growth-inf204kc1527/
Nippon India Nifty Aaa Cpse Bond Plus Sdl Apr 2027 Maturity 60 40 Index Fund Regular Growth,https://www.dezerv.in/mutual-funds/nippon-india-nifty-aaa-cpse-bond-plus-sdl-apr-2027-maturity-60-40-index-fund-regular-growth-inf204kc1493/
Nippon India Nifty Aaa Psu Bond Plus Sdl Sep 2026 Maturity 50 50 Index Fund Direct Growth,https://www.dezerv.in/mutual-funds/nippon-india-nifty-aaa-psu-bond-plus-sdl-sep-2026-maturity-50-50-index-fund-direct-growth-inf204kc1683/
Nippon India Nifty Aaa Psu Bond Plus Sdl Sep 2026 Maturity 50 50 Index Fund Regular Growth,https://www.dezerv.in/mutual-funds/nippon-india-nifty-aaa-psu-bond-plus-sdl-sep-2026-maturity-50-50-index-fund-regular-growth-inf204kc1659/
Nippon India Nifty Alpha Low Volatility 30 Index Fund Direct Growth,https://www.dezerv.in/mutual-funds/nippon-india-nifty-alpha-low-volatility-30-index-fund-direct-growth-inf204kc1584/
Nippon India Nifty Alpha Low Volatility 30 Index Fund Regular Growth,https://www.dezerv.in/mutual-funds/nippon-india-nifty-alpha-low-volatility-30-index-fund-regular-growth-inf204kc1550/
Nippon India Nifty Auto Etf,https://www.dezerv.in/mutual-funds/nippon-india-nifty-auto-etf-inf204kc1337/
Nippon India Nifty Auto Index Fund Direct Growth,https://www.dezerv.in/mutual-funds/nippon-india-nifty-auto-index-fund-direct-growth-inf204kc1ee8/
Nippon India Nifty Auto Index Fund Regular Growth,https://www.dezerv.in/mutual-funds/nippon-india-nifty-auto-index-fund-regular-growth-inf204kc1eb4/
Nippon India Nifty Bank Index Fund Direct Growth,https://www.dezerv.in/mutual-funds/nippon-india-nifty-bank-index-fund-direct-growth-inf204kc1by2/
Nippon India Nifty Bank Index Fund Regular Growth,https://www.dezerv.in/mutual-funds/nippon-india-nifty-bank-index-fund-regular-growth-inf204kc1bv8/
Nippon India Nifty G Sec Jun 2036 Maturity Index Fund Direct Growth,https://www.dezerv.in/mutual-funds/nippon-india-nifty-g-sec-jun-2036-maturity-index-fund-direct-growth-inf204kc1ac0/
Nippon India Nifty G Sec Jun 2036 Maturity Index Fund Regular Growth,https://www.dezerv.in/mutual-funds/nippon-india-nifty-g-sec-jun-2036-maturity-index-fund-regular-growth-inf204kc1998/
Nippon India Nifty G Sec Oct 2028 Maturity Index Fund Direct Growth,https://www.dezerv.in/mutual-funds/nippon-india-nifty-g-sec-oct-2028-maturity-index-fund-direct-growth-inf204kc1ao5/
Nippon India Nifty G Sec Oct 2028 Maturity Index Fund Regular Growth,https://www.dezerv.in/mutual-funds/nippon-india-nifty-g-sec-oct-2028-maturity-index-fund-regular-growth-inf204kc1al1/
Nippon India Nifty G Sec Sep 2027 Maturity Index Fund Direct Growth,https://www.dezerv.in/mutual-funds/nippon-india-nifty-g-sec-sep-2027-maturity-index-fund-direct-growth-inf204kc1881/
Nippon India Nifty G Sec Sep 2027 Maturity Index Fund Regular Growth,https://www.dezerv.in/mutual-funds/nippon-india-nifty-g-sec-sep-2027-maturity-index-fund-regular-growth-inf204kc1857/
Nippon India Nifty India Manufacturing Etf,https://www.dezerv.in/mutual-funds/nippon-india-nifty-india-manufacturing-etf-inf204kc1gh6/
Nippon India Nifty India Manufacturing Index Fund Direct Growth,https://www.dezerv.in/mutual-funds/nippon-india-nifty-india-manufacturing-index-fund-direct-growth-inf204kc1gl8/
Nippon India Nifty India Manufacturing Index Fund Regular Growth,https://www.dezerv.in/mutual-funds/nippon-india-nifty-india-manufacturing-index-fund-regular-growth-inf204kc1gi4/
Nippon India Nifty It Index Fund Direct Growth,https://www.dezerv.in/mutual-funds/nippon-india-nifty-it-index-fund-direct-growth-inf204kc1ce2/
Nippon India Nifty It Index Fund Regular Growth,https://www.dezerv.in/mutual-funds/nippon-india-nifty-it-index-fund-regular-growth-inf204kc1cb8/
Nippon India Nifty Midcap 150 Index Fund Direct Growth,https://www.dezerv.in/mutual-funds/nippon-india-nifty-midcap-150-index-fund-direct-growth-inf204kb18z7/
Nippon India Nifty Midcap 150 Index Fund Regular Growth,https://www.dezerv.in/mutual-funds/nippon-india-nifty-midcap-150-index-fund-regular-growth-inf204kb15z3/
Nippon India Nifty Next 50 Junior Bees Fof Direct Growth,https://www.dezerv.in/mutual-funds/nippon-india-nifty-next-50-junior-bees-fof-direct-growth-inf204kb1x25/
Nippon India Nifty Next 50 Junior Bees Fof Regular Growth,https://www.dezerv.in/mutual-funds/nippon-india-nifty-next-50-junior-bees-fof-regular-growth-inf204kb1w91/
Nippon India Nifty Pharma Etf,https://www.dezerv.in/mutual-funds/nippon-india-nifty-pharma-etf-inf204kc1089/
Nippon India Nifty Realty Index Fund Direct Growth,https://www.dezerv.in/mutual-funds/nippon-india-nifty-realty-index-fund-direct-growth-inf204kc1dy8/
Nippon India Nifty Realty Index Fund Regular Growth,https://www.dezerv.in/mutual-funds/nippon-india-nifty-realty-index-fund-regular-growth-inf204kc1dv4/
Nippon India Nifty Sdl Plus G Sec Jun 2028 Maturity 70 30 Index Fund Direct Growth,https://www.dezerv.in/mutual-funds/nippon-india-nifty-sdl-plus-g-sec-jun-2028-maturity-70-30-index-fund-direct-growth-inf204kc1741/
Nippon India Nifty Sdl Plus G Sec Jun 2028 Maturity 70 30 Index Fund Regular Growth,https://www.dezerv.in/mutual-funds/nippon-india-nifty-sdl-plus-g-sec-jun-2028-maturity-70-30-index-fund-regular-growth-inf204kc1717/
Nippon India Nifty Sdl Plus G Sec Jun 2029 Maturity 70 30 Index Fund Direct Growth,https://www.dezerv.in/mutual-funds/nippon-india-nifty-sdl-plus-g-sec-jun-2029-maturity-70-30-index-fund-direct-growth-inf204kc1ai7/
Nippon India Nifty Sdl Plus G Sec Jun 2029 Maturity 70 30 Index Fund Regular Growth,https://www.dezerv.in/mutual-funds/nippon-india-nifty-sdl-plus-g-sec-jun-2029-maturity-70-30-index-fund-regular-growth-inf204kc1af3/
Nippon India Nifty Smallcap 250 Index Fund Direct Growth,https://www.dezerv.in/mutual-funds/nippon-india-nifty-smallcap-250-index-fund-direct-growth-inf204kb15w0/
Nippon India Nifty Smallcap 250 Index Fund Regular Growth,https://www.dezerv.in/mutual-funds/nippon-india-nifty-smallcap-250-index-fund-regular-growth-inf204kb12w7/
Nippon India Nivesh Lakshya Fund Direct Growth,https://www.dezerv.in/mutual-funds/nippon-india-nivesh-lakshya-fund-direct-growth-inf204kb1yq1/
Nippon India Nivesh Lakshya Fund Regular Growth,https://www.dezerv.in/mutual-funds/nippon-india-nivesh-lakshya-fund-regular-growth-inf204kb1zb0/
Nippon India Overnight Fund Direct Growth,https://www.dezerv.in/mutual-funds/nippon-india-overnight-fund-direct-growth-inf204kb1r31/
Nippon India Overnight Fund Regular Growth,https://www.dezerv.in/mutual-funds/nippon-india-overnight-fund-regular-growth-inf204kb1q65/
Nippon India Passive Flexicap Fof Direct Growth,https://www.dezerv.in/mutual-funds/nippon-india-passive-flexicap-fof-direct-growth-inf204kb16x6/
Nippon India Passive Flexicap Fof Regular Growth,https://www.dezerv.in/mutual-funds/nippon-india-passive-flexicap-fof-regular-growth-inf204kb13x3/
Nippon India Pharma Fund Direct Growth,https://www.dezerv.in/mutual-funds/nippon-india-pharma-fund-direct-growth-inf204k01i50/
Nippon India Pharma Fund Regular Growth,https://www.dezerv.in/mutual-funds/nippon-india-pharma-fund-regular-growth-inf204k01968/
Nippon India Power Infra Fund Direct Growth,https://www.dezerv.in/mutual-funds/nippon-india-power-infra-fund-direct-growth-inf204k01i92/
Nippon India Power Infra Fund Regular Growth,https://www.dezerv.in/mutual-funds/nippon-india-power-infra-fund-regular-growth-inf204k01ae0/
Nippon India Quant Fund Direct Growth,https://www.dezerv.in/mutual-funds/nippon-india-quant-fund-direct-growth-inf204k01j34/
Nippon India Quant Fund Regular Growth,https://www.dezerv.in/mutual-funds/nippon-india-quant-fund-regular-growth-inf204k01760/
Nippon India Retirement Fund Income Generation Scheme Direct Growth,https://www.dezerv.in/mutual-funds/nippon-india-retirement-fund-income-generation-scheme-direct-growth-inf204ka1c30/
Nippon India Retirement Fund Income Generation Scheme Regular Growth,https://www.dezerv.in/mutual-funds/nippon-india-retirement-fund-income-generation-scheme-regular-growth-inf204ka1c22/
Nippon India Retirement Fund Wealth Creation Scheme Direct Growth,https://www.dezerv.in/mutual-funds/nippon-india-retirement-fund-wealth-creation-scheme-direct-growth-inf204ka1b72/
Nippon India Retirement Fund Wealth Creation Scheme Regular Growth,https://www.dezerv.in/mutual-funds/nippon-india-retirement-fund-wealth-creation-scheme-regular-growth-inf204ka1b64/
Nippon India Short Term Fund Direct Growth,https://www.dezerv.in/mutual-funds/nippon-india-short-term-fund-direct-growth-inf204k01b32/
Nippon India Short Term Fund Regular Growth,https://www.dezerv.in/mutual-funds/nippon-india-short-term-fund-regular-growth-inf204k01fl4/
Nippon India Silver Etf Fund Of Fund Fof Direct Growth,https://www.dezerv.in/mutual-funds/nippon-india-silver-etf-fund-of-fund-fof-direct-growth-inf204kc1378/
Nippon India Silver Etf Fund Of Fund Fof Regular Growth,https://www.dezerv.in/mutual-funds/nippon-india-silver-etf-fund-of-fund-fof-regular-growth-inf204kc1345/
Nippon India Silver Etf,https://www.dezerv.in/mutual-funds/nippon-india-silver-etf-inf204kc1402/
Nippon India Small Cap Fund Direct Growth,https://www.dezerv.in/mutual-funds/nippon-india-small-cap-fund-direct-growth-inf204k01k15/
Nippon India Small Cap Fund Regular Growth,https://www.dezerv.in/mutual-funds/nippon-india-small-cap-fund-regular-growth-inf204k01hy3/
Nippon India Strategic Debt Fund Direct Growth,https://www.dezerv.in/mutual-funds/nippon-india-strategic-debt-fund-direct-growth-inf204ka1qf1/
Nippon India Strategic Debt Fund Regular Growth,https://www.dezerv.in/mutual-funds/nippon-india-strategic-debt-fund-regular-growth-inf204ka1pz1/
Nippon India Strategic Debt Fund Segregated Portfolio 1 Direct Growth,https://www.dezerv.in/mutual-funds/nippon-india-strategic-debt-fund-segregated-portfolio-1-direct-growth-inf204kb18m5/
Nippon India Strategic Debt Fund Segregated Portfolio 1 Regular Growth,https://www.dezerv.in/mutual-funds/nippon-india-strategic-debt-fund-segregated-portfolio-1-regular-growth-inf204kb14n2/
Nippon India Strategic Debt Fund Segregated Portfolio 2 Direct Growth,https://www.dezerv.in/mutual-funds/nippon-india-strategic-debt-fund-segregated-portfolio-2-direct-growth-inf204kb10r1/
Nippon India Strategic Debt Fund Segregated Portfolio 2 Regular Growth,https://www.dezerv.in/mutual-funds/nippon-india-strategic-debt-fund-segregated-portfolio-2-regular-growth-inf204kb16r8/
Nippon India Taiwan Equity Fund Direct Growth,https://www.dezerv.in/mutual-funds/nippon-india-taiwan-equity-fund-direct-growth-inf204kc1303/
Nippon India Taiwan Equity Fund Regular Growth,https://www.dezerv.in/mutual-funds/nippon-india-taiwan-equity-fund-regular-growth-inf204kc1279/
Nippon India Tax Saver Elss Fund Direct Growth,https://www.dezerv.in/mutual-funds/nippon-india-tax-saver-elss-fund-direct-growth-inf204k01l55/
Nippon India Tax Saver Elss Fund Regular Growth,https://www.dezerv.in/mutual-funds/nippon-india-tax-saver-elss-fund-regular-growth-inf204k01gk4/
Nippon India Ultra Short Duration Fund Direct Growth,https://www.dezerv.in/mutual-funds/nippon-india-ultra-short-duration-fund-direct-growth-inf204k01yh3/
Nippon India Ultra Short Duration Fund Regular Growth,https://www.dezerv.in/mutual-funds/nippon-india-ultra-short-duration-fund-regular-growth-inf204k01ue8/
Nippon India Ultra Short Duration Fund Segregated Portfolio 1 Direct Growth,https://www.dezerv.in/mutual-funds/nippon-india-ultra-short-duration-fund-segregated-portfolio-1-direct-growth-inf204kb10h2/
Nippon India Ultra Short Duration Fund Segregated Portfolio 1 Regular Growth,https://www.dezerv.in/mutual-funds/nippon-india-ultra-short-duration-fund-segregated-portfolio-1-regular-growth-inf204kb17h7/
Nippon India Us Equity Opportunities Fund Direct Growth,https://www.dezerv.in/mutual-funds/nippon-india-us-equity-opportunities-fund-direct-growth-inf204ka15g5/
Nippon India Us Equity Opportunities Fund Regular Growth,https://www.dezerv.in/mutual-funds/nippon-india-us-equity-opportunities-fund-regular-growth-inf204ka12g2/
Nippon India Value Fund Direct Growth,https://www.dezerv.in/mutual-funds/nippon-india-value-fund-direct-growth-inf204k01k49/
Nippon India Value Fund Regular Growth,https://www.dezerv.in/mutual-funds/nippon-india-value-fund-regular-growth-inf204k01gb3/
Nippon India Vision Fund Direct Growth,https://www.dezerv.in/mutual-funds/nippon-india-vision-fund-direct-growth-inf204k01f20/
Nippon India Vision Fund Regular Growth,https://www.dezerv.in/mutual-funds/nippon-india-vision-fund-regular-growth-inf204k01406/
Nj Arbitrage Fund Direct Growth,https://www.dezerv.in/mutual-funds/nj-arbitrage-fund-direct-growth-inf0j8l01065/
Nj Arbitrage Fund Regular Growth,https://www.dezerv.in/mutual-funds/nj-arbitrage-fund-regular-growth-inf0j8l01057/
Nj Balanced Advantage Fund Direct Growth,https://www.dezerv.in/mutual-funds/nj-balanced-advantage-fund-direct-growth-inf0j8l01040/
Nj Balanced Advantage Fund Regular Growth,https://www.dezerv.in/mutual-funds/nj-balanced-advantage-fund-regular-growth-inf0j8l01024/
Nj Elss Tax Saver Scheme Direct Growth,https://www.dezerv.in/mutual-funds/nj-elss-tax-saver-scheme-direct-growth-inf0j8l01115/
Nj Elss Tax Saver Scheme Regular Growth,https://www.dezerv.in/mutual-funds/nj-elss-tax-saver-scheme-regular-growth-inf0j8l01099/
Nj Flexi Cap Fund Direct Growth,https://www.dezerv.in/mutual-funds/nj-flexi-cap-fund-direct-growth-inf0j8l01156/
Nj Flexi Cap Fund Regular Growth,https://www.dezerv.in/mutual-funds/nj-flexi-cap-fund-regular-growth-inf0j8l01131/
Nj Overnight Fund Direct Growth,https://www.dezerv.in/mutual-funds/nj-overnight-fund-direct-growth-inf0j8l01081/
Nj Overnight Fund Regular Growth,https://www.dezerv.in/mutual-funds/nj-overnight-fund-regular-growth-inf0j8l01073/
Old Bridge Arbitrage Fund Direct Growth,https://www.dezerv.in/mutual-funds/old-bridge-arbitrage-fund-direct-growth-inf0s5r01125/
Old Bridge Arbitrage Fund Regular Growth,https://www.dezerv.in/mutual-funds/old-bridge-arbitrage-fund-regular-growth-inf0s5r01091/
Old Bridge Flexi Cap Fund Direct Growth,https://www.dezerv.in/mutual-funds/old-bridge-flexi-cap-fund-direct-growth-inf0s5r01133/
Old Bridge Flexi Cap Fund Regular Growth,https://www.dezerv.in/mutual-funds/old-bridge-flexi-cap-fund-regular-growth-inf0s5r01166/
Old Bridge Focused Equity Fund Direct Growth,https://www.dezerv.in/mutual-funds/old-bridge-focused-equity-fund-direct-growth-inf0s5r01042/
Old Bridge Focused Equity Fund Regular Growth,https://www.dezerv.in/mutual-funds/old-bridge-focused-equity-fund-regular-growth-inf0s5r01034/
Parag Parikh Arbitrage Fund Direct Growth,https://www.dezerv.in/mutual-funds/parag-parikh-arbitrage-fund-direct-growth-inf879o01225/
Parag Parikh Arbitrage Fund Regular Growth,https://www.dezerv.in/mutual-funds/parag-parikh-arbitrage-fund-regular-growth-inf879o01217/
Parag Parikh Conservative Hybrid Fund Direct Growth,https://www.dezerv.in/mutual-funds/parag-parikh-conservative-hybrid-fund-direct-growth-inf879o01175/
Parag Parikh Conservative Hybrid Fund Regular Growth,https://www.dezerv.in/mutual-funds/parag-parikh-conservative-hybrid-fund-regular-growth-inf879o01209/
Parag Parikh Dynamic Asset Allocation Fund Direct Growth,https://www.dezerv.in/mutual-funds/parag-parikh-dynamic-asset-allocation-fund-direct-growth-inf879o01266/
Parag Parikh Dynamic Asset Allocation Fund Regular Growth,https://www.dezerv.in/mutual-funds/parag-parikh-dynamic-asset-allocation-fund-regular-growth-inf879o01233/
Parag Parikh Flexi Cap Fund Direct Growth,https://www.dezerv.in/mutual-funds/parag-parikh-flexi-cap-fund-direct-growth-inf879o01027/
Parag Parikh Flexi Cap Fund Regular Growth,https://www.dezerv.in/mutual-funds/parag-parikh-flexi-cap-fund-regular-growth-inf879o01019/
Parag Parikh Large Cap Fund Direct Growth,https://www.dezerv.in/mutual-funds/parag-parikh-large-cap-fund-direct-growth-inf879o01332/
Parag Parikh Large Cap Fund Regular Growth,https://www.dezerv.in/mutual-funds/parag-parikh-large-cap-fund-regular-growth-inf879o01365/
Parag Parikh Liquid Fund Direct Growth,https://www.dezerv.in/mutual-funds/parag-parikh-liquid-fund-direct-growth-inf879o01068/
Parag Parikh Liquid Fund Regular Growth,https://www.dezerv.in/mutual-funds/parag-parikh-liquid-fund-regular-growth-inf879o01035/
Parag Parikh Tax Saver Fund Direct Growth,https://www.dezerv.in/mutual-funds/parag-parikh-tax-saver-fund-direct-growth-inf879o01100/
Parag Parikh Tax Saver Fund Regular Growth,https://www.dezerv.in/mutual-funds/parag-parikh-tax-saver-fund-regular-growth-inf879o01092/
Pgim India Arbitrage Fund Direct Growth,https://www.dezerv.in/mutual-funds/pgim-india-arbitrage-fund-direct-growth-inf223j013n7/
Pgim India Arbitrage Fund Regular Growth,https://www.dezerv.in/mutual-funds/pgim-india-arbitrage-fund-regular-growth-inf223j019n4/
Pgim India Balanced Advantage Fund Direct Growth,https://www.dezerv.in/mutual-funds/pgim-india-balanced-advantage-fund-direct-growth-inf663l01v49/
Pgim India Balanced Advantage Fund Regular Growth,https://www.dezerv.in/mutual-funds/pgim-india-balanced-advantage-fund-regular-growth-inf663l01v72/
Pgim India Banking And Psu Debt Fund Direct Growth,https://www.dezerv.in/mutual-funds/pgim-india-banking-and-psu-debt-fund-direct-growth-inf223j01sz9/
Pgim India Banking And Psu Debt Fund Regular Growth,https://www.dezerv.in/mutual-funds/pgim-india-banking-and-psu-debt-fund-regular-growth-inf223j01sw6/
Pgim India Corporate Bond Fund Direct Growth,https://www.dezerv.in/mutual-funds/pgim-india-corporate-bond-fund-direct-growth-inf223j01oo2/
Pgim India Corporate Bond Fund Regular Growth,https://www.dezerv.in/mutual-funds/pgim-india-corporate-bond-fund-regular-growth-inf223j01db2/
Pgim India Credit Risk Fund Segregated Plan 1 Direct Growth,https://www.dezerv.in/mutual-funds/pgim-india-credit-risk-fund-segregated-plan-1-direct-growth-inf663l01u65/
Pgim India Credit Risk Fund Segregated Plan 1 Regular Growth,https://www.dezerv.in/mutual-funds/pgim-india-credit-risk-fund-segregated-plan-1-regular-growth-inf663l01v07/
Pgim India Crisil Ibx Gilt Index Apr 2028 Fund Direct Growth,https://www.dezerv.in/mutual-funds/pgim-india-crisil-ibx-gilt-index-apr-2028-fund-direct-growth-inf663l01x21/
Pgim India Crisil Ibx Gilt Index Apr 2028 Fund Regular Growth,https://www.dezerv.in/mutual-funds/pgim-india-crisil-ibx-gilt-index-apr-2028-fund-regular-growth-inf663l01x54/
Pgim India Dynamic Bond Direct Growth,https://www.dezerv.in/mutual-funds/pgim-india-dynamic-bond-direct-growth-inf663l01ad7/
Pgim India Dynamic Bond Regular Growth,https://www.dezerv.in/mutual-funds/pgim-india-dynamic-bond-regular-growth-inf663l01484/
Pgim India Elss Tax Saver Fund Direct Growth,https://www.dezerv.in/mutual-funds/pgim-india-elss-tax-saver-fund-direct-growth-inf663l01fn5/
Pgim India Elss Tax Saver Fund Regular Growth,https://www.dezerv.in/mutual-funds/pgim-india-elss-tax-saver-fund-regular-growth-inf663l01fq8/
Pgim India Emerging Markets Equity Fund Direct Growth,https://www.dezerv.in/mutual-funds/pgim-india-emerging-markets-equity-fund-direct-growth-inf223j01nl0/
Pgim India Emerging Markets Equity Fund Regular Growth,https://www.dezerv.in/mutual-funds/pgim-india-emerging-markets-equity-fund-regular-growth-inf223j01ay0/
Pgim India Equity Savings Fund Direct Growth,https://www.dezerv.in/mutual-funds/pgim-india-equity-savings-fund-direct-growth-inf223j01qd0/
Pgim India Equity Savings Fund Regular Growth,https://www.dezerv.in/mutual-funds/pgim-india-equity-savings-fund-regular-growth-inf223j01fb7/
Pgim India Fixed Duration Fund Series Bf Direct Growth,https://www.dezerv.in/mutual-funds/pgim-india-fixed-duration-fund-series-bf-direct-growth-inf663l01n23/
Pgim India Fixed Duration Fund Series Bf Regular Growth,https://www.dezerv.in/mutual-funds/pgim-india-fixed-duration-fund-series-bf-regular-growth-inf663l01n72/
Pgim India Fixed Duration Fund Series Bg Direct Growth,https://www.dezerv.in/mutual-funds/pgim-india-fixed-duration-fund-series-bg-direct-growth-inf663l01o22/
Pgim India Fixed Duration Fund Series Bg Regular Growth,https://www.dezerv.in/mutual-funds/pgim-india-fixed-duration-fund-series-bg-regular-growth-inf663l01o71/
Pgim India Fixed Duration Fund Series Bh Direct Growth,https://www.dezerv.in/mutual-funds/pgim-india-fixed-duration-fund-series-bh-direct-growth-inf663l01p21/
Pgim India Fixed Duration Fund Series Bh Regular Growth,https://www.dezerv.in/mutual-funds/pgim-india-fixed-duration-fund-series-bh-regular-growth-inf663l01p70/
Pgim India Fixed Duration Fund Series Bi Direct Growth,https://www.dezerv.in/mutual-funds/pgim-india-fixed-duration-fund-series-bi-direct-growth-inf663l01q20/
Pgim India Fixed Duration Fund Series Bi Regular Growth,https://www.dezerv.in/mutual-funds/pgim-india-fixed-duration-fund-series-bi-regular-growth-inf663l01q79/
Pgim India Fixed Duration Fund Series Bj Direct Growth,https://www.dezerv.in/mutual-funds/pgim-india-fixed-duration-fund-series-bj-direct-growth-inf663l01r29/
Pgim India Fixed Duration Fund Series Bj Regular Growth,https://www.dezerv.in/mutual-funds/pgim-india-fixed-duration-fund-series-bj-regular-growth-inf663l01r78/
Pgim India Flexi Cap Fund Direct Growth,https://www.dezerv.in/mutual-funds/pgim-india-flexi-cap-fund-direct-growth-inf663l01ff1/
Pgim India Flexi Cap Fund Regular Growth,https://www.dezerv.in/mutual-funds/pgim-india-flexi-cap-fund-regular-growth-inf663l01fj3/
Pgim India Gilt Fund Direct Growth,https://www.dezerv.in/mutual-funds/pgim-india-gilt-fund-direct-growth-inf223j01nd7/
Pgim India Gilt Fund Regular Growth,https://www.dezerv.in/mutual-funds/pgim-india-gilt-fund-regular-growth-inf223j01aq6/
Pgim India Global Equity Opportunities Fund Direct Growth,https://www.dezerv.in/mutual-funds/pgim-india-global-equity-opportunities-fund-direct-growth-inf223j01nf2/
Pgim India Global Equity Opportunities Fund Regular Growth,https://www.dezerv.in/mutual-funds/pgim-india-global-equity-opportunities-fund-regular-growth-inf223j01au8/
Pgim India Global Select Real Estate Securities Fund Of Fund Direct Growth,https://www.dezerv.in/mutual-funds/pgim-india-global-select-real-estate-securities-fund-of-fund-direct-growth-inf663l01w63/
Pgim India Global Select Real Estate Securities Fund Of Fund Regular Growth,https://www.dezerv.in/mutual-funds/pgim-india-global-select-real-estate-securities-fund-of-fund-regular-growth-inf663l01w97/
Pgim India Healthcare Fund Direct Growth,https://www.dezerv.in/mutual-funds/pgim-india-healthcare-fund-direct-growth-inf663l01z45/
Pgim India Healthcare Fund Regular Growth,https://www.dezerv.in/mutual-funds/pgim-india-healthcare-fund-regular-growth-inf663l01z52/
Pgim India Hybrid Equity Fund Direct Growth,https://www.dezerv.in/mutual-funds/pgim-india-hybrid-equity-fund-direct-growth-inf663l01gx2/
Pgim India Hybrid Equity Fund Regular Growth,https://www.dezerv.in/mutual-funds/pgim-india-hybrid-equity-fund-regular-growth-inf663l01hc4/
Pgim India Large And Mid Cap Fund Direct Growth,https://www.dezerv.in/mutual-funds/pgim-india-large-and-mid-cap-fund-direct-growth-inf663l01y12/
Pgim India Large And Mid Cap Fund Regular Growth,https://www.dezerv.in/mutual-funds/pgim-india-large-and-mid-cap-fund-regular-growth-inf663l01x88/
Pgim India Large Cap Fund Direct Growth,https://www.dezerv.in/mutual-funds/pgim-india-large-cap-fund-direct-growth-inf663l01gr4/
Pgim India Large Cap Fund Regular Growth,https://www.dezerv.in/mutual-funds/pgim-india-large-cap-fund-regular-growth-inf663l01gw4/
Pgim India Liquid Fund Direct Growth,https://www.dezerv.in/mutual-funds/pgim-india-liquid-fund-direct-growth-inf223j01ns5/
Pgim India Liquid Fund Regular Growth,https://www.dezerv.in/mutual-funds/pgim-india-liquid-fund-regular-growth-inf223j01bj9/
Pgim India Low Duration Fund Direct Growth,https://www.dezerv.in/mutual-funds/pgim-india-low-duration-fund-direct-growth-inf663l01he0/
Pgim India Low Duration Fund Regular Growth,https://www.dezerv.in/mutual-funds/pgim-india-low-duration-fund-regular-growth-inf663l01hv4/
Pgim India Midcap Opportunities Fund Direct Growth,https://www.dezerv.in/mutual-funds/pgim-india-midcap-opportunities-fund-direct-growth-inf663l01dv3/
Pgim India Midcap Opportunities Fund Regular Growth,https://www.dezerv.in/mutual-funds/pgim-india-midcap-opportunities-fund-regular-growth-inf663l01dz4/
Pgim India Money Market Fund Direct Growth,https://www.dezerv.in/mutual-funds/pgim-india-money-market-fund-direct-growth-inf663l01t84/
Pgim India Money Market Fund Regular Growth,https://www.dezerv.in/mutual-funds/pgim-india-money-market-fund-regular-growth-inf663l01u24/
Pgim India Multi Asset Allocation Fund Direct Growth,https://www.dezerv.in/mutual-funds/pgim-india-multi-asset-allocation-fund-direct-growth-inf663l010a3/
Pgim India Multi Asset Allocation Fund Regular Growth,https://www.dezerv.in/mutual-funds/pgim-india-multi-asset-allocation-fund-regular-growth-inf663l013a7/
Pgim India Multi Cap Fund Direct Growth,https://www.dezerv.in/mutual-funds/pgim-india-multi-cap-fund-direct-growth-inf663l01z03/
Pgim India Multi Cap Fund Regular Growth,https://www.dezerv.in/mutual-funds/pgim-india-multi-cap-fund-regular-growth-inf663l01y87/
Pgim India Overnight Fund Direct Growth,https://www.dezerv.in/mutual-funds/pgim-india-overnight-fund-direct-growth-inf663l01t01/
Pgim India Overnight Fund Regular Growth,https://www.dezerv.in/mutual-funds/pgim-india-overnight-fund-regular-growth-inf663l01t43/
Pgim India Retirement Fund Direct Growth,https://www.dezerv.in/mutual-funds/pgim-india-retirement-fund-direct-growth-inf663l01y61/
Pgim India Retirement Fund Regular Growth,https://www.dezerv.in/mutual-funds/pgim-india-retirement-fund-regular-growth-inf663l01y46/
Pgim India Short Duration Fund Direct Growth,https://www.dezerv.in/mutual-funds/pgim-india-short-duration-fund-direct-growth-inf223j01ow5/
Pgim India Short Duration Fund Regular Growth,https://www.dezerv.in/mutual-funds/pgim-india-short-duration-fund-regular-growth-inf223j01dt4/
Pgim India Small Cap Fund Direct Growth,https://www.dezerv.in/mutual-funds/pgim-india-small-cap-fund-direct-growth-inf663l01w06/
Pgim India Small Cap Fund Regular Growth,https://www.dezerv.in/mutual-funds/pgim-india-small-cap-fund-regular-growth-inf663l01w30/
Pgim India Ultra Short Duration Fund Direct Growth,https://www.dezerv.in/mutual-funds/pgim-india-ultra-short-duration-fund-direct-growth-inf223j01qo7/
Pgim India Ultra Short Duration Fund Regular Growth,https://www.dezerv.in/mutual-funds/pgim-india-ultra-short-duration-fund-regular-growth-inf223j01fk8/
Qsif Active Asset Allocator Long Short Fund Regular Growth,https://www.dezerv.in/mutual-funds/qsif-active-asset-allocator-long-short-fund-regular-growth-inf966l30217/
Qsif Active Asset Allocator Long Short Fund Regular Growth,https://www.dezerv.in/mutual-funds/qsif-active-asset-allocator-long-short-fund-regular-growth-inf966l30241/
Qsif Equity Ex Top 100 Long Short Fund Direct Growth,https://www.dezerv.in/mutual-funds/qsif-equity-ex-top-100-long-short-fund-direct-growth-inf966l30159/
Qsif Equity Ex Top 100 Long Short Fund Regular Growth,https://www.dezerv.in/mutual-funds/qsif-equity-ex-top-100-long-short-fund-regular-growth-inf966l30183/
Qsif Equity Long Short Fund Direct Growth,https://www.dezerv.in/mutual-funds/qsif-equity-long-short-fund-direct-growth-inf966l30019/
Qsif Equity Long Short Fund Regular Growth,https://www.dezerv.in/mutual-funds/qsif-equity-long-short-fund-regular-growth-inf966l30027/
Qsif Hybrid Long Short Fund Direct Growth,https://www.dezerv.in/mutual-funds/qsif-hybrid-long-short-fund-direct-growth-inf966l30076/
Qsif Hybrid Long Short Fund Regular Growth,https://www.dezerv.in/mutual-funds/qsif-hybrid-long-short-fund-regular-growth-inf966l30084/
Qsif Sector Rotation Long Short Fund Direct Growth,https://www.dezerv.in/mutual-funds/qsif-sector-rotation-long-short-fund-direct-growth-inf966l30274/
Qsif Sector Rotation Long Short Fund Regular Growth,https://www.dezerv.in/mutual-funds/qsif-sector-rotation-long-short-fund-regular-growth-inf966l30308/
Quant Absolute Fund Direct Growth,https://www.dezerv.in/mutual-funds/quant-absolute-fund-direct-growth-inf966l01556/
Quant Absolute Fund Regular Growth,https://www.dezerv.in/mutual-funds/quant-absolute-fund-regular-growth-inf966l01267/
Quant Active Fund Direct Growth,https://www.dezerv.in/mutual-funds/quant-active-fund-direct-growth-inf966l01614/
Quant Active Fund Regular Growth,https://www.dezerv.in/mutual-funds/quant-active-fund-regular-growth-inf966l01234/
Quant Arbitrage Fund Direct Growth,https://www.dezerv.in/mutual-funds/quant-arbitrage-fund-direct-growth-inf966l01dw8/
Quant Arbitrage Fund Regular Growth,https://www.dezerv.in/mutual-funds/quant-arbitrage-fund-regular-growth-inf966l01dz1/
Quant Bfsi Fund Direct Growth,https://www.dezerv.in/mutual-funds/quant-bfsi-fund-direct-growth-inf966l01bx0/
Quant Bfsi Fund Regular Growth,https://www.dezerv.in/mutual-funds/quant-bfsi-fund-regular-growth-inf966l01ca6/
Quant Business Cycle Fund Direct Growth,https://www.dezerv.in/mutual-funds/quant-business-cycle-fund-direct-growth-inf966l01br2/
Quant Business Cycle Fund Regular Growth,https://www.dezerv.in/mutual-funds/quant-business-cycle-fund-regular-growth-inf966l01bu6/
Quant Commodities Fund Direct Growth,https://www.dezerv.in/mutual-funds/quant-commodities-fund-direct-growth-inf966l01df3/
Quant Commodities Fund Regular Growth,https://www.dezerv.in/mutual-funds/quant-commodities-fund-regular-growth-inf966l01dc0/
Quant Consumption Fund Direct Growth,https://www.dezerv.in/mutual-funds/quant-consumption-fund-direct-growth-inf966l01dn7/
Quant Consumption Fund Regular Growth,https://www.dezerv.in/mutual-funds/quant-consumption-fund-regular-growth-inf966l01di7/
Quant Dynamic Asset Allocation Fund Direct Growth,https://www.dezerv.in/mutual-funds/quant-dynamic-asset-allocation-fund-direct-growth-inf966l01bl5/
Quant Dynamic Asset Allocation Fund Regular Growth,https://www.dezerv.in/mutual-funds/quant-dynamic-asset-allocation-fund-regular-growth-inf966l01bo9/
Quant Equity Savings Fund Direct Growth,https://www.dezerv.in/mutual-funds/quant-equity-savings-fund-direct-growth-inf966l01ec8/
Quant Equity Savings Fund Regular Growth,https://www.dezerv.in/mutual-funds/quant-equity-savings-fund-regular-growth-inf966l01ef1/
Quant Esg Equity Fund Direct Growth,https://www.dezerv.in/mutual-funds/quant-esg-equity-fund-direct-growth-inf966l01ad4/
Quant Esg Equity Fund Regular Growth,https://www.dezerv.in/mutual-funds/quant-esg-equity-fund-regular-growth-inf966l01ab8/
Quant Flexi Cap Fund Direct Growth,https://www.dezerv.in/mutual-funds/quant-flexi-cap-fund-direct-growth-inf966l01911/
Quant Flexi Cap Fund Regular Growth,https://www.dezerv.in/mutual-funds/quant-flexi-cap-fund-regular-growth-inf966l01457/
Quant Focused Fund Direct Growth,https://www.dezerv.in/mutual-funds/quant-focused-fund-direct-growth-inf966l01853/
Quant Focused Fund Regular Growth,https://www.dezerv.in/mutual-funds/quant-focused-fund-regular-growth-inf966l01374/
Quant Gilt Fund Direct Growth,https://www.dezerv.in/mutual-funds/quant-gilt-fund-direct-growth-inf966l01bf7/
Quant Gilt Fund Regular Growth,https://www.dezerv.in/mutual-funds/quant-gilt-fund-regular-growth-inf966l01bi1/
Quant Healthcare Fund Direct Growth,https://www.dezerv.in/mutual-funds/quant-healthcare-fund-direct-growth-inf966l01cd0/
Quant Healthcare Fund Regular Growth,https://www.dezerv.in/mutual-funds/quant-healthcare-fund-regular-growth-inf966l01cg3/
Quant Infrastructure Fund Direct Growth,https://www.dezerv.in/mutual-funds/quant-infrastructure-fund-direct-growth-inf966l01721/
Quant Infrastructure Fund Regular Growth,https://www.dezerv.in/mutual-funds/quant-infrastructure-fund-regular-growth-inf966l01523/
Quant Large And Mid Cap Fund Direct Growth,https://www.dezerv.in/mutual-funds/quant-large-and-mid-cap-fund-direct-growth-inf966l01648/
Quant Large And Mid Cap Fund Regular Growth,https://www.dezerv.in/mutual-funds/quant-large-and-mid-cap-fund-regular-growth-inf966l01341/
Quant Large Cap Fund Direct Growth,https://www.dezerv.in/mutual-funds/quant-large-cap-fund-direct-growth-inf966l01at0/
Quant Large Cap Fund Regular Growth,https://www.dezerv.in/mutual-funds/quant-large-cap-fund-regular-growth-inf966l01aw4/
Quant Liquid Plan Direct Growth,https://www.dezerv.in/mutual-funds/quant-liquid-plan-direct-growth-inf966l01820/
Quant Liquid Plan Regular Growth,https://www.dezerv.in/mutual-funds/quant-liquid-plan-regular-growth-inf966l01317/
Quant Manufacturing Fund Direct Growth,https://www.dezerv.in/mutual-funds/quant-manufacturing-fund-direct-growth-inf966l01cj7/
Quant Manufacturing Fund Regular Growth,https://www.dezerv.in/mutual-funds/quant-manufacturing-fund-regular-growth-inf966l01cn9/
Quant Mid Cap Fund Direct Growth,https://www.dezerv.in/mutual-funds/quant-mid-cap-fund-direct-growth-inf966l01887/
Quant Mid Cap Fund Regular Growth,https://www.dezerv.in/mutual-funds/quant-mid-cap-fund-regular-growth-inf966l01176/
Quant Momentum Fund Direct Growth,https://www.dezerv.in/mutual-funds/quant-momentum-fund-direct-growth-inf966l01cz3/
Quant Momentum Fund Regular Growth,https://www.dezerv.in/mutual-funds/quant-momentum-fund-regular-growth-inf966l01cw0/
Quant Multi Asset Fund Direct Growth,https://www.dezerv.in/mutual-funds/quant-multi-asset-fund-direct-growth-inf966l01580/
Quant Multi Asset Fund Regular Growth,https://www.dezerv.in/mutual-funds/quant-multi-asset-fund-regular-growth-inf966l01200/
Quant Overnight Fund Direct Growth,https://www.dezerv.in/mutual-funds/quant-overnight-fund-direct-growth-inf966l01az7/
Quant Overnight Fund Regular Growth,https://www.dezerv.in/mutual-funds/quant-overnight-fund-regular-growth-inf966l01bc4/
Quant Psu Fund Direct Growth,https://www.dezerv.in/mutual-funds/quant-psu-fund-direct-growth-inf966l01dt4/
Quant Psu Fund Regular Growth,https://www.dezerv.in/mutual-funds/quant-psu-fund-regular-growth-inf966l01dq0/
Quant Quantamental Fund Direct Growth,https://www.dezerv.in/mutual-funds/quant-quantamental-fund-direct-growth-inf966l01ak9/
Quant Quantamental Fund Regular Growth,https://www.dezerv.in/mutual-funds/quant-quantamental-fund-regular-growth-inf966l01ah5/
Quant Small Cap Fund Direct Growth,https://www.dezerv.in/mutual-funds/quant-small-cap-fund-direct-growth-inf966l01689/
Quant Small Cap Fund Regular Growth,https://www.dezerv.in/mutual-funds/quant-small-cap-fund-regular-growth-inf966l01aa0/
Quant Tax Plan Direct Growth,https://www.dezerv.in/mutual-funds/quant-tax-plan-direct-growth-inf966l01986/
Quant Tax Plan Regular Growth,https://www.dezerv.in/mutual-funds/quant-tax-plan-regular-growth-inf966l01135/
Quant Teck Fund Direct Growth,https://www.dezerv.in/mutual-funds/quant-teck-fund-direct-growth-inf966l01ct6/
Quant Teck Fund Regular Growth,https://www.dezerv.in/mutual-funds/quant-teck-fund-regular-growth-inf966l01cq2/
Quant Value Fund Direct Growth,https://www.dezerv.in/mutual-funds/quant-value-fund-direct-growth-inf966l01an3/
Quant Value Fund Regular Growth,https://www.dezerv.in/mutual-funds/quant-value-fund-regular-growth-inf966l01aq6/
Quantum Dynamic Bond Fund Direct Growth,https://www.dezerv.in/mutual-funds/quantum-dynamic-bond-fund-direct-growth-inf082j01176/
Quantum Dynamic Bond Fund Regular Growth,https://www.dezerv.in/mutual-funds/quantum-dynamic-bond-fund-regular-growth-inf082j01218/
Quantum Equity Fof Direct Growth,https://www.dezerv.in/mutual-funds/quantum-equity-fof-direct-growth-inf082j01093/
Quantum Equity Fof Regular Growth,https://www.dezerv.in/mutual-funds/quantum-equity-fof-regular-growth-inf082j01275/
Quantum Ethical Fund Direct Growth,https://www.dezerv.in/mutual-funds/quantum-ethical-fund-direct-growth-inf082j01473/
Quantum Ethical Fund Regular Growth,https://www.dezerv.in/mutual-funds/quantum-ethical-fund-regular-growth-inf082j01481/
Quantum Gold Etf,https://www.dezerv.in/mutual-funds/quantum-gold-etf-inf082j01408/
Quantum Gold Savings Direct Growth,https://www.dezerv.in/mutual-funds/quantum-gold-savings-direct-growth-inf082j01150/
Quantum Gold Savings Regular Growth,https://www.dezerv.in/mutual-funds/quantum-gold-savings-regular-growth-inf082j01358/
Quantum India Esg Equity Fund Direct Growth,https://www.dezerv.in/mutual-funds/quantum-india-esg-equity-fund-direct-growth-inf082j01382/
Quantum India Esg Equity Fund Regular Growth,https://www.dezerv.in/mutual-funds/quantum-india-esg-equity-fund-regular-growth-inf082j01390/
Quantum Liquid Fund Direct Growth,https://www.dezerv.in/mutual-funds/quantum-liquid-fund-direct-growth-inf082j01127/
Quantum Liquid Fund Regular Growth,https://www.dezerv.in/mutual-funds/quantum-liquid-fund-regular-growth-inf082j01309/
Quantum Long Term Equity Value Fund Direct Growth,https://www.dezerv.in/mutual-funds/quantum-long-term-equity-value-fund-direct-growth-inf082j01036/
Quantum Long Term Equity Value Fund Regular Growth,https://www.dezerv.in/mutual-funds/quantum-long-term-equity-value-fund-regular-growth-inf082j01242/
Quantum Multi Asset Allocation Fund Direct Growth,https://www.dezerv.in/mutual-funds/quantum-multi-asset-allocation-fund-direct-growth-inf082j01457/
Quantum Multi Asset Allocation Fund Regular Growth,https://www.dezerv.in/mutual-funds/quantum-multi-asset-allocation-fund-regular-growth-inf082j01465/
Quantum Multi Asset Fund Of Funds Direct Growth,https://www.dezerv.in/mutual-funds/quantum-multi-asset-fund-of-funds-direct-growth-inf082j01168/
Quantum Multi Asset Fund Of Funds Regular Growth,https://www.dezerv.in/mutual-funds/quantum-multi-asset-fund-of-funds-regular-growth-inf082j01341/
Quantum Nifty 50 Etf Fund Of Fund Direct Growth,https://www.dezerv.in/mutual-funds/quantum-nifty-50-etf-fund-of-fund-direct-growth-inf082j01416/
Quantum Nifty 50 Etf Fund Of Fund Regular Growth,https://www.dezerv.in/mutual-funds/quantum-nifty-50-etf-fund-of-fund-regular-growth-inf082j01424/
Quantum Nifty 50 Etf,https://www.dezerv.in/mutual-funds/quantum-nifty-50-etf-inf082j01028/
Quantum Nifty 50 Etf,https://www.dezerv.in/mutual-funds/quantum-nifty-50-etf-inf082j01499/
Quantum Small Cap Fund Direct Growth,https://www.dezerv.in/mutual-funds/quantum-small-cap-fund-direct-growth-inf082j01432/
Quantum Small Cap Fund Regular Growth,https://www.dezerv.in/mutual-funds/quantum-small-cap-fund-regular-growth-inf082j01440/
Quantum Tax Saving Fund Direct Growth,https://www.dezerv.in/mutual-funds/quantum-tax-saving-fund-direct-growth-inf082j01069/
Quantum Tax Saving Fund Regular Growth,https://www.dezerv.in/mutual-funds/quantum-tax-saving-fund-regular-growth-inf082j01366/
Riskometer,https://www.dezerv.in/mutual-funds/riskometer/
Samco Active Momentum Fund Direct Growth,https://www.dezerv.in/mutual-funds/samco-active-momentum-fund-direct-growth-inf0k1h01081/
Samco Active Momentum Fund Regular Growth,https://www.dezerv.in/mutual-funds/samco-active-momentum-fund-regular-growth-inf0k1h01073/
Samco Arbitrage Fund Direct Growth,https://www.dezerv.in/mutual-funds/samco-arbitrage-fund-direct-growth-inf0k1h01214/
Samco Arbitrage Fund Regular Growth,https://www.dezerv.in/mutual-funds/samco-arbitrage-fund-regular-growth-inf0k1h01222/
Samco Dynamic Asset Allocation Fund Direct Growth,https://www.dezerv.in/mutual-funds/samco-dynamic-asset-allocation-fund-direct-growth-inf0k1h01131/
Samco Dynamic Asset Allocation Fund Regular Growth,https://www.dezerv.in/mutual-funds/samco-dynamic-asset-allocation-fund-regular-growth-inf0k1h01099/
Samco Elss Tax Saver Fund Direct Growth,https://www.dezerv.in/mutual-funds/samco-elss-tax-saver-fund-direct-growth-inf0k1h01065/
Samco Elss Tax Saver Fund Regular Growth,https://www.dezerv.in/mutual-funds/samco-elss-tax-saver-fund-regular-growth-inf0k1h01057/
Samco Flexi Cap Fund Direct Growth,https://www.dezerv.in/mutual-funds/samco-flexi-cap-fund-direct-growth-inf0k1h01024/
Samco Flexi Cap Fund Regular Growth,https://www.dezerv.in/mutual-funds/samco-flexi-cap-fund-regular-growth-inf0k1h01016/
Samco Large Cap Fund Direct Growth,https://www.dezerv.in/mutual-funds/samco-large-cap-fund-direct-growth-inf0k1h01255/
Samco Large Cap Fund Regular Growth,https://www.dezerv.in/mutual-funds/samco-large-cap-fund-regular-growth-inf0k1h01263/
Samco Large Mid Cap Fund Direct Growth,https://www.dezerv.in/mutual-funds/samco-large-mid-cap-fund-direct-growth-inf0k1h01271/
Samco Large Mid Cap Fund Regular Growth,https://www.dezerv.in/mutual-funds/samco-large-mid-cap-fund-regular-growth-inf0k1h01289/
Samco Mid Cap Fund Direct Growth,https://www.dezerv.in/mutual-funds/samco-mid-cap-fund-direct-growth-inf0k1h01313/
Samco Mid Cap Fund Regular Growth,https://www.dezerv.in/mutual-funds/samco-mid-cap-fund-regular-growth-inf0k1h01321/
Samco Multi Asset Allocation Fund Direct Growth,https://www.dezerv.in/mutual-funds/samco-multi-asset-allocation-fund-direct-growth-inf0k1h01230/
Samco Multi Asset Allocation Fund Regular Growth,https://www.dezerv.in/mutual-funds/samco-multi-asset-allocation-fund-regular-growth-inf0k1h01248/
Samco Multi Cap Fund Direct Growth,https://www.dezerv.in/mutual-funds/samco-multi-cap-fund-direct-growth-inf0k1h01198/
Samco Multi Cap Fund Regular Growth,https://www.dezerv.in/mutual-funds/samco-multi-cap-fund-regular-growth-inf0k1h01206/
Samco Overnight Fund Direct Growth,https://www.dezerv.in/mutual-funds/samco-overnight-fund-direct-growth-inf0k1h01040/
Samco Overnight Fund Regular Growth,https://www.dezerv.in/mutual-funds/samco-overnight-fund-regular-growth-inf0k1h01032/
Samco Small Cap Fund Direct Growth,https://www.dezerv.in/mutual-funds/samco-small-cap-fund-direct-growth-inf0k1h01297/
Samco Small Cap Fund Regular Growth,https://www.dezerv.in/mutual-funds/samco-small-cap-fund-regular-growth-inf0k1h01305/
Samco Special Opportunities Fund Direct Growth,https://www.dezerv.in/mutual-funds/samco-special-opportunities-fund-direct-growth-inf0k1h01180/
Samco Special Opportunities Fund Regular Growth,https://www.dezerv.in/mutual-funds/samco-special-opportunities-fund-regular-growth-inf0k1h01172/
Sapphire Equity Long Short Sif Direct Growth,https://www.dezerv.in/mutual-funds/sapphire-equity-long-short-sif-direct-growth-inf090i30048/
Sapphire Equity Long Short Sif Regular Growth,https://www.dezerv.in/mutual-funds/sapphire-equity-long-short-sif-regular-growth-inf090i30014/
Sbi Arbitrage Opportunities Fund Direct Growth,https://www.dezerv.in/mutual-funds/sbi-arbitrage-opportunities-fund-direct-growth-inf200k01qu0/
Sbi Arbitrage Opportunities Fund Regular Growth,https://www.dezerv.in/mutual-funds/sbi-arbitrage-opportunities-fund-regular-growth-inf200k01156/
Sbi Automotive Opportunities Fund Direct Growth,https://www.dezerv.in/mutual-funds/sbi-automotive-opportunities-fund-direct-growth-inf200kb1183/
Sbi Automotive Opportunities Fund Regular Growth,https://www.dezerv.in/mutual-funds/sbi-automotive-opportunities-fund-regular-growth-inf200kb1159/
Sbi Balanced Advantage Fund Direct Growth,https://www.dezerv.in/mutual-funds/sbi-balanced-advantage-fund-direct-growth-inf200ka1y73/
Sbi Balanced Advantage Fund Regular Growth,https://www.dezerv.in/mutual-funds/sbi-balanced-advantage-fund-regular-growth-inf200ka1y40/
Sbi Banking And Psu Fund Direct Growth,https://www.dezerv.in/mutual-funds/sbi-banking-and-psu-fund-direct-growth-inf200k01v08/
Sbi Banking And Psu Fund Regular Growth,https://www.dezerv.in/mutual-funds/sbi-banking-and-psu-fund-regular-growth-inf200k01u41/
Sbi Banking Financial Services Fund Direct Growth,https://www.dezerv.in/mutual-funds/sbi-banking-financial-services-fund-direct-growth-inf200ka1507/
Sbi Banking Financial Services Fund Regular Growth,https://www.dezerv.in/mutual-funds/sbi-banking-financial-services-fund-regular-growth-inf200ka1473/
Sbi Bluechip Fund Direct Growth,https://www.dezerv.in/mutual-funds/sbi-bluechip-fund-direct-growth-inf200k01qx4/
Sbi Bluechip Fund Regular Growth,https://www.dezerv.in/mutual-funds/sbi-bluechip-fund-regular-growth-inf200k01180/
Sbi Bse Psu Bank Etf,https://www.dezerv.in/mutual-funds/sbi-bse-psu-bank-etf-inf200kb1712/
Sbi Bse Psu Bank Index Fund Direct Growth,https://www.dezerv.in/mutual-funds/sbi-bse-psu-bank-index-fund-direct-growth-inf200kb1688/
Sbi Bse Psu Bank Index Fund Regular Growth,https://www.dezerv.in/mutual-funds/sbi-bse-psu-bank-index-fund-regular-growth-inf200kb1654/
Sbi Capital Protection Oriented Fund Series A Plan 8 Direct Growth,https://www.dezerv.in/mutual-funds/sbi-capital-protection-oriented-fund-series-a-plan-8-direct-growth-inf200ka1p25/
Sbi Capital Protection Oriented Fund Series A Plan 8 Regular Growth,https://www.dezerv.in/mutual-funds/sbi-capital-protection-oriented-fund-series-a-plan-8-regular-growth-inf200ka1p17/
Sbi Conservative Hybrid Fund Direct Growth,https://www.dezerv.in/mutual-funds/sbi-conservative-hybrid-fund-direct-growth-inf200k01ts8/
Sbi Conservative Hybrid Fund Regular Growth,https://www.dezerv.in/mutual-funds/sbi-conservative-hybrid-fund-regular-growth-inf200k01859/
Sbi Consumption Opportunities Fund Direct Growth,https://www.dezerv.in/mutual-funds/sbi-consumption-opportunities-fund-direct-growth-inf200k01rm5/
Sbi Consumption Opportunities Fund Regular Growth,https://www.dezerv.in/mutual-funds/sbi-consumption-opportunities-fund-regular-growth-inf200k01vr6/
Sbi Contra Fund Direct Growth,https://www.dezerv.in/mutual-funds/sbi-contra-fund-direct-growth-inf200k01ra0/
Sbi Contra Fund Regular Growth,https://www.dezerv.in/mutual-funds/sbi-contra-fund-regular-growth-inf200k01362/
Sbi Corporate Bond Fund Direct Growth,https://www.dezerv.in/mutual-funds/sbi-corporate-bond-fund-direct-growth-inf200ka1yr4/
Sbi Corporate Bond Fund Regular Growth,https://www.dezerv.in/mutual-funds/sbi-corporate-bond-fund-regular-growth-inf200ka1ym5/
Sbi Cpse Bond Plus Sdl Sep 2026 50 50 Index Fund Direct Growth,https://www.dezerv.in/mutual-funds/sbi-cpse-bond-plus-sdl-sep-2026-50-50-index-fund-direct-growth-inf200ka13d5/
Sbi Cpse Bond Plus Sdl Sep 2026 50 50 Index Fund Regular Growth,https://www.dezerv.in/mutual-funds/sbi-cpse-bond-plus-sdl-sep-2026-50-50-index-fund-regular-growth-inf200ka10d1/
Sbi Credit Risk Fund Direct Growth,https://www.dezerv.in/mutual-funds/sbi-credit-risk-fund-direct-growth-inf200k01sv4/
Sbi Credit Risk Fund Regular Growth,https://www.dezerv.in/mutual-funds/sbi-credit-risk-fund-regular-growth-inf200k01685/
Sbi Crisil Ibx Financial Services 3 6 Months Debt Index Fund Direct Growth,https://www.dezerv.in/mutual-funds/sbi-crisil-ibx-financial-services-3-6-months-debt-index-fund-direct-growth-inf200kb1ao0/
Sbi Crisil Ibx Financial Services 3 6 Months Debt Index Fund Regular Growth,https://www.dezerv.in/mutual-funds/sbi-crisil-ibx-financial-services-3-6-months-debt-index-fund-regular-growth-inf200kb1al6/
Sbi Crisil Ibx Financial Services 9 12 Months Debt Index Fund Direct Growth,https://www.dezerv.in/mutual-funds/sbi-crisil-ibx-financial-services-9-12-months-debt-index-fund-direct-growth-inf200kb1au7/
Sbi Crisil Ibx Financial Services 9 12 Months Debt Index Fund Regular Growth,https://www.dezerv.in/mutual-funds/sbi-crisil-ibx-financial-services-9-12-months-debt-index-fund-regular-growth-inf200kb1ar3/
Sbi Crisil Ibx Gilt Index April 2029 Fund Direct Growth,https://www.dezerv.in/mutual-funds/sbi-crisil-ibx-gilt-index-april-2029-fund-direct-growth-inf200ka18q6/
Sbi Crisil Ibx Gilt Index April 2029 Fund Regular Growth,https://www.dezerv.in/mutual-funds/sbi-crisil-ibx-gilt-index-april-2029-fund-regular-growth-inf200ka15q2/
Sbi Crisil Ibx Gilt Index June 2036 Fund Direct Growth,https://www.dezerv.in/mutual-funds/sbi-crisil-ibx-gilt-index-june-2036-fund-direct-growth-inf200ka12q9/
Sbi Crisil Ibx Gilt Index June 2036 Fund Regular Growth,https://www.dezerv.in/mutual-funds/sbi-crisil-ibx-gilt-index-june-2036-fund-regular-growth-inf200ka19p6/
Sbi Crisil Ibx Sdl Index September 2027 Fund Direct Growth,https://www.dezerv.in/mutual-funds/sbi-crisil-ibx-sdl-index-september-2027-fund-direct-growth-inf200ka14r3/
Sbi Crisil Ibx Sdl Index September 2027 Fund Regular Growth,https://www.dezerv.in/mutual-funds/sbi-crisil-ibx-sdl-index-september-2027-fund-regular-growth-inf200ka11r9/
Sbi Debt Fund Series C 24 Direct Growth,https://www.dezerv.in/mutual-funds/sbi-debt-fund-series-c-24-direct-growth-inf200ka1vo7/
Sbi Debt Fund Series C 24 Regular Growth,https://www.dezerv.in/mutual-funds/sbi-debt-fund-series-c-24-regular-growth-inf200ka1vm1/
Sbi Debt Fund Series C 25 Direct Growth,https://www.dezerv.in/mutual-funds/sbi-debt-fund-series-c-25-direct-growth-inf200ka1vt6/
Sbi Debt Fund Series C 25 Regular Growth,https://www.dezerv.in/mutual-funds/sbi-debt-fund-series-c-25-regular-growth-inf200ka1vr0/
Sbi Dividend Yield Fund Direct Growth,https://www.dezerv.in/mutual-funds/sbi-dividend-yield-fund-direct-growth-inf200ka14w3/
Sbi Dividend Yield Fund Regular Growth,https://www.dezerv.in/mutual-funds/sbi-dividend-yield-fund-regular-growth-inf200ka11w9/
Sbi Dynamic Asset Allocation Active Fof Direct Growth,https://www.dezerv.in/mutual-funds/sbi-dynamic-asset-allocation-active-fof-direct-growth-inf200kb1aa9/
Sbi Dynamic Asset Allocation Active Fof Regular Growth,https://www.dezerv.in/mutual-funds/sbi-dynamic-asset-allocation-active-fof-regular-growth-inf200kb1977/
Sbi Dynamic Bond Direct Growth,https://www.dezerv.in/mutual-funds/sbi-dynamic-bond-direct-growth-inf200k01rd4/
Sbi Dynamic Bond Regular Growth,https://www.dezerv.in/mutual-funds/sbi-dynamic-bond-regular-growth-inf200k01958/
Sbi Energy Opportunities Fund Direct Growth,https://www.dezerv.in/mutual-funds/sbi-energy-opportunities-fund-direct-growth-inf200kb1126/
Sbi Energy Opportunities Fund Regular Growth,https://www.dezerv.in/mutual-funds/sbi-energy-opportunities-fund-regular-growth-inf200kb1092/
Sbi Equity Hybrid Fund Direct Growth,https://www.dezerv.in/mutual-funds/sbi-equity-hybrid-fund-direct-growth-inf200k01ry0/
Sbi Equity Hybrid Fund Regular Growth,https://www.dezerv.in/mutual-funds/sbi-equity-hybrid-fund-regular-growth-inf200k01107/
Sbi Equity Minimum Variance Fund Direct Growth,https://www.dezerv.in/mutual-funds/sbi-equity-minimum-variance-fund-direct-growth-inf200ka1a71/
Sbi Equity Minimum Variance Fund Regular Growth,https://www.dezerv.in/mutual-funds/sbi-equity-minimum-variance-fund-regular-growth-inf200ka1a48/
Sbi Equity Savings Fund Direct Growth,https://www.dezerv.in/mutual-funds/sbi-equity-savings-fund-direct-growth-inf200ka1df3/
Sbi Equity Savings Fund Regular Growth,https://www.dezerv.in/mutual-funds/sbi-equity-savings-fund-regular-growth-inf200ka1da4/
Sbi Fixed Maturity Plan Fmp Series 47 1434 Days Direct Growth,https://www.dezerv.in/mutual-funds/sbi-fixed-maturity-plan-fmp-series-47-1434-days-direct-growth-inf200ka1x82/
Sbi Fixed Maturity Plan Fmp Series 47 1434 Days Regular Growth,https://www.dezerv.in/mutual-funds/sbi-fixed-maturity-plan-fmp-series-47-1434-days-regular-growth-inf200ka1x66/
Sbi Fixed Maturity Plan Fmp Series 48 1458 Days Direct Growth,https://www.dezerv.in/mutual-funds/sbi-fixed-maturity-plan-fmp-series-48-1458-days-direct-growth-inf200ka1y24/
Sbi Fixed Maturity Plan Fmp Series 48 1458 Days Regular Growth,https://www.dezerv.in/mutual-funds/sbi-fixed-maturity-plan-fmp-series-48-1458-days-regular-growth-inf200ka1y08/
Sbi Fixed Maturity Plan Fmp Series 49 1823 Days Direct Growth,https://www.dezerv.in/mutual-funds/sbi-fixed-maturity-plan-fmp-series-49-1823-days-direct-growth-inf200ka1z23/
Sbi Fixed Maturity Plan Fmp Series 49 1823 Days Regular Growth,https://www.dezerv.in/mutual-funds/sbi-fixed-maturity-plan-fmp-series-49-1823-days-regular-growth-inf200ka1z07/
Sbi Fixed Maturity Plan Fmp Series 50 1843 Days Direct Growth,https://www.dezerv.in/mutual-funds/sbi-fixed-maturity-plan-fmp-series-50-1843-days-direct-growth-inf200ka1z64/
Sbi Fixed Maturity Plan Fmp Series 50 1843 Days Regular Growth,https://www.dezerv.in/mutual-funds/sbi-fixed-maturity-plan-fmp-series-50-1843-days-regular-growth-inf200ka1z49/
Sbi Fixed Maturity Plan Fmp Series 51 1846 Days Direct Growth,https://www.dezerv.in/mutual-funds/sbi-fixed-maturity-plan-fmp-series-51-1846-days-direct-growth-inf200ka10a7/
Sbi Fixed Maturity Plan Fmp Series 51 1846 Days Regular Growth,https://www.dezerv.in/mutual-funds/sbi-fixed-maturity-plan-fmp-series-51-1846-days-regular-growth-inf200ka1z80/
Sbi Fixed Maturity Plan Fmp Series 54 1842 Days Direct Growth,https://www.dezerv.in/mutual-funds/sbi-fixed-maturity-plan-fmp-series-54-1842-days-direct-growth-inf200ka12b1/
Sbi Fixed Maturity Plan Fmp Series 54 1842 Days Regular Growth,https://www.dezerv.in/mutual-funds/sbi-fixed-maturity-plan-fmp-series-54-1842-days-regular-growth-inf200ka10b5/
Sbi Fixed Maturity Plan Fmp Series 58 1842 Days Direct Growth,https://www.dezerv.in/mutual-funds/sbi-fixed-maturity-plan-fmp-series-58-1842-days-direct-growth-inf200ka18c6/
Sbi Fixed Maturity Plan Fmp Series 58 1842 Days Regular Growth,https://www.dezerv.in/mutual-funds/sbi-fixed-maturity-plan-fmp-series-58-1842-days-regular-growth-inf200ka16c0/
Sbi Fixed Maturity Plan Fmp Series 59 1618 Days Direct Growth,https://www.dezerv.in/mutual-funds/sbi-fixed-maturity-plan-fmp-series-59-1618-days-direct-growth-inf200ka19d2/
Sbi Fixed Maturity Plan Fmp Series 59 1618 Days Regular Growth,https://www.dezerv.in/mutual-funds/sbi-fixed-maturity-plan-fmp-series-59-1618-days-regular-growth-inf200ka17d6/
Sbi Fixed Maturity Plan Fmp Series 60 1878 Days Direct Growth,https://www.dezerv.in/mutual-funds/sbi-fixed-maturity-plan-fmp-series-60-1878-days-direct-growth-inf200ka13e3/
Sbi Fixed Maturity Plan Fmp Series 60 1878 Days Regular Growth,https://www.dezerv.in/mutual-funds/sbi-fixed-maturity-plan-fmp-series-60-1878-days-regular-growth-inf200ka11e7/
Sbi Fixed Maturity Plan Fmp Series 61 1927 Days Direct Growth,https://www.dezerv.in/mutual-funds/sbi-fixed-maturity-plan-fmp-series-61-1927-days-direct-growth-inf200ka13f0/
Sbi Fixed Maturity Plan Fmp Series 61 1927 Days Regular Growth,https://www.dezerv.in/mutual-funds/sbi-fixed-maturity-plan-fmp-series-61-1927-days-regular-growth-inf200ka11f4/
Sbi Fixed Maturity Plan Fmp Series 71 364 Days Direct Growth,https://www.dezerv.in/mutual-funds/sbi-fixed-maturity-plan-fmp-series-71-364-days-direct-growth-inf200ka13s3/
Sbi Fixed Maturity Plan Fmp Series 71 364 Days Regular Growth,https://www.dezerv.in/mutual-funds/sbi-fixed-maturity-plan-fmp-series-71-364-days-regular-growth-inf200ka11s7/
Sbi Fixed Maturity Plan Fmp Series 72 1239Days Direct Growth,https://www.dezerv.in/mutual-funds/sbi-fixed-maturity-plan-fmp-series-72-1239days-direct-growth-inf200ka17s4/
Sbi Fixed Maturity Plan Fmp Series 72 1239Days Regular Growth,https://www.dezerv.in/mutual-funds/sbi-fixed-maturity-plan-fmp-series-72-1239days-regular-growth-inf200ka15s8/
Sbi Fixed Maturity Plan Fmp Series 74 1243 Days Direct Growth,https://www.dezerv.in/mutual-funds/sbi-fixed-maturity-plan-fmp-series-74-1243-days-direct-growth-inf200ka11u3/
Sbi Fixed Maturity Plan Fmp Series 74 1243 Days Regular Growth,https://www.dezerv.in/mutual-funds/sbi-fixed-maturity-plan-fmp-series-74-1243-days-regular-growth-inf200ka19t8/
Sbi Fixed Maturity Plan Fmp Series 75 366 Days Direct Growth,https://www.dezerv.in/mutual-funds/sbi-fixed-maturity-plan-fmp-series-75-366-days-direct-growth-inf200ka15u4/
Sbi Fixed Maturity Plan Fmp Series 75 366 Days Regular Growth,https://www.dezerv.in/mutual-funds/sbi-fixed-maturity-plan-fmp-series-75-366-days-regular-growth-inf200ka13u9/
Sbi Fixed Maturity Plan Fmp Series 80 366 Days Direct Growth,https://www.dezerv.in/mutual-funds/sbi-fixed-maturity-plan-fmp-series-80-366-days-direct-growth-inf200ka13x3/
Sbi Fixed Maturity Plan Fmp Series 80 366 Days Regular Growth,https://www.dezerv.in/mutual-funds/sbi-fixed-maturity-plan-fmp-series-80-366-days-regular-growth-inf200ka11x7/
Sbi Fixed Maturity Plan Fmp Series 91 90 Days Direct Growth,https://www.dezerv.in/mutual-funds/sbi-fixed-maturity-plan-fmp-series-91-90-days-direct-growth-inf200ka16z1/
Sbi Fixed Maturity Plan Fmp Series 91 90 Days Regular Growth,https://www.dezerv.in/mutual-funds/sbi-fixed-maturity-plan-fmp-series-91-90-days-regular-growth-inf200ka14z6/
Sbi Fixed Maturity Plan Series 1 3668 Days Direct Growth,https://www.dezerv.in/mutual-funds/sbi-fixed-maturity-plan-series-1-3668-days-direct-growth-inf200ka1d03/
Sbi Fixed Maturity Plan Series 1 3668 Days Regular Growth,https://www.dezerv.in/mutual-funds/sbi-fixed-maturity-plan-series-1-3668-days-regular-growth-inf200ka1c87/
Sbi Fixed Maturity Plan Series 14 1102 Days Direct Growth,https://www.dezerv.in/mutual-funds/sbi-fixed-maturity-plan-series-14-1102-days-direct-growth-inf200ka1i65/
Sbi Fixed Maturity Plan Series 14 1102 Days Regular Growth,https://www.dezerv.in/mutual-funds/sbi-fixed-maturity-plan-series-14-1102-days-regular-growth-inf200ka1i40/
Sbi Fixed Maturity Plan Series 34 3682 Days Direct Growth,https://www.dezerv.in/mutual-funds/sbi-fixed-maturity-plan-series-34-3682-days-direct-growth-inf200ka1q73/
Sbi Fixed Maturity Plan Series 34 3682 Days Regular Growth,https://www.dezerv.in/mutual-funds/sbi-fixed-maturity-plan-series-34-3682-days-regular-growth-inf200ka1q57/
Sbi Fixed Maturity Plan Series 41 1498 Days Direct Growth,https://www.dezerv.in/mutual-funds/sbi-fixed-maturity-plan-series-41-1498-days-direct-growth-inf200ka1u77/
Sbi Fixed Maturity Plan Series 41 1498 Days Regular Growth,https://www.dezerv.in/mutual-funds/sbi-fixed-maturity-plan-series-41-1498-days-regular-growth-inf200ka1u51/
Sbi Fixed Maturity Plan Series 42 1857 Days Direct Growth,https://www.dezerv.in/mutual-funds/sbi-fixed-maturity-plan-series-42-1857-days-direct-growth-inf200ka1v19/
Sbi Fixed Maturity Plan Series 42 1857 Days Regular Growth,https://www.dezerv.in/mutual-funds/sbi-fixed-maturity-plan-series-42-1857-days-regular-growth-inf200ka1u93/
Sbi Fixed Maturity Plan Series 43 1616 Days Direct Growth,https://www.dezerv.in/mutual-funds/sbi-fixed-maturity-plan-series-43-1616-days-direct-growth-inf200ka1v50/
Sbi Fixed Maturity Plan Series 43 1616 Days Regular Growth,https://www.dezerv.in/mutual-funds/sbi-fixed-maturity-plan-series-43-1616-days-regular-growth-inf200ka1v35/
Sbi Fixed Maturity Plan Series 44 1855 Days Direct Growth,https://www.dezerv.in/mutual-funds/sbi-fixed-maturity-plan-series-44-1855-days-direct-growth-inf200ka1w59/
Sbi Fixed Maturity Plan Series 44 1855 Days Regular Growth,https://www.dezerv.in/mutual-funds/sbi-fixed-maturity-plan-series-44-1855-days-regular-growth-inf200ka1w34/
Sbi Fixed Maturity Plan Series 45 1840 Days Direct Growth,https://www.dezerv.in/mutual-funds/sbi-fixed-maturity-plan-series-45-1840-days-direct-growth-inf200ka1w91/
Sbi Fixed Maturity Plan Series 45 1840 Days Regular Growth,https://www.dezerv.in/mutual-funds/sbi-fixed-maturity-plan-series-45-1840-days-regular-growth-inf200ka1w75/
Sbi Fixed Maturity Plan Series 46 1850 Days Direct Growth,https://www.dezerv.in/mutual-funds/sbi-fixed-maturity-plan-series-46-1850-days-direct-growth-inf200ka1x41/
Sbi Fixed Maturity Plan Series 46 1850 Days Regular Growth,https://www.dezerv.in/mutual-funds/sbi-fixed-maturity-plan-series-46-1850-days-regular-growth-inf200ka1x25/
Sbi Fixed Maturity Plan Series 52 1848 Days Direct Growth,https://www.dezerv.in/mutual-funds/sbi-fixed-maturity-plan-series-52-1848-days-direct-growth-inf200ka14a9/
Sbi Fixed Maturity Plan Series 52 1848 Days Regular Growth,https://www.dezerv.in/mutual-funds/sbi-fixed-maturity-plan-series-52-1848-days-regular-growth-inf200ka12a3/
Sbi Fixed Maturity Plan Series 53 1839 Days Direct Growth,https://www.dezerv.in/mutual-funds/sbi-fixed-maturity-plan-series-53-1839-days-direct-growth-inf200ka18a0/
Sbi Fixed Maturity Plan Series 53 1839 Days Regular Growth,https://www.dezerv.in/mutual-funds/sbi-fixed-maturity-plan-series-53-1839-days-regular-growth-inf200ka16a4/
Sbi Fixed Maturity Plan Series 55 1849 Days Direct Growth,https://www.dezerv.in/mutual-funds/sbi-fixed-maturity-plan-series-55-1849-days-direct-growth-inf200ka16b2/
Sbi Fixed Maturity Plan Series 55 1849 Days Regular Growth,https://www.dezerv.in/mutual-funds/sbi-fixed-maturity-plan-series-55-1849-days-regular-growth-inf200ka14b7/
Sbi Fixed Maturity Plan Series 56 1232 Days Direct Growth,https://www.dezerv.in/mutual-funds/sbi-fixed-maturity-plan-series-56-1232-days-direct-growth-inf200ka10c3/
Sbi Fixed Maturity Plan Series 56 1232 Days Regular Growth,https://www.dezerv.in/mutual-funds/sbi-fixed-maturity-plan-series-56-1232-days-regular-growth-inf200ka18b8/
Sbi Fixed Maturity Plan Series 57 1835 Days Direct Growth,https://www.dezerv.in/mutual-funds/sbi-fixed-maturity-plan-series-57-1835-days-direct-growth-inf200ka14c5/
Sbi Fixed Maturity Plan Series 57 1835 Days Regular Growth,https://www.dezerv.in/mutual-funds/sbi-fixed-maturity-plan-series-57-1835-days-regular-growth-inf200ka12c9/
Sbi Fixed Maturity Plan Series 6 3668 Days Direct Growth,https://www.dezerv.in/mutual-funds/sbi-fixed-maturity-plan-series-6-3668-days-direct-growth-inf200ka1f27/
Sbi Fixed Maturity Plan Series 6 3668 Days Regular Growth,https://www.dezerv.in/mutual-funds/sbi-fixed-maturity-plan-series-6-3668-days-regular-growth-inf200ka1f01/
Sbi Fixed Maturity Plan Series 63 372 Days Direct Growth,https://www.dezerv.in/mutual-funds/sbi-fixed-maturity-plan-series-63-372-days-direct-growth-inf200ka19m3/
Sbi Fixed Maturity Plan Series 63 372 Days Regular Growth,https://www.dezerv.in/mutual-funds/sbi-fixed-maturity-plan-series-63-372-days-regular-growth-inf200ka17m7/
Sbi Fixed Maturity Plan Series 64 1169 Days Direct Growth,https://www.dezerv.in/mutual-funds/sbi-fixed-maturity-plan-series-64-1169-days-direct-growth-inf200ka17n5/
Sbi Fixed Maturity Plan Series 64 1169 Days Regular Growth,https://www.dezerv.in/mutual-funds/sbi-fixed-maturity-plan-series-64-1169-days-regular-growth-inf200ka15n9/
Sbi Fixed Maturity Plan Series 65 367 Days Direct Growth,https://www.dezerv.in/mutual-funds/sbi-fixed-maturity-plan-series-65-367-days-direct-growth-inf200ka11o6/
Sbi Fixed Maturity Plan Series 65 367 Days Regular Growth,https://www.dezerv.in/mutual-funds/sbi-fixed-maturity-plan-series-65-367-days-regular-growth-inf200ka19n1/
Sbi Fixed Maturity Plan Series 66 1361 Days Direct Growth,https://www.dezerv.in/mutual-funds/sbi-fixed-maturity-plan-series-66-1361-days-direct-growth-inf200ka11m0/
Sbi Fixed Maturity Plan Series 66 1361 Days Regular Growth,https://www.dezerv.in/mutual-funds/sbi-fixed-maturity-plan-series-66-1361-days-regular-growth-inf200ka19l5/
Sbi Fixed Maturity Plan Series 67 1467 Days Direct Growth,https://www.dezerv.in/mutual-funds/sbi-fixed-maturity-plan-series-67-1467-days-direct-growth-inf200ka15m1/
Sbi Fixed Maturity Plan Series 67 1467 Days Regular Growth,https://www.dezerv.in/mutual-funds/sbi-fixed-maturity-plan-series-67-1467-days-regular-growth-inf200ka13m6/
Sbi Fixed Maturity Plan Series 68 1302 Days Direct Growth,https://www.dezerv.in/mutual-funds/sbi-fixed-maturity-plan-series-68-1302-days-direct-growth-inf200ka15o7/
Sbi Fixed Maturity Plan Series 68 1302 Days Regular Growth,https://www.dezerv.in/mutual-funds/sbi-fixed-maturity-plan-series-68-1302-days-regular-growth-inf200ka13o2/
Sbi Fixed Maturity Plan Series 69 367 Days Direct Growth,https://www.dezerv.in/mutual-funds/sbi-fixed-maturity-plan-series-69-367-days-direct-growth-inf200ka19r2/
Sbi Fixed Maturity Plan Series 69 367 Days Regular Growth,https://www.dezerv.in/mutual-funds/sbi-fixed-maturity-plan-series-69-367-days-regular-growth-inf200ka17r6/
Sbi Fixed Maturity Plan Series 73 1226 Days Direct Growth,https://www.dezerv.in/mutual-funds/sbi-fixed-maturity-plan-series-73-1226-days-direct-growth-inf200ka11t5/
Sbi Fixed Maturity Plan Series 73 1226 Days Regular Growth,https://www.dezerv.in/mutual-funds/sbi-fixed-maturity-plan-series-73-1226-days-regular-growth-inf200ka19s0/
Sbi Fixed Maturity Plan Series 76 1221 Days Direct Growth,https://www.dezerv.in/mutual-funds/sbi-fixed-maturity-plan-series-76-1221-days-direct-growth-inf200ka19u6/
Sbi Fixed Maturity Plan Series 76 1221 Days Regular Growth,https://www.dezerv.in/mutual-funds/sbi-fixed-maturity-plan-series-76-1221-days-regular-growth-inf200ka17u0/
Sbi Fixed Maturity Plan Series 78 1170 Days Direct Growth,https://www.dezerv.in/mutual-funds/sbi-fixed-maturity-plan-series-78-1170-days-direct-growth-inf200ka19v4/
Sbi Fixed Maturity Plan Series 78 1170 Days Regular Growth,https://www.dezerv.in/mutual-funds/sbi-fixed-maturity-plan-series-78-1170-days-regular-growth-inf200ka17v8/
Sbi Fixed Maturity Plan Series 79 1130 Days Direct Growth,https://www.dezerv.in/mutual-funds/sbi-fixed-maturity-plan-series-79-1130-days-direct-growth-inf200ka19w2/
Sbi Fixed Maturity Plan Series 79 1130 Days Regular Growth,https://www.dezerv.in/mutual-funds/sbi-fixed-maturity-plan-series-79-1130-days-regular-growth-inf200ka17w6/
Sbi Fixed Maturity Plan Series 81 1157 Days Direct Growth,https://www.dezerv.in/mutual-funds/sbi-fixed-maturity-plan-series-81-1157-days-direct-growth-inf200ka17x4/
Sbi Fixed Maturity Plan Series 81 1157 Days Regular Growth,https://www.dezerv.in/mutual-funds/sbi-fixed-maturity-plan-series-81-1157-days-regular-growth-inf200ka15x8/
Sbi Fixed Maturity Plan Series 82 182 Days Direct Growth,https://www.dezerv.in/mutual-funds/sbi-fixed-maturity-plan-series-82-182-days-direct-growth-inf200ka10y7/
Sbi Fixed Maturity Plan Series 82 182 Days Regular Growth,https://www.dezerv.in/mutual-funds/sbi-fixed-maturity-plan-series-82-182-days-regular-growth-inf200ka11y5/
Sbi Fixed Maturity Plan Series 92 91 Days Direct Growth,https://www.dezerv.in/mutual-funds/sbi-fixed-maturity-plan-series-92-91-days-direct-growth-inf200kb1076/
Sbi Fixed Maturity Plan Series 92 91 Days Regular Growth,https://www.dezerv.in/mutual-funds/sbi-fixed-maturity-plan-series-92-91-days-regular-growth-inf200kb1050/
Sbi Fixed Maturity Plan Series Fmp 77 366 Days Direct Growth,https://www.dezerv.in/mutual-funds/sbi-fixed-maturity-plan-series-fmp-77-366-days-direct-growth-inf200ka15v2/
Sbi Fixed Maturity Plan Series Fmp 77 366 Days Regular Growth,https://www.dezerv.in/mutual-funds/sbi-fixed-maturity-plan-series-fmp-77-366-days-regular-growth-inf200ka13v7/
Sbi Flexicap Fund Direct Growth,https://www.dezerv.in/mutual-funds/sbi-flexicap-fund-direct-growth-inf200k01ug1/
Sbi Flexicap Fund Regular Growth,https://www.dezerv.in/mutual-funds/sbi-flexicap-fund-regular-growth-inf200k01222/
Sbi Floating Rate Debt Fund Direct Growth,https://www.dezerv.in/mutual-funds/sbi-floating-rate-debt-fund-direct-growth-inf200ka1r64/
Sbi Floating Rate Debt Fund Regular Growth,https://www.dezerv.in/mutual-funds/sbi-floating-rate-debt-fund-regular-growth-inf200ka1r15/
Sbi Focused Equity Fund Direct Growth,https://www.dezerv.in/mutual-funds/sbi-focused-equity-fund-direct-growth-inf200k01rj1/
Sbi Focused Equity Fund Regular Growth,https://www.dezerv.in/mutual-funds/sbi-focused-equity-fund-regular-growth-inf200k01370/
Sbi Gold Direct Growth,https://www.dezerv.in/mutual-funds/sbi-gold-direct-growth-inf200k01rp8/
Sbi Gold Etf,https://www.dezerv.in/mutual-funds/sbi-gold-etf-inf200ka16d8/
Sbi Gold Regular Growth,https://www.dezerv.in/mutual-funds/sbi-gold-regular-growth-inf200k01ha1/
Sbi Healthcare Opportunities Fund Direct Growth,https://www.dezerv.in/mutual-funds/sbi-healthcare-opportunities-fund-direct-growth-inf200k01up2/
Sbi Healthcare Opportunities Fund Regular Growth,https://www.dezerv.in/mutual-funds/sbi-healthcare-opportunities-fund-regular-growth-inf200k01446/
Sbi Income Plus Arbitrage Active Fof Direct Growth,https://www.dezerv.in/mutual-funds/sbi-income-plus-arbitrage-active-fof-direct-growth-inf200kb1753/
Sbi Income Plus Arbitrage Active Fof Regular Growth,https://www.dezerv.in/mutual-funds/sbi-income-plus-arbitrage-active-fof-regular-growth-inf200kb1720/
Sbi Infrastructure Fund Direct Growth,https://www.dezerv.in/mutual-funds/sbi-infrastructure-fund-direct-growth-inf200k01rs2/
Sbi Infrastructure Fund Regular Growth,https://www.dezerv.in/mutual-funds/sbi-infrastructure-fund-regular-growth-inf200k01ct2/
Sbi Innovative Opportunities Fund Direct Growth,https://www.dezerv.in/mutual-funds/sbi-innovative-opportunities-fund-direct-growth-inf200kb1324/
Sbi Innovative Opportunities Fund Regular Growth,https://www.dezerv.in/mutual-funds/sbi-innovative-opportunities-fund-regular-growth-inf200kb1290/
Sbi International Access Us Equity Fof Direct Growth,https://www.dezerv.in/mutual-funds/sbi-international-access-us-equity-fof-direct-growth-inf200ka1u28/
Sbi International Access Us Equity Fof Regular Growth,https://www.dezerv.in/mutual-funds/sbi-international-access-us-equity-fof-regular-growth-inf200ka1t96/
Sbi Large Midcap Fund Direct Growth,https://www.dezerv.in/mutual-funds/sbi-large-midcap-fund-direct-growth-inf200k01uj5/
Sbi Large Midcap Fund Regular Growth,https://www.dezerv.in/mutual-funds/sbi-large-midcap-fund-regular-growth-inf200k01305/
Sbi Liquid Fund Direct Growth,https://www.dezerv.in/mutual-funds/sbi-liquid-fund-direct-growth-inf200k01ut4/
Sbi Liquid Fund Regular Growth,https://www.dezerv.in/mutual-funds/sbi-liquid-fund-regular-growth-inf200k01ma1/
Sbi Long Duration Fund Direct Growth,https://www.dezerv.in/mutual-funds/sbi-long-duration-fund-direct-growth-inf200ka16t4/
Sbi Long Duration Fund Regular Growth,https://www.dezerv.in/mutual-funds/sbi-long-duration-fund-regular-growth-inf200ka13t1/
Sbi Long Term Advantage Fund Series I Direct Growth,https://www.dezerv.in/mutual-funds/sbi-long-term-advantage-fund-series-i-direct-growth-inf200k018x9/
Sbi Long Term Advantage Fund Series I Regular Growth,https://www.dezerv.in/mutual-funds/sbi-long-term-advantage-fund-series-i-regular-growth-inf200k016x3/
Sbi Long Term Advantage Fund Series Ii Direct Growth,https://www.dezerv.in/mutual-funds/sbi-long-term-advantage-fund-series-ii-direct-growth-inf200ka1333/
Sbi Long Term Advantage Fund Series Ii Regular Growth,https://www.dezerv.in/mutual-funds/sbi-long-term-advantage-fund-series-ii-regular-growth-inf200ka1317/
Sbi Long Term Advantage Fund Series Iii Direct Growth,https://www.dezerv.in/mutual-funds/sbi-long-term-advantage-fund-series-iii-direct-growth-inf200ka1hn8/
Sbi Long Term Advantage Fund Series Iii Regular Growth,https://www.dezerv.in/mutual-funds/sbi-long-term-advantage-fund-series-iii-regular-growth-inf200ka1hl2/
Sbi Long Term Advantage Fund Series Iv Direct Growth,https://www.dezerv.in/mutual-funds/sbi-long-term-advantage-fund-series-iv-direct-growth-inf200ka1ls9/
Sbi Long Term Advantage Fund Series Iv Regular Growth,https://www.dezerv.in/mutual-funds/sbi-long-term-advantage-fund-series-iv-regular-growth-inf200ka1lq3/
Sbi Long Term Advantage Fund Series V Direct Growth,https://www.dezerv.in/mutual-funds/sbi-long-term-advantage-fund-series-v-direct-growth-inf200ka1rw8/
Sbi Long Term Advantage Fund Series V Regular Growth,https://www.dezerv.in/mutual-funds/sbi-long-term-advantage-fund-series-v-regular-growth-inf200ka1ru2/
Sbi Long Term Advantage Fund Series Vi Direct Growth,https://www.dezerv.in/mutual-funds/sbi-long-term-advantage-fund-series-vi-direct-growth-inf200ka1to1/
Sbi Long Term Advantage Fund Series Vi Regular Growth,https://www.dezerv.in/mutual-funds/sbi-long-term-advantage-fund-series-vi-regular-growth-inf200ka1tm5/
Sbi Long Term Equity Fund Direct Growth,https://www.dezerv.in/mutual-funds/sbi-long-term-equity-fund-direct-growth-inf200k01um9/
Sbi Long Term Equity Fund Regular Growth,https://www.dezerv.in/mutual-funds/sbi-long-term-equity-fund-regular-growth-inf200k01495/
Sbi Magnum Children S Benefit Fund Direct Growth,https://www.dezerv.in/mutual-funds/sbi-magnum-children-s-benefit-fund-direct-growth-inf200k01qr6/
Sbi Magnum Children S Benefit Fund Investment Plan Direct Growth,https://www.dezerv.in/mutual-funds/sbi-magnum-children-s-benefit-fund-investment-plan-direct-growth-inf200ka1r07/
Sbi Magnum Children S Benefit Fund Investment Plan Regular Growth,https://www.dezerv.in/mutual-funds/sbi-magnum-children-s-benefit-fund-investment-plan-regular-growth-inf200ka1q99/
Sbi Magnum Children S Benefit Fund Regular Growth,https://www.dezerv.in/mutual-funds/sbi-magnum-children-s-benefit-fund-regular-growth-inf200k01776/
Sbi Magnum Comma Fund Direct Growth,https://www.dezerv.in/mutual-funds/sbi-magnum-comma-fund-direct-growth-inf200k01sb6/
Sbi Magnum Comma Fund Regular Growth,https://www.dezerv.in/mutual-funds/sbi-magnum-comma-fund-regular-growth-inf200k01339/
Sbi Magnum Constant Maturity Fund Direct Growth,https://www.dezerv.in/mutual-funds/sbi-magnum-constant-maturity-fund-direct-growth-inf200k01sk7/
Sbi Magnum Constant Maturity Fund Regular Growth,https://www.dezerv.in/mutual-funds/sbi-magnum-constant-maturity-fund-regular-growth-inf200k01an9/
Sbi Magnum Equity Esg Fund Direct Growth,https://www.dezerv.in/mutual-funds/sbi-magnum-equity-esg-fund-direct-growth-inf200k01se0/
Sbi Magnum Equity Esg Fund Regular Growth,https://www.dezerv.in/mutual-funds/sbi-magnum-equity-esg-fund-regular-growth-inf200k01214/
Sbi Magnum Gilt Direct Growth,https://www.dezerv.in/mutual-funds/sbi-magnum-gilt-direct-growth-inf200k01sh3/
Sbi Magnum Gilt Regular Growth,https://www.dezerv.in/mutual-funds/sbi-magnum-gilt-regular-growth-inf200k01982/
Sbi Magnum Global Fund Direct Growth,https://www.dezerv.in/mutual-funds/sbi-magnum-global-fund-direct-growth-inf200k01sn1/
Sbi Magnum Global Fund Regular Growth,https://www.dezerv.in/mutual-funds/sbi-magnum-global-fund-regular-growth-inf200k01271/
Sbi Magnum Income Fund Direct Growth,https://www.dezerv.in/mutual-funds/sbi-magnum-income-fund-direct-growth-inf200k01sr2/
Sbi Magnum Income Fund Regular Growth,https://www.dezerv.in/mutual-funds/sbi-magnum-income-fund-regular-growth-inf200k01594/
Sbi Magnum Low Duration Fund Direct Growth,https://www.dezerv.in/mutual-funds/sbi-magnum-low-duration-fund-direct-growth-inf200k01vm7/
Sbi Magnum Low Duration Fund Regular Growth,https://www.dezerv.in/mutual-funds/sbi-magnum-low-duration-fund-regular-growth-inf200k01mo2/
Sbi Magnum Medium Duration Fund Direct Growth,https://www.dezerv.in/mutual-funds/sbi-magnum-medium-duration-fund-direct-growth-inf200k01vb0/
Sbi Magnum Medium Duration Fund Regular Growth,https://www.dezerv.in/mutual-funds/sbi-magnum-medium-duration-fund-regular-growth-inf200k01719/
Sbi Magnum Midcap Fund Direct Growth,https://www.dezerv.in/mutual-funds/sbi-magnum-midcap-fund-direct-growth-inf200k01tp4/
Sbi Magnum Midcap Fund Regular Growth,https://www.dezerv.in/mutual-funds/sbi-magnum-midcap-fund-regular-growth-inf200k01560/
Sbi Magnum Ultra Short Duration Fund Direct Growth,https://www.dezerv.in/mutual-funds/sbi-magnum-ultra-short-duration-fund-direct-growth-inf200k01tf5/
Sbi Magnum Ultra Short Duration Fund Regular Growth,https://www.dezerv.in/mutual-funds/sbi-magnum-ultra-short-duration-fund-regular-growth-inf200k01lj4/
Sbi Multi Asset Allocation Fund Direct Growth,https://www.dezerv.in/mutual-funds/sbi-multi-asset-allocation-fund-direct-growth-inf200k01tz3/
Sbi Multi Asset Allocation Fund Regular Growth,https://www.dezerv.in/mutual-funds/sbi-multi-asset-allocation-fund-regular-growth-inf200k01800/
Sbi Multicap Fund Direct Growth,https://www.dezerv.in/mutual-funds/sbi-multicap-fund-direct-growth-inf200ka18e2/
Sbi Multicap Fund Regular Growth,https://www.dezerv.in/mutual-funds/sbi-multicap-fund-regular-growth-inf200ka15e8/
Sbi Nifty 10 Yr Benchmark G Sec Etf,https://www.dezerv.in/mutual-funds/sbi-nifty-10-yr-benchmark-g-sec-etf-inf200ka1jt1/
Sbi Nifty 1D Rate Etf,https://www.dezerv.in/mutual-funds/sbi-nifty-1d-rate-etf-inf200ka13z8/
Sbi Nifty 1D Rate Liquid Etf Growth,https://www.dezerv.in/mutual-funds/sbi-nifty-1d-rate-liquid-etf-growth-inf200kb1969/
Sbi Nifty 200 Quality 30 Etf,https://www.dezerv.in/mutual-funds/sbi-nifty-200-quality-30-etf-inf200ka1wx6/
Sbi Nifty 200 Quality 30 Index Fund Direct Growth,https://www.dezerv.in/mutual-funds/sbi-nifty-200-quality-30-index-fund-direct-growth-inf200kb1811/
Sbi Nifty 200 Quality 30 Index Fund Regular Growth,https://www.dezerv.in/mutual-funds/sbi-nifty-200-quality-30-index-fund-regular-growth-inf200kb1787/
Sbi Nifty 50 Etf,https://www.dezerv.in/mutual-funds/sbi-nifty-50-etf-inf200ka1fs1/
Sbi Nifty 500 Index Fund Direct Growth,https://www.dezerv.in/mutual-funds/sbi-nifty-500-index-fund-direct-growth-inf200kb1381/
Sbi Nifty 500 Index Fund Regular Growth,https://www.dezerv.in/mutual-funds/sbi-nifty-500-index-fund-regular-growth-inf200kb1357/
Sbi Nifty Bank Etf,https://www.dezerv.in/mutual-funds/sbi-nifty-bank-etf-inf200ka1580/
Sbi Nifty Bank Index Fund Direct Growth,https://www.dezerv.in/mutual-funds/sbi-nifty-bank-index-fund-direct-growth-inf200kb1563/
Sbi Nifty Bank Index Fund Regular Growth,https://www.dezerv.in/mutual-funds/sbi-nifty-bank-index-fund-regular-growth-inf200kb1530/
Sbi Nifty Consumption Etf,https://www.dezerv.in/mutual-funds/sbi-nifty-consumption-etf-inf200ka1x17/
Sbi Nifty Index Fund Direct Growth,https://www.dezerv.in/mutual-funds/sbi-nifty-index-fund-direct-growth-inf200k01te8/
Sbi Nifty Index Fund Regular Growth,https://www.dezerv.in/mutual-funds/sbi-nifty-index-fund-regular-growth-inf200k01537/
Sbi Nifty India Consumption Index Fund Direct Growth,https://www.dezerv.in/mutual-funds/sbi-nifty-india-consumption-index-fund-direct-growth-inf200kb1449/
Sbi Nifty India Consumption Index Fund Regular Growth,https://www.dezerv.in/mutual-funds/sbi-nifty-india-consumption-index-fund-regular-growth-inf200kb1415/
Sbi Nifty It Etf,https://www.dezerv.in/mutual-funds/sbi-nifty-it-etf-inf200ka1s14/
Sbi Nifty It Index Fund Direct Growth,https://www.dezerv.in/mutual-funds/sbi-nifty-it-index-fund-direct-growth-inf200kb1621/
Sbi Nifty It Index Fund Regular Growth,https://www.dezerv.in/mutual-funds/sbi-nifty-it-index-fund-regular-growth-inf200kb1597/
Sbi Nifty Midcap 150 Etf,https://www.dezerv.in/mutual-funds/sbi-nifty-midcap-150-etf-inf200kb1ak8/
Sbi Nifty Midcap 150 Index Fund Direct Growth,https://www.dezerv.in/mutual-funds/sbi-nifty-midcap-150-index-fund-direct-growth-inf200ka10p5/
Sbi Nifty Midcap 150 Index Fund Regular Growth,https://www.dezerv.in/mutual-funds/sbi-nifty-midcap-150-index-fund-regular-growth-inf200ka17o3/
Sbi Nifty Midcap 150 Momentum 50 Etf,https://www.dezerv.in/mutual-funds/sbi-nifty-midcap-150-momentum-50-etf-inf200kb1aj0/
Sbi Nifty Next 50 Etf,https://www.dezerv.in/mutual-funds/sbi-nifty-next-50-etf-inf200ka1598/
Sbi Nifty Next 50 Index Fund Direct Growth,https://www.dezerv.in/mutual-funds/sbi-nifty-next-50-index-fund-direct-growth-inf200ka1w00/
Sbi Nifty Next 50 Index Fund Regular Growth,https://www.dezerv.in/mutual-funds/sbi-nifty-next-50-index-fund-regular-growth-inf200ka1v76/
Sbi Nifty Private Bank Etf,https://www.dezerv.in/mutual-funds/sbi-nifty-private-bank-etf-inf200ka1s22/
Sbi Nifty Smallcap 250 Index Fund Direct Growth,https://www.dezerv.in/mutual-funds/sbi-nifty-smallcap-250-index-fund-direct-growth-inf200ka16p2/
Sbi Nifty Smallcap 250 Index Fund Regular Growth,https://www.dezerv.in/mutual-funds/sbi-nifty-smallcap-250-index-fund-regular-growth-inf200ka13p9/
Sbi Nifty100 Low Volatility 30 Index Fund Direct Growth,https://www.dezerv.in/mutual-funds/sbi-nifty100-low-volatility-30-index-fund-direct-growth-inf200kb1936/
Sbi Nifty100 Low Volatility 30 Index Fund Regular Growth,https://www.dezerv.in/mutual-funds/sbi-nifty100-low-volatility-30-index-fund-regular-growth-inf200kb1902/
Sbi Nifty200 Momentum 30 Index Fund Direct Growth,https://www.dezerv.in/mutual-funds/sbi-nifty200-momentum-30-index-fund-direct-growth-inf200kb1878/
Sbi Nifty200 Momentum 30 Index Fund Regular Growth,https://www.dezerv.in/mutual-funds/sbi-nifty200-momentum-30-index-fund-regular-growth-inf200kb1845/
Sbi Nifty50 Equal Weight Etf,https://www.dezerv.in/mutual-funds/sbi-nifty50-equal-weight-etf-inf200kb1282/
Sbi Nifty50 Equal Weight Index Fund Direct Growth,https://www.dezerv.in/mutual-funds/sbi-nifty50-equal-weight-index-fund-direct-growth-inf200kb1027/
Sbi Nifty50 Equal Weight Index Fund Regular Growth,https://www.dezerv.in/mutual-funds/sbi-nifty50-equal-weight-index-fund-regular-growth-inf200ka18z7/
Sbi Overnight Fund Direct Growth,https://www.dezerv.in/mutual-funds/sbi-overnight-fund-direct-growth-inf200k01tk5/
Sbi Overnight Fund Regular Growth,https://www.dezerv.in/mutual-funds/sbi-overnight-fund-regular-growth-inf200k01lq9/
Sbi Psu Direct Growth,https://www.dezerv.in/mutual-funds/sbi-psu-direct-growth-inf200k01uy4/
Sbi Psu Regular Growth,https://www.dezerv.in/mutual-funds/sbi-psu-regular-growth-inf200k01bc0/
Sbi Quality Fund Direct Growth,https://www.dezerv.in/mutual-funds/sbi-quality-fund-direct-growth-inf200kb1ag6/
Sbi Quality Fund Regular Growth,https://www.dezerv.in/mutual-funds/sbi-quality-fund-regular-growth-inf200kb1ad3/
Sbi Quant Fund Direct Growth,https://www.dezerv.in/mutual-funds/sbi-quant-fund-direct-growth-inf200kb1506/
Sbi Quant Fund Regular Growth,https://www.dezerv.in/mutual-funds/sbi-quant-fund-regular-growth-inf200kb1472/
Sbi Retirement Benefit Fund Aggressive Hybrid Plan Direct Growth,https://www.dezerv.in/mutual-funds/sbi-retirement-benefit-fund-aggressive-hybrid-plan-direct-growth-inf200ka1s97/
Sbi Retirement Benefit Fund Aggressive Hybrid Plan Regular Growth,https://www.dezerv.in/mutual-funds/sbi-retirement-benefit-fund-aggressive-hybrid-plan-regular-growth-inf200ka1s71/
Sbi Retirement Benefit Fund Aggressive Plan Direct Growth,https://www.dezerv.in/mutual-funds/sbi-retirement-benefit-fund-aggressive-plan-direct-growth-inf200ka1s55/
Sbi Retirement Benefit Fund Aggressive Plan Regular Growth,https://www.dezerv.in/mutual-funds/sbi-retirement-benefit-fund-aggressive-plan-regular-growth-inf200ka1s30/
Sbi Retirement Benefit Fund Conservative Hybrid Plan Direct Growth,https://www.dezerv.in/mutual-funds/sbi-retirement-benefit-fund-conservative-hybrid-plan-direct-growth-inf200ka1t70/
Sbi Retirement Benefit Fund Conservative Hybrid Plan Regular Growth,https://www.dezerv.in/mutual-funds/sbi-retirement-benefit-fund-conservative-hybrid-plan-regular-growth-inf200ka1t54/
Sbi Retirement Benefit Fund Conservative Plan Direct Growth,https://www.dezerv.in/mutual-funds/sbi-retirement-benefit-fund-conservative-plan-direct-growth-inf200ka1t39/
Sbi Retirement Benefit Fund Conservative Plan Regular Growth,https://www.dezerv.in/mutual-funds/sbi-retirement-benefit-fund-conservative-plan-regular-growth-inf200ka1t13/
Sbi S P Bse 100 Etf,https://www.dezerv.in/mutual-funds/sbi-s-p-bse-100-etf-inf200ka1572/
Sbi S P Bse Sensex Etf,https://www.dezerv.in/mutual-funds/sbi-s-p-bse-sensex-etf-inf200k01vt2/
Sbi S P Bse Sensex Index Fund Direct Growth,https://www.dezerv.in/mutual-funds/sbi-s-p-bse-sensex-index-fund-direct-growth-inf200ka16y4/
Sbi S P Bse Sensex Index Fund Regular Growth,https://www.dezerv.in/mutual-funds/sbi-s-p-bse-sensex-index-fund-regular-growth-inf200ka13y1/
Sbi S P Bse Sensex Next 50 Etf,https://www.dezerv.in/mutual-funds/sbi-s-p-bse-sensex-next-50-etf-inf200ka1vq2/
Sbi Savings Fund Direct Growth,https://www.dezerv.in/mutual-funds/sbi-savings-fund-direct-growth-inf200k01sz5/
Sbi Savings Fund Regular Growth,https://www.dezerv.in/mutual-funds/sbi-savings-fund-regular-growth-inf200k01636/
Sbi Short Term Debt Fund Direct Growth,https://www.dezerv.in/mutual-funds/sbi-short-term-debt-fund-direct-growth-inf200k01ve4/
Sbi Short Term Debt Fund Regular Growth,https://www.dezerv.in/mutual-funds/sbi-short-term-debt-fund-regular-growth-inf200k01hz8/
Sbi Silver Etf Fund Of Fund Direct Growth,https://www.dezerv.in/mutual-funds/sbi-silver-etf-fund-of-fund-direct-growth-inf200kb1233/
Sbi Silver Etf Fund Of Fund Regular Growth,https://www.dezerv.in/mutual-funds/sbi-silver-etf-fund-of-fund-regular-growth-inf200kb1266/
Sbi Silver Etf,https://www.dezerv.in/mutual-funds/sbi-silver-etf-inf200kb1217/
Sbi Small Cap Fund Direct Growth,https://www.dezerv.in/mutual-funds/sbi-small-cap-fund-direct-growth-inf200k01t51/
Sbi Small Cap Fund Regular Growth,https://www.dezerv.in/mutual-funds/sbi-small-cap-fund-regular-growth-inf200k01t28/
Sbi Tax Advantage Fund Series Iii Direct Growth,https://www.dezerv.in/mutual-funds/sbi-tax-advantage-fund-series-iii-direct-growth-inf200k01x06/
Sbi Tax Advantage Fund Series Iii Regular Growth,https://www.dezerv.in/mutual-funds/sbi-tax-advantage-fund-series-iii-regular-growth-inf200k01w80/
Sbi Technology Opportunities Fund Direct Growth,https://www.dezerv.in/mutual-funds/sbi-technology-opportunities-fund-direct-growth-inf200k01rv6/
Sbi Technology Opportunities Fund Regular Growth,https://www.dezerv.in/mutual-funds/sbi-technology-opportunities-fund-regular-growth-inf200k01vs4/
Shriram Balanced Advantage Fund Direct Growth,https://www.dezerv.in/mutual-funds/shriram-balanced-advantage-fund-direct-growth-inf680p01208/
Shriram Balanced Advantage Fund Regular Growth,https://www.dezerv.in/mutual-funds/shriram-balanced-advantage-fund-regular-growth-inf680p01174/
Shriram Flexi Cap Fund Direct Growth,https://www.dezerv.in/mutual-funds/shriram-flexi-cap-fund-direct-growth-inf680p01109/
Shriram Flexi Cap Fund Regular Growth,https://www.dezerv.in/mutual-funds/shriram-flexi-cap-fund-regular-growth-inf680p01075/
Shriram Hybrid Equity Fund Direct Growth,https://www.dezerv.in/mutual-funds/shriram-hybrid-equity-fund-direct-growth-inf680p01042/
Shriram Hybrid Equity Fund Regular Growth,https://www.dezerv.in/mutual-funds/shriram-hybrid-equity-fund-regular-growth-inf680p01018/
Shriram Liquid Fund Direct Growth,https://www.dezerv.in/mutual-funds/shriram-liquid-fund-direct-growth-inf680p01430/
Shriram Liquid Fund Regular Growth,https://www.dezerv.in/mutual-funds/shriram-liquid-fund-regular-growth-inf680p01448/
Shriram Long Term Equity Fund Direct Growth,https://www.dezerv.in/mutual-funds/shriram-long-term-equity-fund-direct-growth-inf680p01158/
Shriram Long Term Equity Fund Regular Growth,https://www.dezerv.in/mutual-funds/shriram-long-term-equity-fund-regular-growth-inf680p01133/
Shriram Money Market Fund Direct Growth,https://www.dezerv.in/mutual-funds/shriram-money-market-fund-direct-growth-inf680p01471/
Shriram Money Market Fund Regular Growth,https://www.dezerv.in/mutual-funds/shriram-money-market-fund-regular-growth-inf680p01489/
Shriram Multi Asset Allocation Fund Direct Growth,https://www.dezerv.in/mutual-funds/shriram-multi-asset-allocation-fund-direct-growth-inf680p01406/
Shriram Multi Asset Allocation Fund Regular Growth,https://www.dezerv.in/mutual-funds/shriram-multi-asset-allocation-fund-regular-growth-inf680p01414/
Shriram Multi Sector Rotation Fund Direct Growth,https://www.dezerv.in/mutual-funds/shriram-multi-sector-rotation-fund-direct-growth-inf680p01455/
Shriram Multi Sector Rotation Fund Regular Growth,https://www.dezerv.in/mutual-funds/shriram-multi-sector-rotation-fund-regular-growth-inf680p01463/
Shriram Nifty 1D Rate Liquid Etf,https://www.dezerv.in/mutual-funds/shriram-nifty-1d-rate-liquid-etf-inf680p01422/
Shriram Overnight Fund Direct Growth,https://www.dezerv.in/mutual-funds/shriram-overnight-fund-direct-growth-inf680p01323/
Shriram Overnight Fund Regular Growth,https://www.dezerv.in/mutual-funds/shriram-overnight-fund-regular-growth-inf680p01232/
Sip Vs Mutual Fund,https://www.dezerv.in/mutual-funds/sip-vs-mutual-fund/
Sundaram Aggressive Hybrid Fund Direct Growth,https://www.dezerv.in/mutual-funds/sundaram-aggressive-hybrid-fund-direct-growth-inf173k01fe6/
Sundaram Aggressive Hybrid Fund Regular Growth,https://www.dezerv.in/mutual-funds/sundaram-aggressive-hybrid-fund-regular-growth-inf173k01cl8/
Sundaram Arbitrage Fund Direct Growth,https://www.dezerv.in/mutual-funds/sundaram-arbitrage-fund-direct-growth-inf173k01nf7/
Sundaram Arbitrage Fund Regular Growth,https://www.dezerv.in/mutual-funds/sundaram-arbitrage-fund-regular-growth-inf173k01nb6/
Sundaram Balanced Advantage Fund Direct Growth,https://www.dezerv.in/mutual-funds/sundaram-balanced-advantage-fund-direct-growth-inf173k01fi7/
Sundaram Balanced Advantage Fund Regular Growth,https://www.dezerv.in/mutual-funds/sundaram-balanced-advantage-fund-regular-growth-inf173k01585/
Sundaram Banking Psu Debt Fund Direct Growth,https://www.dezerv.in/mutual-funds/sundaram-banking-psu-debt-fund-direct-growth-inf903j01pa5/
Sundaram Banking Psu Debt Fund Regular Growth,https://www.dezerv.in/mutual-funds/sundaram-banking-psu-debt-fund-regular-growth-inf903j01in3/
Sundaram Business Cycle Fund Direct Growth,https://www.dezerv.in/mutual-funds/sundaram-business-cycle-fund-direct-growth-inf903ja1lq6/
Sundaram Business Cycle Fund Regular Growth,https://www.dezerv.in/mutual-funds/sundaram-business-cycle-fund-regular-growth-inf903ja1ln3/
Sundaram Consumption Fund Direct Growth,https://www.dezerv.in/mutual-funds/sundaram-consumption-fund-direct-growth-inf903j01nh5/
Sundaram Consumption Fund Regular Growth,https://www.dezerv.in/mutual-funds/sundaram-consumption-fund-regular-growth-inf903j01561/
Sundaram Corporate Bond Fund Direct Growth,https://www.dezerv.in/mutual-funds/sundaram-corporate-bond-fund-direct-growth-inf903j01nr4/
Sundaram Corporate Bond Fund Regular Growth,https://www.dezerv.in/mutual-funds/sundaram-corporate-bond-fund-regular-growth-inf903j01hw6/
Sundaram Debt Oriented Hybrid Fund Direct Growth,https://www.dezerv.in/mutual-funds/sundaram-debt-oriented-hybrid-fund-direct-growth-inf903j01op6/
Sundaram Debt Oriented Hybrid Fund Regular Growth,https://www.dezerv.in/mutual-funds/sundaram-debt-oriented-hybrid-fund-regular-growth-inf903j01hb0/
Sundaram Diversified Equity Direct Growth,https://www.dezerv.in/mutual-funds/sundaram-diversified-equity-direct-growth-inf903j01nn3/
Sundaram Diversified Equity Regular Growth,https://www.dezerv.in/mutual-funds/sundaram-diversified-equity-regular-growth-inf903j01538/
Sundaram Dividend Yield Fund Direct Growth,https://www.dezerv.in/mutual-funds/sundaram-dividend-yield-fund-direct-growth-inf173k01ev3/
Sundaram Dividend Yield Fund Regular Growth,https://www.dezerv.in/mutual-funds/sundaram-dividend-yield-fund-regular-growth-inf173k01ac1/
Sundaram Emerging Small Cap Series V Direct Growth,https://www.dezerv.in/mutual-funds/sundaram-emerging-small-cap-series-v-direct-growth-inf903ja1en8/
Sundaram Emerging Small Cap Series V Regular Growth,https://www.dezerv.in/mutual-funds/sundaram-emerging-small-cap-series-v-regular-growth-inf903ja1el2/
Sundaram Emerging Small Cap Series Vi Direct Growth,https://www.dezerv.in/mutual-funds/sundaram-emerging-small-cap-series-vi-direct-growth-inf903ja1ev1/
Sundaram Emerging Small Cap Series Vi Regular Growth,https://www.dezerv.in/mutual-funds/sundaram-emerging-small-cap-series-vi-regular-growth-inf903ja1et5/
Sundaram Emerging Small Cap Series Vii Direct Growth,https://www.dezerv.in/mutual-funds/sundaram-emerging-small-cap-series-vii-direct-growth-inf903ja1fh7/
Sundaram Emerging Small Cap Series Vii Regular Growth,https://www.dezerv.in/mutual-funds/sundaram-emerging-small-cap-series-vii-regular-growth-inf903ja1ff1/
Sundaram Equity Savings Fund Direct Growth,https://www.dezerv.in/mutual-funds/sundaram-equity-savings-fund-direct-growth-inf173k01gz9/
Sundaram Equity Savings Fund Regular Growth,https://www.dezerv.in/mutual-funds/sundaram-equity-savings-fund-regular-growth-inf173k01213/
Sundaram Financial Services Opportunities Direct Growth,https://www.dezerv.in/mutual-funds/sundaram-financial-services-opportunities-direct-growth-inf903j01nb8/
Sundaram Financial Services Opportunities Regular Growth,https://www.dezerv.in/mutual-funds/sundaram-financial-services-opportunities-regular-growth-inf903j01629/
Sundaram Fixed Term Plan Series Im Direct Growth,https://www.dezerv.in/mutual-funds/sundaram-fixed-term-plan-series-im-direct-growth-inf903ja1gf9/
Sundaram Fixed Term Plan Series Im Regular Growth,https://www.dezerv.in/mutual-funds/sundaram-fixed-term-plan-series-im-regular-growth-inf903ja1gd4/
Sundaram Flexi Cap Fund Direct Growth,https://www.dezerv.in/mutual-funds/sundaram-flexi-cap-fund-direct-growth-inf903ja1le2/
Sundaram Flexi Cap Fund Regular Growth,https://www.dezerv.in/mutual-funds/sundaram-flexi-cap-fund-regular-growth-inf903ja1lb8/
Sundaram Focused Fund Direct Growth,https://www.dezerv.in/mutual-funds/sundaram-focused-fund-direct-growth-inf173k01ek6/
Sundaram Focused Fund Regular Growth,https://www.dezerv.in/mutual-funds/sundaram-focused-fund-regular-growth-inf173k01189/
Sundaram Ftp Iq Direct Growth,https://www.dezerv.in/mutual-funds/sundaram-ftp-iq-direct-growth-inf903ja1gx2/
Sundaram Ftp Iq Regular Growth,https://www.dezerv.in/mutual-funds/sundaram-ftp-iq-regular-growth-inf903ja1gv6/
Sundaram Global Brand Fund Direct Growth,https://www.dezerv.in/mutual-funds/sundaram-global-brand-fund-direct-growth-inf903j01ob6/
Sundaram Global Brand Fund Regular Growth,https://www.dezerv.in/mutual-funds/sundaram-global-brand-fund-regular-growth-inf903j01ex1/
Sundaram Income Plus Arbitrage Active Fof Direct Growth,https://www.dezerv.in/mutual-funds/sundaram-income-plus-arbitrage-active-fof-direct-growth-inf903ja1lz7/
Sundaram Income Plus Arbitrage Active Fof Regular Growth,https://www.dezerv.in/mutual-funds/sundaram-income-plus-arbitrage-active-fof-regular-growth-inf903ja1mc4/
Sundaram Infrastructure Advantage Fund Direct Growth,https://www.dezerv.in/mutual-funds/sundaram-infrastructure-advantage-fund-direct-growth-inf903j01f92/
Sundaram Infrastructure Advantage Fund Regular Growth,https://www.dezerv.in/mutual-funds/sundaram-infrastructure-advantage-fund-regular-growth-inf903j01f68/
Sundaram Large And Mid Cap Fund Direct Growth,https://www.dezerv.in/mutual-funds/sundaram-large-and-mid-cap-fund-direct-growth-inf903j01pr9/
Sundaram Large And Mid Cap Fund Regular Growth,https://www.dezerv.in/mutual-funds/sundaram-large-and-mid-cap-fund-regular-growth-inf903j01dt1/
Sundaram Large Cap Fund Direct Growth,https://www.dezerv.in/mutual-funds/sundaram-large-cap-fund-direct-growth-inf903ja1jc0/
Sundaram Large Cap Fund Regular Growth,https://www.dezerv.in/mutual-funds/sundaram-large-cap-fund-regular-growth-inf903ja1iz3/
Sundaram Liquid Fund Direct Growth,https://www.dezerv.in/mutual-funds/sundaram-liquid-fund-direct-growth-inf173k01gu0/
Sundaram Liquid Fund Regular Growth,https://www.dezerv.in/mutual-funds/sundaram-liquid-fund-regular-growth-inf173k01da9/
Sundaram Long Term Micro Cap Tax Advantage Fund Series Iv Direct Growth,https://www.dezerv.in/mutual-funds/sundaram-long-term-micro-cap-tax-advantage-fund-series-iv-direct-growth-inf903ja1526/
Sundaram Long Term Micro Cap Tax Advantage Fund Series Iv Regular Growth,https://www.dezerv.in/mutual-funds/sundaram-long-term-micro-cap-tax-advantage-fund-series-iv-regular-growth-inf903ja1500/
Sundaram Long Term Micro Cap Tax Advantage Fund Series V Direct Growth,https://www.dezerv.in/mutual-funds/sundaram-long-term-micro-cap-tax-advantage-fund-series-v-direct-growth-inf903ja1955/
Sundaram Long Term Micro Cap Tax Advantage Fund Series V Regular Growth,https://www.dezerv.in/mutual-funds/sundaram-long-term-micro-cap-tax-advantage-fund-series-v-regular-growth-inf903ja1930/
Sundaram Long Term Micro Cap Tax Advantage Fund Series Vi Direct Growth,https://www.dezerv.in/mutual-funds/sundaram-long-term-micro-cap-tax-advantage-fund-series-vi-direct-growth-inf903ja1az0/
Sundaram Long Term Micro Cap Tax Advantage Fund Series Vi Regular Growth,https://www.dezerv.in/mutual-funds/sundaram-long-term-micro-cap-tax-advantage-fund-series-vi-regular-growth-inf903ja1ax5/
Sundaram Long Term Micro Captax Advantage Fund Sries Iii Direct Growth,https://www.dezerv.in/mutual-funds/sundaram-long-term-micro-captax-advantage-fund-sries-iii-direct-growth-inf903ja1443/
Sundaram Long Term Micro Captax Advantage Fund Sries Iii Regular Growth,https://www.dezerv.in/mutual-funds/sundaram-long-term-micro-captax-advantage-fund-sries-iii-regular-growth-inf903ja1427/
Sundaram Long Term Tax Advantage Fund Series I Direct Growth,https://www.dezerv.in/mutual-funds/sundaram-long-term-tax-advantage-fund-series-i-direct-growth-inf903j014a9/
Sundaram Long Term Tax Advantage Fund Series I Regular Growth,https://www.dezerv.in/mutual-funds/sundaram-long-term-tax-advantage-fund-series-i-regular-growth-inf903j012a3/
Sundaram Long Term Tax Advantage Fund Series Ii Direct Growth,https://www.dezerv.in/mutual-funds/sundaram-long-term-tax-advantage-fund-series-ii-direct-growth-inf903j011w9/
Sundaram Long Term Tax Advantage Fund Series Ii Regular Growth,https://www.dezerv.in/mutual-funds/sundaram-long-term-tax-advantage-fund-series-ii-regular-growth-inf903j019v4/
Sundaram Long Term Tax Advantage Fund Series Iii Direct Growth,https://www.dezerv.in/mutual-funds/sundaram-long-term-tax-advantage-fund-series-iii-direct-growth-inf903ja1bt1/
Sundaram Long Term Tax Advantage Fund Series Iii Regular Growth,https://www.dezerv.in/mutual-funds/sundaram-long-term-tax-advantage-fund-series-iii-regular-growth-inf903ja1br5/
Sundaram Long Term Tax Advantage Fund Series Iv Direct Growth,https://www.dezerv.in/mutual-funds/sundaram-long-term-tax-advantage-fund-series-iv-direct-growth-inf903ja1cz6/
Sundaram Long Term Tax Advantage Fund Series Iv Regular Growth,https://www.dezerv.in/mutual-funds/sundaram-long-term-tax-advantage-fund-series-iv-regular-growth-inf903ja1cx1/
Sundaram Long Term Tax Advantage Fund Series Vi Direct Growth,https://www.dezerv.in/mutual-funds/sundaram-long-term-tax-advantage-fund-series-vi-direct-growth-inf903ja1gb8/
Sundaram Long Term Tax Advantage Fund Series Vi Regular Growth,https://www.dezerv.in/mutual-funds/sundaram-long-term-tax-advantage-fund-series-vi-regular-growth-inf903ja1fz9/
Sundaram Low Duration Fund Direct Growth,https://www.dezerv.in/mutual-funds/sundaram-low-duration-fund-direct-growth-inf173k01fs6/
Sundaram Low Duration Fund Regular Growth,https://www.dezerv.in/mutual-funds/sundaram-low-duration-fund-regular-growth-inf173k01dg6/
Sundaram Medium Term Bond Fund Direct Growth,https://www.dezerv.in/mutual-funds/sundaram-medium-term-bond-fund-direct-growth-inf903j01po6/
Sundaram Medium Term Bond Fund Regular Growth,https://www.dezerv.in/mutual-funds/sundaram-medium-term-bond-fund-regular-growth-inf903j01fq2/
Sundaram Mid Cap Fund Direct Growth,https://www.dezerv.in/mutual-funds/sundaram-mid-cap-fund-direct-growth-inf903j01mj3/
Sundaram Mid Cap Fund Regular Growth,https://www.dezerv.in/mutual-funds/sundaram-mid-cap-fund-regular-growth-inf903j01173/
Sundaram Money Market Fund Direct Growth,https://www.dezerv.in/mutual-funds/sundaram-money-market-fund-direct-growth-inf903ja1fr6/
Sundaram Money Market Fund Regular Growth,https://www.dezerv.in/mutual-funds/sundaram-money-market-fund-regular-growth-inf903ja1fj3/
Sundaram Multi Asset Allocation Fund Direct Growth,https://www.dezerv.in/mutual-funds/sundaram-multi-asset-allocation-fund-direct-growth-inf903ja1lk9/
Sundaram Multi Asset Allocation Fund Regular Growth,https://www.dezerv.in/mutual-funds/sundaram-multi-asset-allocation-fund-regular-growth-inf903ja1lh5/
Sundaram Multi Cap Fund Direct Growth,https://www.dezerv.in/mutual-funds/sundaram-multi-cap-fund-direct-growth-inf173k01fq0/
Sundaram Multi Cap Fund Regular Growth,https://www.dezerv.in/mutual-funds/sundaram-multi-cap-fund-regular-growth-inf173k01940/
Sundaram Multi Cap Series Ii Regular Growth,https://www.dezerv.in/mutual-funds/sundaram-multi-cap-series-ii-regular-growth-inf903ja1ed9/
Sundaram Multi Factor Fund Direct Growth,https://www.dezerv.in/mutual-funds/sundaram-multi-factor-fund-direct-growth-inf903ja1lv6/
Sundaram Multi Factor Fund Regular Growth,https://www.dezerv.in/mutual-funds/sundaram-multi-factor-fund-regular-growth-inf903ja1ly0/
Sundaram Nifty 100 Equal Weight Fund Direct Growth,https://www.dezerv.in/mutual-funds/sundaram-nifty-100-equal-weight-fund-direct-growth-inf173k01ez4/
Sundaram Nifty 100 Equal Weight Fund Regular Growth,https://www.dezerv.in/mutual-funds/sundaram-nifty-100-equal-weight-fund-regular-growth-inf173k01ag2/
Sundaram Overnight Fund Direct Growth,https://www.dezerv.in/mutual-funds/sundaram-overnight-fund-direct-growth-inf903ja1hg5/
Sundaram Overnight Fund Regular Growth,https://www.dezerv.in/mutual-funds/sundaram-overnight-fund-regular-growth-inf903ja1gz7/
Sundaram Services Fund Direct Growth,https://www.dezerv.in/mutual-funds/sundaram-services-fund-direct-growth-inf903ja1fa2/
Sundaram Services Fund Regular Growth,https://www.dezerv.in/mutual-funds/sundaram-services-fund-regular-growth-inf903ja1ex7/
Sundaram Short Duration Fund Direct Growth,https://www.dezerv.in/mutual-funds/sundaram-short-duration-fund-direct-growth-inf173k01gp0/
Sundaram Short Duration Fund Regular Growth,https://www.dezerv.in/mutual-funds/sundaram-short-duration-fund-regular-growth-inf173k01ba3/
Sundaram Small Cap Fund Direct Growth,https://www.dezerv.in/mutual-funds/sundaram-small-cap-fund-direct-growth-inf903j01nk9/
Sundaram Small Cap Fund Regular Growth,https://www.dezerv.in/mutual-funds/sundaram-small-cap-fund-regular-growth-inf903j01470/
Sundaram Tax Savings Fund Direct Growth,https://www.dezerv.in/mutual-funds/sundaram-tax-savings-fund-direct-growth-inf173k01hz7/
Sundaram Tax Savings Fund Regular Growth,https://www.dezerv.in/mutual-funds/sundaram-tax-savings-fund-regular-growth-inf173k01361/
Sundaram Ultra Short Duration Fund Direct Growth,https://www.dezerv.in/mutual-funds/sundaram-ultra-short-duration-fund-direct-growth-inf173k01hi3/
Sundaram Ultra Short Duration Fund Regular Growth,https://www.dezerv.in/mutual-funds/sundaram-ultra-short-duration-fund-regular-growth-inf173k01cu9/
Tata Arbitrage Fund Direct Growth,https://www.dezerv.in/mutual-funds/tata-arbitrage-fund-direct-growth-inf277k017q3/
Tata Arbitrage Fund Regular Growth,https://www.dezerv.in/mutual-funds/tata-arbitrage-fund-regular-growth-inf277k015q7/
Tata Balanced Advantage Fund Direct Growth,https://www.dezerv.in/mutual-funds/tata-balanced-advantage-fund-direct-growth-inf277k013s8/
Tata Balanced Advantage Fund Regular Growth,https://www.dezerv.in/mutual-funds/tata-balanced-advantage-fund-regular-growth-inf277k010s4/
Tata Banking Financial Services Fund Direct Growth,https://www.dezerv.in/mutual-funds/tata-banking-financial-services-fund-direct-growth-inf277k01z10/
Tata Banking Financial Services Fund Regular Growth,https://www.dezerv.in/mutual-funds/tata-banking-financial-services-fund-regular-growth-inf277k01y86/
Tata Banking Psu Debt Fund Direct Growth,https://www.dezerv.in/mutual-funds/tata-banking-psu-debt-fund-direct-growth-inf277k015x3/
Tata Banking Psu Debt Fund Regular Growth,https://www.dezerv.in/mutual-funds/tata-banking-psu-debt-fund-regular-growth-inf277k011x2/
Tata Bse Multicap Consumption 50 30 20 Index Fund Direct Growth,https://www.dezerv.in/mutual-funds/tata-bse-multicap-consumption-50-30-20-index-fund-direct-growth-inf277ka1ep8/
Tata Bse Multicap Consumption 50 30 20 Index Fund Regular Growth,https://www.dezerv.in/mutual-funds/tata-bse-multicap-consumption-50-30-20-index-fund-regular-growth-inf277ka1em5/
Tata Bse Quality Index Fund Direct Growth,https://www.dezerv.in/mutual-funds/tata-bse-quality-index-fund-direct-growth-inf277ka1dk1/
Tata Bse Quality Index Fund Regular Growth,https://www.dezerv.in/mutual-funds/tata-bse-quality-index-fund-regular-growth-inf277ka1dh7/
Tata Bse Select Business Groups Index Fund Direct Growth,https://www.dezerv.in/mutual-funds/tata-bse-select-business-groups-index-fund-direct-growth-inf277ka1da2/
Tata Bse Select Business Groups Index Fund Regular Growth,https://www.dezerv.in/mutual-funds/tata-bse-select-business-groups-index-fund-regular-growth-inf277ka1cx6/
Tata Business Cycle Fund Direct Growth,https://www.dezerv.in/mutual-funds/tata-business-cycle-fund-direct-growth-inf277ka1166/
Tata Business Cycle Fund Regular Growth,https://www.dezerv.in/mutual-funds/tata-business-cycle-fund-regular-growth-inf277ka1190/
Tata Corporate Bond Fund Direct Growth,https://www.dezerv.in/mutual-funds/tata-corporate-bond-fund-direct-growth-inf277ka1224/
Tata Corporate Bond Fund Regular Growth,https://www.dezerv.in/mutual-funds/tata-corporate-bond-fund-regular-growth-inf277ka1299/
Tata Corporate Bond Fund Segregated Portfolio 1 Direct Growth,https://www.dezerv.in/mutual-funds/tata-corporate-bond-fund-segregated-portfolio-1-direct-growth-inf277k013v2/
Tata Corporate Bond Fund Segregated Portfolio 1 Regular Growth,https://www.dezerv.in/mutual-funds/tata-corporate-bond-fund-segregated-portfolio-1-regular-growth-inf277k019u1/
Tata Crisil Ibx Gilt Index April 2026 Fund Direct Growth,https://www.dezerv.in/mutual-funds/tata-crisil-ibx-gilt-index-april-2026-fund-direct-growth-inf277ka1554/
Tata Crisil Ibx Gilt Index April 2026 Fund Regular Growth,https://www.dezerv.in/mutual-funds/tata-crisil-ibx-gilt-index-april-2026-fund-regular-growth-inf277ka1588/
Tata Digital India Fund Direct Growth,https://www.dezerv.in/mutual-funds/tata-digital-india-fund-direct-growth-inf277k01z77/
Tata Digital India Fund Regular Growth,https://www.dezerv.in/mutual-funds/tata-digital-india-fund-regular-growth-inf277k01z44/
Tata Dividend Yield Fund Direct Growth,https://www.dezerv.in/mutual-funds/tata-dividend-yield-fund-direct-growth-inf277k015z8/
Tata Dividend Yield Fund Regular Growth,https://www.dezerv.in/mutual-funds/tata-dividend-yield-fund-regular-growth-inf277k018z2/
Tata Equity Pe Fund Direct Growth,https://www.dezerv.in/mutual-funds/tata-equity-pe-fund-direct-growth-inf277k01nd1/
Tata Equity Pe Fund Regular Growth,https://www.dezerv.in/mutual-funds/tata-equity-pe-fund-regular-growth-inf277k01451/
Tata Equity Savings Fund Direct Growth,https://www.dezerv.in/mutual-funds/tata-equity-savings-fund-direct-growth-inf277k01qh5/
Tata Equity Savings Fund Regular Growth,https://www.dezerv.in/mutual-funds/tata-equity-savings-fund-regular-growth-inf277k01907/
Tata Ethical Fund Direct Growth,https://www.dezerv.in/mutual-funds/tata-ethical-fund-direct-growth-inf277k01ng4/
Tata Ethical Fund Regular Growth,https://www.dezerv.in/mutual-funds/tata-ethical-fund-regular-growth-inf277k01956/
Tata Fixed Maturity Plan Series 56 Scheme G Direct Growth,https://www.dezerv.in/mutual-funds/tata-fixed-maturity-plan-series-56-scheme-g-direct-growth-inf277k013r0/
Tata Fixed Maturity Plan Series 56 Scheme G Regular Growth,https://www.dezerv.in/mutual-funds/tata-fixed-maturity-plan-series-56-scheme-g-regular-growth-inf277k011r4/
Tata Fixed Maturity Plan Series 56 Scheme H Direct Growth,https://www.dezerv.in/mutual-funds/tata-fixed-maturity-plan-series-56-scheme-h-direct-growth-inf277k018r9/
Tata Fixed Maturity Plan Series 56 Scheme H Regular Growth,https://www.dezerv.in/mutual-funds/tata-fixed-maturity-plan-series-56-scheme-h-regular-growth-inf277k016r3/
Tata Fixed Maturity Plan Series 61 Scheme A 91 Days Direct Growth,https://www.dezerv.in/mutual-funds/tata-fixed-maturity-plan-series-61-scheme-a-91-days-direct-growth-inf277ka1ac4/
Tata Fixed Maturity Plan Series 61 Scheme A 91 Days Regular Growth,https://www.dezerv.in/mutual-funds/tata-fixed-maturity-plan-series-61-scheme-a-91-days-regular-growth-inf277ka1992/
Tata Fixed Maturity Plan Series 61 Scheme B 364 Days Direct Growth,https://www.dezerv.in/mutual-funds/tata-fixed-maturity-plan-series-61-scheme-b-364-days-direct-growth-inf277ka1ai1/
Tata Fixed Maturity Plan Series 61 Scheme B 364 Days Regular Growth,https://www.dezerv.in/mutual-funds/tata-fixed-maturity-plan-series-61-scheme-b-364-days-regular-growth-inf277ka1af7/
Tata Fixed Maturity Plan Series 61 Scheme C 91 Days Direct Growth,https://www.dezerv.in/mutual-funds/tata-fixed-maturity-plan-series-61-scheme-c-91-days-direct-growth-inf277ka1bx8/
Tata Fixed Maturity Plan Series 61 Scheme C 91 Days Regular Growth,https://www.dezerv.in/mutual-funds/tata-fixed-maturity-plan-series-61-scheme-c-91-days-regular-growth-inf277ka1bv2/
Tata Fixed Maturity Plan Series 61 Scheme D 91 Days Direct Growth,https://www.dezerv.in/mutual-funds/tata-fixed-maturity-plan-series-61-scheme-d-91-days-direct-growth-inf277ka1de4/
Tata Fixed Maturity Plan Series 61 Scheme D 91 Days Regular Growth,https://www.dezerv.in/mutual-funds/tata-fixed-maturity-plan-series-61-scheme-d-91-days-regular-growth-inf277ka1dg9/
Tata Fixed Maturity Series E Direct Growth,https://www.dezerv.in/mutual-funds/tata-fixed-maturity-series-e-direct-growth-inf277k019p1/
Tata Fixed Maturity Series E Regular Growth,https://www.dezerv.in/mutual-funds/tata-fixed-maturity-series-e-regular-growth-inf277k017p5/
Tata Flexi Cap Fund Direct Growth,https://www.dezerv.in/mutual-funds/tata-flexi-cap-fund-direct-growth-inf277k015k0/
Tata Flexi Cap Fund Regular Growth,https://www.dezerv.in/mutual-funds/tata-flexi-cap-fund-regular-growth-inf277k019k2/
Tata Floating Rate Fund Direct Growth,https://www.dezerv.in/mutual-funds/tata-floating-rate-fund-direct-growth-inf277ka1026/
Tata Floating Rate Fund Regular Growth,https://www.dezerv.in/mutual-funds/tata-floating-rate-fund-regular-growth-inf277ka1091/
Tata Focused Equity Fund Direct Growth,https://www.dezerv.in/mutual-funds/tata-focused-equity-fund-direct-growth-inf277k017x9/
Tata Focused Equity Fund Regular Growth,https://www.dezerv.in/mutual-funds/tata-focused-equity-fund-regular-growth-inf277k010y2/
Tata Gilt Securities Fund Direct Growth,https://www.dezerv.in/mutual-funds/tata-gilt-securities-fund-direct-growth-inf277k01ox7/
Tata Gilt Securities Fund Regular Growth,https://www.dezerv.in/mutual-funds/tata-gilt-securities-fund-regular-growth-inf277k01519/
Tata Gold Etf Fund Of Fund Direct Growth,https://www.dezerv.in/mutual-funds/tata-gold-etf-fund-of-fund-direct-growth-inf277ka1869/
Tata Gold Etf Fund Of Fund Regular Growth,https://www.dezerv.in/mutual-funds/tata-gold-etf-fund-of-fund-regular-growth-inf277ka1901/
Tata Gold Etf,https://www.dezerv.in/mutual-funds/tata-gold-etf-inf277ka1976/
Tata Housing Opportunities Fund Direct Growth,https://www.dezerv.in/mutual-funds/tata-housing-opportunities-fund-direct-growth-inf277ka1497/
Tata Housing Opportunities Fund Regular Growth,https://www.dezerv.in/mutual-funds/tata-housing-opportunities-fund-regular-growth-inf277ka1521/
Tata Hybrid Equity Fund Direct Growth,https://www.dezerv.in/mutual-funds/tata-hybrid-equity-fund-direct-growth-inf277k01mn2/
Tata Hybrid Equity Fund Regular Growth,https://www.dezerv.in/mutual-funds/tata-hybrid-equity-fund-regular-growth-inf277k01303/
Tata Income Plus Arbitrage Active Fof Direct Growth,https://www.dezerv.in/mutual-funds/tata-income-plus-arbitrage-active-fof-direct-growth-inf277ka1dt2/
Tata Income Plus Arbitrage Active Fof Regular Growth,https://www.dezerv.in/mutual-funds/tata-income-plus-arbitrage-active-fof-regular-growth-inf277ka1dq8/
Tata India Consumer Fund Direct Growth,https://www.dezerv.in/mutual-funds/tata-india-consumer-fund-direct-growth-inf277k013a6/
Tata India Consumer Fund Regular Growth,https://www.dezerv.in/mutual-funds/tata-india-consumer-fund-regular-growth-inf277k010a2/
Tata India Innovation Fund Direct Growth,https://www.dezerv.in/mutual-funds/tata-india-innovation-fund-direct-growth-inf277ka1cu2/
Tata India Innovation Fund Regular Growth,https://www.dezerv.in/mutual-funds/tata-india-innovation-fund-regular-growth-inf277ka1cr8/
Tata India Pharma Healthcare Fund Direct Growth,https://www.dezerv.in/mutual-funds/tata-india-pharma-healthcare-fund-direct-growth-inf277k019a3/
Tata India Pharma Healthcare Fund Regular Growth,https://www.dezerv.in/mutual-funds/tata-india-pharma-healthcare-fund-regular-growth-inf277k016a9/
Tata India Tax Savings Fund Direct Growth,https://www.dezerv.in/mutual-funds/tata-india-tax-savings-fund-direct-growth-inf277k01i86/
Tata India Tax Savings Fund Regular Growth,https://www.dezerv.in/mutual-funds/tata-india-tax-savings-fund-regular-growth-inf277k01i52/
Tata Infrastructure Fund Direct Growth,https://www.dezerv.in/mutual-funds/tata-infrastructure-fund-direct-growth-inf277k01pq8/
Tata Infrastructure Fund Regular Growth,https://www.dezerv.in/mutual-funds/tata-infrastructure-fund-regular-growth-inf277k01782/
Tata Large Cap Fund Direct Growth,https://www.dezerv.in/mutual-funds/tata-large-cap-fund-direct-growth-inf277k01qz7/
Tata Large Cap Fund Regular Growth,https://www.dezerv.in/mutual-funds/tata-large-cap-fund-regular-growth-inf277k01931/
Tata Large Mid Cap Fund Direct Growth,https://www.dezerv.in/mutual-funds/tata-large-mid-cap-fund-direct-growth-inf277k01mk8/
Tata Large Mid Cap Fund Regular Growth,https://www.dezerv.in/mutual-funds/tata-large-mid-cap-fund-regular-growth-inf277k01428/
Tata Liquid Fund Direct Growth,https://www.dezerv.in/mutual-funds/tata-liquid-fund-direct-growth-inf277k01ye6/
Tata Liquid Fund Regular Growth,https://www.dezerv.in/mutual-funds/tata-liquid-fund-regular-growth-inf277k01yd8/
Tata Medium Term Fund Segregated Portfolio 1 Direct Growth,https://www.dezerv.in/mutual-funds/tata-medium-term-fund-segregated-portfolio-1-direct-growth-inf277k019v9/
Tata Medium Term Fund Segregated Portfolio 1 Regular Growth,https://www.dezerv.in/mutual-funds/tata-medium-term-fund-segregated-portfolio-1-regular-growth-inf277k017v3/
Tata Mid Cap Growth Fund Direct Growth,https://www.dezerv.in/mutual-funds/tata-mid-cap-growth-fund-direct-growth-inf277k01py2/
Tata Mid Cap Growth Fund Regular Growth,https://www.dezerv.in/mutual-funds/tata-mid-cap-growth-fund-regular-growth-inf277k01626/
Tata Money Market Fund Direct Growth,https://www.dezerv.in/mutual-funds/tata-money-market-fund-direct-growth-inf277k01pr6/
Tata Money Market Fund Regular Growth,https://www.dezerv.in/mutual-funds/tata-money-market-fund-regular-growth-inf277k01lq7/
Tata Multi Asset Opportunities Fund Direct Growth,https://www.dezerv.in/mutual-funds/tata-multi-asset-opportunities-fund-direct-growth-inf277k019y3/
Tata Multi Asset Opportunities Fund Regular Growth,https://www.dezerv.in/mutual-funds/tata-multi-asset-opportunities-fund-regular-growth-inf277k012z5/
Tata Multicap Fund Direct Growth,https://www.dezerv.in/mutual-funds/tata-multicap-fund-direct-growth-inf277ka1679/
Tata Multicap Fund Regular Growth,https://www.dezerv.in/mutual-funds/tata-multicap-fund-regular-growth-inf277ka1703/
Tata Nifty 50 Etf,https://www.dezerv.in/mutual-funds/tata-nifty-50-etf-inf277k015r5/
Tata Nifty Auto Index Fund Direct Growth,https://www.dezerv.in/mutual-funds/tata-nifty-auto-index-fund-direct-growth-inf277ka1au6/
Tata Nifty Auto Index Fund Regular Growth,https://www.dezerv.in/mutual-funds/tata-nifty-auto-index-fund-regular-growth-inf277ka1ar2/
Tata Nifty Capital Markets Index Fund Direct Growth,https://www.dezerv.in/mutual-funds/tata-nifty-capital-markets-index-fund-direct-growth-inf277ka1co5/
Tata Nifty Capital Markets Index Fund Regular Growth,https://www.dezerv.in/mutual-funds/tata-nifty-capital-markets-index-fund-regular-growth-inf277ka1cl1/
Tata Nifty Financial Services Index Fund Direct Growth,https://www.dezerv.in/mutual-funds/tata-nifty-financial-services-index-fund-direct-growth-inf277ka1ba6/
Tata Nifty Financial Services Index Fund Regular Growth,https://www.dezerv.in/mutual-funds/tata-nifty-financial-services-index-fund-regular-growth-inf277ka1ax0/
Tata Nifty G Sec Dec 2026 Index Fund Direct Growth,https://www.dezerv.in/mutual-funds/tata-nifty-g-sec-dec-2026-index-fund-direct-growth-inf277ka1794/
Tata Nifty G Sec Dec 2026 Index Fund Regular Growth,https://www.dezerv.in/mutual-funds/tata-nifty-g-sec-dec-2026-index-fund-regular-growth-inf277ka1828/
Tata Nifty G Sec Dec 2029 Index Fund Direct Growth,https://www.dezerv.in/mutual-funds/tata-nifty-g-sec-dec-2029-index-fund-direct-growth-inf277ka1737/
Tata Nifty G Sec Dec 2029 Index Fund Regular Growth,https://www.dezerv.in/mutual-funds/tata-nifty-g-sec-dec-2029-index-fund-regular-growth-inf277ka1760/
Tata Nifty India Digital Etf Fund Of Fund Direct Growth,https://www.dezerv.in/mutual-funds/tata-nifty-india-digital-etf-fund-of-fund-direct-growth-inf277ka1430/
Tata Nifty India Digital Etf Fund Of Fund Regular Growth,https://www.dezerv.in/mutual-funds/tata-nifty-india-digital-etf-fund-of-fund-regular-growth-inf277ka1463/
Tata Nifty India Digital Etf,https://www.dezerv.in/mutual-funds/tata-nifty-india-digital-etf-inf277ka1364/
Tata Nifty India Tourism Index Fund Direct Growth,https://www.dezerv.in/mutual-funds/tata-nifty-india-tourism-index-fund-direct-growth-inf277ka1cc0/
Tata Nifty India Tourism Index Fund Regular Growth,https://www.dezerv.in/mutual-funds/tata-nifty-india-tourism-index-fund-regular-growth-inf277ka1bz3/
Tata Nifty Midcap 150 Index Fund Direct Growth,https://www.dezerv.in/mutual-funds/tata-nifty-midcap-150-index-fund-direct-growth-inf277ka1dz9/
Tata Nifty Midcap 150 Index Fund Regular Growth,https://www.dezerv.in/mutual-funds/tata-nifty-midcap-150-index-fund-regular-growth-inf277ka1dw6/
Tata Nifty Midcap 150 Momentum 50 Index Fund Direct Growth,https://www.dezerv.in/mutual-funds/tata-nifty-midcap-150-momentum-50-index-fund-direct-growth-inf277ka1612/
Tata Nifty Midcap 150 Momentum 50 Index Fund Regular Growth,https://www.dezerv.in/mutual-funds/tata-nifty-midcap-150-momentum-50-index-fund-regular-growth-inf277ka1646/
Tata Nifty Midsmall Healthcare Index Fund Direct Growth,https://www.dezerv.in/mutual-funds/tata-nifty-midsmall-healthcare-index-fund-direct-growth-inf277ka1bg3/
Tata Nifty Midsmall Healthcare Index Fund Regular Growth,https://www.dezerv.in/mutual-funds/tata-nifty-midsmall-healthcare-index-fund-regular-growth-inf277ka1bd0/
Tata Nifty Next 50 Index Fund Direct Growth,https://www.dezerv.in/mutual-funds/tata-nifty-next-50-index-fund-direct-growth-inf277ka1ej1/
Tata Nifty Next 50 Index Fund Regular Growth,https://www.dezerv.in/mutual-funds/tata-nifty-next-50-index-fund-regular-growth-inf277ka1eg7/
Tata Nifty Private Bank Etf,https://www.dezerv.in/mutual-funds/tata-nifty-private-bank-etf-inf277k010x4/
Tata Nifty Realty Index Fund Direct Growth,https://www.dezerv.in/mutual-funds/tata-nifty-realty-index-fund-direct-growth-inf277ka1ao9/
Tata Nifty Realty Index Fund Regular Growth,https://www.dezerv.in/mutual-funds/tata-nifty-realty-index-fund-regular-growth-inf277ka1al5/
Tata Nifty Sdl Plus Aaa Psu Bond Dec 2027 60 40 Index Fund Direct Growth,https://www.dezerv.in/mutual-funds/tata-nifty-sdl-plus-aaa-psu-bond-dec-2027-60-40-index-fund-direct-growth-inf277ka1372/
Tata Nifty Sdl Plus Aaa Psu Bond Dec 2027 60 40 Index Fund Regular Growth,https://www.dezerv.in/mutual-funds/tata-nifty-sdl-plus-aaa-psu-bond-dec-2027-60-40-index-fund-regular-growth-inf277ka1406/
Tata Nifty200 Alpha 30 Index Fund Direct Growth,https://www.dezerv.in/mutual-funds/tata-nifty200-alpha-30-index-fund-direct-growth-inf277ka1ci7/
Tata Nifty200 Alpha 30 Index Fund Regular Growth,https://www.dezerv.in/mutual-funds/tata-nifty200-alpha-30-index-fund-regular-growth-inf277ka1cf3/
Tata Nifty500 Multicap India Manufacturing 50 30 20 Index Fund Direct Growth,https://www.dezerv.in/mutual-funds/tata-nifty500-multicap-india-manufacturing-50-30-20-index-fund-direct-growth-inf277ka1bm1/
Tata Nifty500 Multicap India Manufacturing 50 30 20 Index Fund Regular Growth,https://www.dezerv.in/mutual-funds/tata-nifty500-multicap-india-manufacturing-50-30-20-index-fund-regular-growth-inf277ka1bj7/
Tata Nifty500 Multicap Infrastructure 50 30 20 Index Fund Direct Growth,https://www.dezerv.in/mutual-funds/tata-nifty500-multicap-infrastructure-50-30-20-index-fund-direct-growth-inf277ka1bs8/
Tata Nifty500 Multicap Infrastructure 50 30 20 Index Fund Regular Growth,https://www.dezerv.in/mutual-funds/tata-nifty500-multicap-infrastructure-50-30-20-index-fund-regular-growth-inf277ka1bp4/
Tata Overnight Fund Direct Growth,https://www.dezerv.in/mutual-funds/tata-overnight-fund-direct-growth-inf277k018t5/
Tata Overnight Fund Regular Growth,https://www.dezerv.in/mutual-funds/tata-overnight-fund-regular-growth-inf277k016t9/
Tata Quant Fund Direct Growth,https://www.dezerv.in/mutual-funds/tata-quant-fund-direct-growth-inf277k013y6/
Tata Quant Fund Regular Growth,https://www.dezerv.in/mutual-funds/tata-quant-fund-regular-growth-inf277k016y9/
Tata Resources Energy Fund Direct Growth,https://www.dezerv.in/mutual-funds/tata-resources-energy-fund-direct-growth-inf277k015b9/
Tata Resources Energy Fund Regular Growth,https://www.dezerv.in/mutual-funds/tata-resources-energy-fund-regular-growth-inf277k012b6/
Tata Retirement Savings Conservative Fund Direct Growth,https://www.dezerv.in/mutual-funds/tata-retirement-savings-conservative-fund-direct-growth-inf277k01qm5/
Tata Retirement Savings Conservative Fund Regular Growth,https://www.dezerv.in/mutual-funds/tata-retirement-savings-conservative-fund-regular-growth-inf277k01fi6/
Tata Retirement Savings Moderate Fund Direct Growth,https://www.dezerv.in/mutual-funds/tata-retirement-savings-moderate-fund-direct-growth-inf277k01qn3/
Tata Retirement Savings Moderate Fund Regular Growth,https://www.dezerv.in/mutual-funds/tata-retirement-savings-moderate-fund-regular-growth-inf277k01fh8/
Tata Retirement Savings Progressive Fund Direct Growth,https://www.dezerv.in/mutual-funds/tata-retirement-savings-progressive-fund-direct-growth-inf277k01qo1/
Tata Retirement Savings Progressive Fund Regular Growth,https://www.dezerv.in/mutual-funds/tata-retirement-savings-progressive-fund-regular-growth-inf277k01fg0/
Tata Short Term Bond Fund Direct Growth,https://www.dezerv.in/mutual-funds/tata-short-term-bond-fund-direct-growth-inf277k01qr4/
Tata Short Term Bond Fund Regular Growth,https://www.dezerv.in/mutual-funds/tata-short-term-bond-fund-regular-growth-inf277k01972/
Tata Silver Etf Fund Of Fund Direct Growth,https://www.dezerv.in/mutual-funds/tata-silver-etf-fund-of-fund-direct-growth-inf277ka1943/
Tata Silver Etf Fund Of Fund Regular Growth,https://www.dezerv.in/mutual-funds/tata-silver-etf-fund-of-fund-regular-growth-inf277ka1893/
Tata Silver Etf,https://www.dezerv.in/mutual-funds/tata-silver-etf-inf277ka1984/
Tata Small Cap Fund Direct Growth,https://www.dezerv.in/mutual-funds/tata-small-cap-fund-direct-growth-inf277k011o1/
Tata Small Cap Fund Regular Growth,https://www.dezerv.in/mutual-funds/tata-small-cap-fund-regular-growth-inf277k015o2/
Tata Treasury Advantage Fund Direct Growth,https://www.dezerv.in/mutual-funds/tata-treasury-advantage-fund-direct-growth-inf277k01ok4/
Tata Treasury Advantage Fund Regular Growth,https://www.dezerv.in/mutual-funds/tata-treasury-advantage-fund-regular-growth-inf277k01ma9/
Tata Treasury Advantage Fund Segregated Portfolio 1 Direct Growth,https://www.dezerv.in/mutual-funds/tata-treasury-advantage-fund-segregated-portfolio-1-direct-growth-inf277k015u9/
Tata Treasury Advantage Fund Segregated Portfolio 1 Regular Growth,https://www.dezerv.in/mutual-funds/tata-treasury-advantage-fund-segregated-portfolio-1-regular-growth-inf277k010u0/
Tata Ultra Short Term Fund Direct Growth,https://www.dezerv.in/mutual-funds/tata-ultra-short-term-fund-direct-growth-inf277k011t0/
Tata Ultra Short Term Fund Regular Growth,https://www.dezerv.in/mutual-funds/tata-ultra-short-term-fund-regular-growth-inf277k016s1/
Tata Young Citizens Fund Direct Growth,https://www.dezerv.in/mutual-funds/tata-young-citizens-fund-direct-growth-inf277k01qw4/
Taurus Banking Financial Services Fund Direct Growth,https://www.dezerv.in/mutual-funds/taurus-banking-financial-services-fund-direct-growth-inf044d01cn2/
Taurus Banking Financial Services Fund Regular Growth,https://www.dezerv.in/mutual-funds/taurus-banking-financial-services-fund-regular-growth-inf044d01bi4/
Taurus Discovery Midcap Fund Direct Growth,https://www.dezerv.in/mutual-funds/taurus-discovery-midcap-fund-direct-growth-inf044d01ca9/
Taurus Discovery Midcap Fund Regular Growth,https://www.dezerv.in/mutual-funds/taurus-discovery-midcap-fund-regular-growth-inf044d01815/
Taurus Ethical Fund Direct Growth,https://www.dezerv.in/mutual-funds/taurus-ethical-fund-direct-growth-inf044d01cj0/
Taurus Ethical Fund Regular Growth,https://www.dezerv.in/mutual-funds/taurus-ethical-fund-regular-growth-inf044d01864/
Taurus Flexi Cap Fund Direct Growth,https://www.dezerv.in/mutual-funds/taurus-flexi-cap-fund-direct-growth-inf044d01bu9/
Taurus Flexi Cap Fund Regular Growth,https://www.dezerv.in/mutual-funds/taurus-flexi-cap-fund-regular-growth-inf044d01989/
Taurus Infrastructure Fund Direct Growth,https://www.dezerv.in/mutual-funds/taurus-infrastructure-fund-direct-growth-inf044d01cd3/
Taurus Infrastructure Fund Regular Growth,https://www.dezerv.in/mutual-funds/taurus-infrastructure-fund-regular-growth-inf044d01906/
Taurus Largecap Equity Fund Direct Growth,https://www.dezerv.in/mutual-funds/taurus-largecap-equity-fund-direct-growth-inf044d01bx3/
Taurus Largecap Equity Fund Regular Growth,https://www.dezerv.in/mutual-funds/taurus-largecap-equity-fund-regular-growth-inf044d01773/
Taurus Nifty 50 Index Fund Direct Growth,https://www.dezerv.in/mutual-funds/taurus-nifty-50-index-fund-direct-growth-inf044d01cq5/
Taurus Nifty 50 Index Fund Regular Growth,https://www.dezerv.in/mutual-funds/taurus-nifty-50-index-fund-regular-growth-inf044d01948/
Taurus Tax Shield Direct Growth,https://www.dezerv.in/mutual-funds/taurus-tax-shield-direct-growth-inf044d01cg6/
Taurus Tax Shield Regular Growth,https://www.dezerv.in/mutual-funds/taurus-tax-shield-regular-growth-inf044d01ac9/
Templeton India Equity Income Fund Direct Growth,https://www.dezerv.in/mutual-funds/templeton-india-equity-income-fund-direct-growth-inf090i01it8/
Templeton India Equity Income Fund Regular Growth,https://www.dezerv.in/mutual-funds/templeton-india-equity-income-fund-regular-growth-inf090i01957/
Templeton India Value Fund Direct Growth,https://www.dezerv.in/mutual-funds/templeton-india-value-fund-direct-growth-inf090i01gy2/
Templeton India Value Fund Regular Growth,https://www.dezerv.in/mutual-funds/templeton-india-value-fund-regular-growth-inf090i01296/
The Wealth Company Arbitrage Fund Direct Growth,https://www.dezerv.in/mutual-funds/the-wealth-company-arbitrage-fund-direct-growth-inf2f0001271/
The Wealth Company Arbitrage Fund Regular Growth,https://www.dezerv.in/mutual-funds/the-wealth-company-arbitrage-fund-regular-growth-inf2f0001305/
The Wealth Company Balanced Advantage Fund Direct Growth,https://www.dezerv.in/mutual-funds/the-wealth-company-balanced-advantage-fund-direct-growth-inf2f0001479/
The Wealth Company Balanced Advantage Fund Regular Growth,https://www.dezerv.in/mutual-funds/the-wealth-company-balanced-advantage-fund-regular-growth-inf2f0001446/
The Wealth Company Ethical Fund Direct Growth,https://www.dezerv.in/mutual-funds/the-wealth-company-ethical-fund-direct-growth-inf2f0001214/
The Wealth Company Ethical Fund Regular Growth,https://www.dezerv.in/mutual-funds/the-wealth-company-ethical-fund-regular-growth-inf2f0001248/
The Wealth Company Flexi Cap Fund Direct Growth,https://www.dezerv.in/mutual-funds/the-wealth-company-flexi-cap-fund-direct-growth-inf2f0001040/
The Wealth Company Flexi Cap Fund Regular Growth,https://www.dezerv.in/mutual-funds/the-wealth-company-flexi-cap-fund-regular-growth-inf2f0001016/
The Wealth Company Gold Etf,https://www.dezerv.in/mutual-funds/the-wealth-company-gold-etf-inf2f0001370/
The Wealth Company Liquid Fund Direct Growth,https://www.dezerv.in/mutual-funds/the-wealth-company-liquid-fund-direct-growth-inf2f0001081/
The Wealth Company Liquid Fund Regular Growth,https://www.dezerv.in/mutual-funds/the-wealth-company-liquid-fund-regular-growth-inf2f0001149/
The Wealth Company Multi Asset Allocation Fund Direct Growth,https://www.dezerv.in/mutual-funds/the-wealth-company-multi-asset-allocation-fund-direct-growth-inf2f0001347/
The Wealth Company Multi Asset Allocation Fund Regular Growth,https://www.dezerv.in/mutual-funds/the-wealth-company-multi-asset-allocation-fund-regular-growth-inf2f0001313/
The Wealth Company Small Cap Fund Direct Growth,https://www.dezerv.in/mutual-funds/the-wealth-company-small-cap-fund-direct-growth-inf2f0001537/
The Wealth Company Small Cap Fund Regular Growth,https://www.dezerv.in/mutual-funds/the-wealth-company-small-cap-fund-regular-growth-inf2f0001503/
The Weathy Company Gold Etf Fof Direct Growth,https://www.dezerv.in/mutual-funds/the-weathy-company-gold-etf-fof-direct-growth-inf2f0001412/
The Weathy Company Gold Etf Fof Regular Growth,https://www.dezerv.in/mutual-funds/the-weathy-company-gold-etf-fof-regular-growth-inf2f0001388/
Titanium Hybrid Long Short Fund Direct Growth,https://www.dezerv.in/mutual-funds/titanium-hybrid-long-short-fund-direct-growth-inf277k30047/
Titanium Hybrid Long Short Fund Regular Growth,https://www.dezerv.in/mutual-funds/titanium-hybrid-long-short-fund-regular-growth-inf277k30013/
Total Expense Ratio,https://www.dezerv.in/mutual-funds/total-expense-ratio/
Trustmf Arbitrage Fund Direct Growth,https://www.dezerv.in/mutual-funds/trustmf-arbitrage-fund-direct-growth-inf0gcd01859/
Trustmf Arbitrage Fund Regular Growth,https://www.dezerv.in/mutual-funds/trustmf-arbitrage-fund-regular-growth-inf0gcd01867/
Trustmf Banking Psu Debt Fund Direct Growth,https://www.dezerv.in/mutual-funds/trustmf-banking-psu-debt-fund-direct-growth-inf0gcd01107/
Trustmf Banking Psu Debt Fund Regular Growth,https://www.dezerv.in/mutual-funds/trustmf-banking-psu-debt-fund-regular-growth-inf0gcd01016/
Trustmf Corporate Bond Fund Direct Growth,https://www.dezerv.in/mutual-funds/trustmf-corporate-bond-fund-direct-growth-inf0gcd01560/
Trustmf Corporate Bond Fund Regular Growth,https://www.dezerv.in/mutual-funds/trustmf-corporate-bond-fund-regular-growth-inf0gcd01537/
Trustmf Fixed Maturity Plan Series Ii 1196 Days Direct Growth,https://www.dezerv.in/mutual-funds/trustmf-fixed-maturity-plan-series-ii-1196-days-direct-growth-inf0gcd01651/
Trustmf Fixed Maturity Plan Series Ii 1196 Days Regular Growth,https://www.dezerv.in/mutual-funds/trustmf-fixed-maturity-plan-series-ii-1196-days-regular-growth-inf0gcd01636/
Trustmf Flexi Cap Fund Direct Growth,https://www.dezerv.in/mutual-funds/trustmf-flexi-cap-fund-direct-growth-inf0gcd01743/
Trustmf Flexi Cap Fund Regular Growth,https://www.dezerv.in/mutual-funds/trustmf-flexi-cap-fund-regular-growth-inf0gcd01719/
Trustmf Liquid Fund Direct Growth,https://www.dezerv.in/mutual-funds/trustmf-liquid-fund-direct-growth-inf0gcd01255/
Trustmf Liquid Fund Regular Growth,https://www.dezerv.in/mutual-funds/trustmf-liquid-fund-regular-growth-inf0gcd01198/
Trustmf Mid Cap Fund Direct Growth,https://www.dezerv.in/mutual-funds/trustmf-mid-cap-fund-direct-growth-inf0gcd01875/
Trustmf Mid Cap Fund Regular Growth,https://www.dezerv.in/mutual-funds/trustmf-mid-cap-fund-regular-growth-inf0gcd01883/
Trustmf Money Market Fund Direct Growth,https://www.dezerv.in/mutual-funds/trustmf-money-market-fund-direct-growth-inf0gcd01503/
Trustmf Money Market Fund Regular Growth,https://www.dezerv.in/mutual-funds/trustmf-money-market-fund-regular-growth-inf0gcd01479/
Trustmf Multi Cap Fund Direct Growth,https://www.dezerv.in/mutual-funds/trustmf-multi-cap-fund-direct-growth-inf0gcd01834/
Trustmf Multi Cap Fund Regular Growth,https://www.dezerv.in/mutual-funds/trustmf-multi-cap-fund-regular-growth-inf0gcd01842/
Trustmf Overnight Fund Direct Growth,https://www.dezerv.in/mutual-funds/trustmf-overnight-fund-direct-growth-inf0gcd01453/
Trustmf Overnight Fund Regular Growth,https://www.dezerv.in/mutual-funds/trustmf-overnight-fund-regular-growth-inf0gcd01438/
Trustmf Short Term Fund Direct Growth,https://www.dezerv.in/mutual-funds/trustmf-short-term-fund-direct-growth-inf0gcd01370/
Trustmf Short Term Fund Regular Growth,https://www.dezerv.in/mutual-funds/trustmf-short-term-fund-regular-growth-inf0gcd01313/
Trustmf Small Cap Fund Direct Growth,https://www.dezerv.in/mutual-funds/trustmf-small-cap-fund-direct-growth-inf0gcd01800/
Trustmf Small Cap Fund Regular Growth,https://www.dezerv.in/mutual-funds/trustmf-small-cap-fund-regular-growth-inf0gcd01776/
Unifi Dynamic Asset Allocation Fund Direct Growth,https://www.dezerv.in/mutual-funds/unifi-dynamic-asset-allocation-fund-direct-growth-inf1miy01015/
Unifi Dynamic Asset Allocation Fund Regular Growth,https://www.dezerv.in/mutual-funds/unifi-dynamic-asset-allocation-fund-regular-growth-inf1miy01023/
Unifi Flexi Cap Fund Direct Growth,https://www.dezerv.in/mutual-funds/unifi-flexi-cap-fund-direct-growth-inf1miy01031/
Unifi Flexi Cap Fund Regular Growth,https://www.dezerv.in/mutual-funds/unifi-flexi-cap-fund-regular-growth-inf1miy01049/
Unifi Liquid Fund Direct Growth,https://www.dezerv.in/mutual-funds/unifi-liquid-fund-direct-growth-inf1miy01056/
Unifi Liquid Fund Regular Growth,https://www.dezerv.in/mutual-funds/unifi-liquid-fund-regular-growth-inf1miy01064/
Union Active Momentum Fund Direct Growth,https://www.dezerv.in/mutual-funds/union-active-momentum-fund-direct-growth-inf582m01kg9/
Union Active Momentum Fund Regular Growth,https://www.dezerv.in/mutual-funds/union-active-momentum-fund-regular-growth-inf582m01kc8/
Union Arbitrage Fund Direct Growth,https://www.dezerv.in/mutual-funds/union-arbitrage-fund-direct-growth-inf582m01es7/
Union Arbitrage Fund Regular Growth,https://www.dezerv.in/mutual-funds/union-arbitrage-fund-regular-growth-inf582m01ew9/
Union Balanced Advantage Fund Direct Growth,https://www.dezerv.in/mutual-funds/union-balanced-advantage-fund-direct-growth-inf582m01de9/
Union Balanced Advantage Fund Regular Growth,https://www.dezerv.in/mutual-funds/union-balanced-advantage-fund-regular-growth-inf582m01di0/
Union Business Cycle Fund Direct Growth,https://www.dezerv.in/mutual-funds/union-business-cycle-fund-direct-growth-inf582m01jq0/
Union Business Cycle Fund Regular Growth,https://www.dezerv.in/mutual-funds/union-business-cycle-fund-regular-growth-inf582m01jm9/
Union Children S Fund Direct Growth,https://www.dezerv.in/mutual-funds/union-children-s-fund-direct-growth-inf582m01jk3/
Union Children S Fund Regular Growth,https://www.dezerv.in/mutual-funds/union-children-s-fund-regular-growth-inf582m01ji7/
Union Consumption Fund Direct Growth,https://www.dezerv.in/mutual-funds/union-consumption-fund-direct-growth-inf582m01mh3/
Union Consumption Fund Regular Growth,https://www.dezerv.in/mutual-funds/union-consumption-fund-regular-growth-inf582m01md2/
Union Corporate Bond Fund Direct Growth,https://www.dezerv.in/mutual-funds/union-corporate-bond-fund-direct-growth-inf582m01du5/
Union Corporate Bond Fund Regular Growth,https://www.dezerv.in/mutual-funds/union-corporate-bond-fund-regular-growth-inf582m01dy7/
Union Diversified Equity All Cap Active Fof Direct Growth,https://www.dezerv.in/mutual-funds/union-diversified-equity-all-cap-active-fof-direct-growth-inf582m01lz7/
Union Diversified Equity All Cap Active Fof Regular Growth,https://www.dezerv.in/mutual-funds/union-diversified-equity-all-cap-active-fof-regular-growth-inf582m01lv6/
Union Dynamic Bond Fund Direct Growth,https://www.dezerv.in/mutual-funds/union-dynamic-bond-fund-direct-growth-inf582m01799/
Union Dynamic Bond Fund Regular Growth,https://www.dezerv.in/mutual-funds/union-dynamic-bond-fund-regular-growth-inf582m01336/
Union Equity Savings Fund Direct Growth,https://www.dezerv.in/mutual-funds/union-equity-savings-fund-direct-growth-inf582m01ec1/
Union Equity Savings Fund Regular Growth,https://www.dezerv.in/mutual-funds/union-equity-savings-fund-regular-growth-inf582m01eg2/
Union Fixed Maturity Plan 1114 Days Series 13 Direct Growth,https://www.dezerv.in/mutual-funds/union-fixed-maturity-plan-1114-days-series-13-direct-growth-inf582m01iw0/
Union Fixed Maturity Plan 1114 Days Series 13 Regular Growth,https://www.dezerv.in/mutual-funds/union-fixed-maturity-plan-1114-days-series-13-regular-growth-inf582m01iy6/
Union Flexi Cap Fund Direct Growth,https://www.dezerv.in/mutual-funds/union-flexi-cap-fund-direct-growth-inf582m01633/
Union Flexi Cap Fund Regular Growth,https://www.dezerv.in/mutual-funds/union-flexi-cap-fund-regular-growth-inf582m01104/
Union Focused Fund Direct Growth,https://www.dezerv.in/mutual-funds/union-focused-fund-direct-growth-inf582m01fs4/
Union Focused Fund Regular Growth,https://www.dezerv.in/mutual-funds/union-focused-fund-regular-growth-inf582m01fw6/
Union Gilt Fund Direct Growth,https://www.dezerv.in/mutual-funds/union-gilt-fund-direct-growth-inf582m01hw2/
Union Gilt Fund Regular Growth,https://www.dezerv.in/mutual-funds/union-gilt-fund-regular-growth-inf582m01id0/
Union Gold Etf Fund Of Fund Direct Growth,https://www.dezerv.in/mutual-funds/union-gold-etf-fund-of-fund-direct-growth-inf582m01la0/
Union Gold Etf Fund Of Fund Regular Growth,https://www.dezerv.in/mutual-funds/union-gold-etf-fund-of-fund-regular-growth-inf582m01kt2/
Union Gold Etf,https://www.dezerv.in/mutual-funds/union-gold-etf-inf582m01ks4/
Union Hybrid Equity Fund Direct Growth,https://www.dezerv.in/mutual-funds/union-hybrid-equity-fund-direct-growth-inf582m01gy0/
Union Hybrid Equity Fund Regular Growth,https://www.dezerv.in/mutual-funds/union-hybrid-equity-fund-regular-growth-inf582m01hc4/
Union Income Plus Arbitrage Active Fof Direct Growth,https://www.dezerv.in/mutual-funds/union-income-plus-arbitrage-active-fof-direct-growth-inf582m01lf9/
Union Income Plus Arbitrage Active Fof Regular Growth,https://www.dezerv.in/mutual-funds/union-income-plus-arbitrage-active-fof-regular-growth-inf582m01lb8/
Union Innovation Opportunities Fund Direct Growth,https://www.dezerv.in/mutual-funds/union-innovation-opportunities-fund-direct-growth-inf582m01je6/
Union Innovation Opportunities Fund Regular Growth,https://www.dezerv.in/mutual-funds/union-innovation-opportunities-fund-regular-growth-inf582m01ja4/
Union Large Midcap Fund Direct Growth,https://www.dezerv.in/mutual-funds/union-large-midcap-fund-direct-growth-inf582m01ga0/
Union Large Midcap Fund Regular Growth,https://www.dezerv.in/mutual-funds/union-large-midcap-fund-regular-growth-inf582m01gd4/
Union Largecap Fund Direct Growth,https://www.dezerv.in/mutual-funds/union-largecap-fund-direct-growth-inf582m01cu7/
Union Largecap Fund Regular Growth,https://www.dezerv.in/mutual-funds/union-largecap-fund-regular-growth-inf582m01cq5/
Union Liquid Direct Growth,https://www.dezerv.in/mutual-funds/union-liquid-direct-growth-inf582m01674/
Union Liquid Regular Growth,https://www.dezerv.in/mutual-funds/union-liquid-regular-growth-inf582m01013/
Union Low Duration Fund Direct Growth,https://www.dezerv.in/mutual-funds/union-low-duration-fund-direct-growth-inf582m01lq6/
Union Low Duration Fund Regular Growth,https://www.dezerv.in/mutual-funds/union-low-duration-fund-regular-growth-inf582m01lu8/
Union Medium Duration Fund Direct Growth,https://www.dezerv.in/mutual-funds/union-medium-duration-fund-direct-growth-inf582m01gq6/
Union Medium Duration Fund Regular Growth,https://www.dezerv.in/mutual-funds/union-medium-duration-fund-regular-growth-inf582m01gu8/
Union Midcap Fund Direct Growth,https://www.dezerv.in/mutual-funds/union-midcap-fund-direct-growth-inf582m01gi3/
Union Midcap Fund Regular Growth,https://www.dezerv.in/mutual-funds/union-midcap-fund-regular-growth-inf582m01gm5/
Union Money Market Fund Direct Growth,https://www.dezerv.in/mutual-funds/union-money-market-fund-direct-growth-inf582m01hg5/
Union Money Market Fund Regular Growth,https://www.dezerv.in/mutual-funds/union-money-market-fund-regular-growth-inf582m01ho9/
Union Multi Asset Allocation Fund Direct Growth,https://www.dezerv.in/mutual-funds/union-multi-asset-allocation-fund-direct-growth-inf582m01jy4/
Union Multi Asset Allocation Fund Regular Growth,https://www.dezerv.in/mutual-funds/union-multi-asset-allocation-fund-regular-growth-inf582m01ju2/
Union Multicap Fund Direct Growth,https://www.dezerv.in/mutual-funds/union-multicap-fund-direct-growth-inf582m01io7/
Union Multicap Fund Regular Growth,https://www.dezerv.in/mutual-funds/union-multicap-fund-regular-growth-inf582m01is8/
Union Overnight Fund Direct Growth,https://www.dezerv.in/mutual-funds/union-overnight-fund-direct-growth-inf582m01fa2/
Union Overnight Fund Regular Growth,https://www.dezerv.in/mutual-funds/union-overnight-fund-regular-growth-inf582m01fj3/
Union Retirement Fund Direct Growth,https://www.dezerv.in/mutual-funds/union-retirement-fund-direct-growth-inf582m01ik5/
Union Retirement Fund Regular Growth,https://www.dezerv.in/mutual-funds/union-retirement-fund-regular-growth-inf582m01im1/
Union Short Duration Fund Direct Growth,https://www.dezerv.in/mutual-funds/union-short-duration-fund-direct-growth-inf582m01ko3/
Union Short Duration Fund Regular Growth,https://www.dezerv.in/mutual-funds/union-short-duration-fund-regular-growth-inf582m01kk1/
Union Small Cap Fund Direct Growth,https://www.dezerv.in/mutual-funds/union-small-cap-fund-direct-growth-inf582m01bu9/
Union Small Cap Fund Regular Growth,https://www.dezerv.in/mutual-funds/union-small-cap-fund-regular-growth-inf582m01by1/
Union Tax Saver Elss Fund Direct Growth,https://www.dezerv.in/mutual-funds/union-tax-saver-elss-fund-direct-growth-inf582m01765/
Union Tax Saver Elss Fund Regular Growth,https://www.dezerv.in/mutual-funds/union-tax-saver-elss-fund-regular-growth-inf582m01302/
Union Value Discovery Fund Direct Growth,https://www.dezerv.in/mutual-funds/union-value-discovery-fund-direct-growth-inf582m01ek4/
Union Value Discovery Fund Regular Growth,https://www.dezerv.in/mutual-funds/union-value-discovery-fund-regular-growth-inf582m01eo6/
Uti Arbitrage Fund Direct Growth,https://www.dezerv.in/mutual-funds/uti-arbitrage-fund-direct-growth-inf789fb1rg6/
Uti Arbitrage Fund Regular Growth,https://www.dezerv.in/mutual-funds/uti-arbitrage-fund-regular-growth-inf789fb1rj0/
Uti Balanced Advantage Fund Direct Growth,https://www.dezerv.in/mutual-funds/uti-balanced-advantage-fund-direct-growth-inf789f1ayv3/
Uti Balanced Advantage Fund Regular Growth,https://www.dezerv.in/mutual-funds/uti-balanced-advantage-fund-regular-growth-inf789f1ayt7/
Uti Banking And Financial Services Fund Direct Growth,https://www.dezerv.in/mutual-funds/uti-banking-and-financial-services-fund-direct-growth-inf789f01sn3/
Uti Banking And Financial Services Fund Regular Growth,https://www.dezerv.in/mutual-funds/uti-banking-and-financial-services-fund-regular-growth-inf789f01372/
Uti Banking Psu Debt Fund Direct Growth,https://www.dezerv.in/mutual-funds/uti-banking-psu-debt-fund-direct-growth-inf789f015z6/
Uti Banking Psu Debt Fund Regular Growth,https://www.dezerv.in/mutual-funds/uti-banking-psu-debt-fund-regular-growth-inf789f014z9/
Uti Bond Fund Direct Growth,https://www.dezerv.in/mutual-funds/uti-bond-fund-direct-growth-inf789f01sq6/
Uti Bond Fund Regular Growth,https://www.dezerv.in/mutual-funds/uti-bond-fund-regular-growth-inf789f01406/
Uti Bond Fund Segregated 17022020 Direct Growth,https://www.dezerv.in/mutual-funds/uti-bond-fund-segregated-17022020-direct-growth-inf789f1apf4/
Uti Bond Fund Segregated 17022020 Regular Growth,https://www.dezerv.in/mutual-funds/uti-bond-fund-segregated-17022020-regular-growth-inf789f1aow2/
Uti Children S Equity Fund Direct Growth,https://www.dezerv.in/mutual-funds/uti-children-s-equity-fund-direct-growth-inf789f1azv0/
Uti Children S Equity Fund Regular Growth,https://www.dezerv.in/mutual-funds/uti-children-s-equity-fund-regular-growth-inf789f1azt4/
Uti Core Equity Fund Direct Growth,https://www.dezerv.in/mutual-funds/uti-core-equity-fund-direct-growth-inf789f01ug3/
Uti Core Equity Fund Regular Growth,https://www.dezerv.in/mutual-funds/uti-core-equity-fund-regular-growth-inf789f01869/
Uti Corporate Bond Fund Direct Growth,https://www.dezerv.in/mutual-funds/uti-corporate-bond-fund-direct-growth-inf789f1a538/
Uti Corporate Bond Fund Regular Growth,https://www.dezerv.in/mutual-funds/uti-corporate-bond-fund-regular-growth-inf789f1a447/
Uti Credit Risk Fund Direct Growth,https://www.dezerv.in/mutual-funds/uti-credit-risk-fund-direct-growth-inf789f01yb6/
Uti Credit Risk Fund Regular Growth,https://www.dezerv.in/mutual-funds/uti-credit-risk-fund-regular-growth-inf789f01qz1/
Uti Credit Risk Fund Segregated 06032020 Direct Growth,https://www.dezerv.in/mutual-funds/uti-credit-risk-fund-segregated-06032020-direct-growth-inf789f1arf0/
Uti Credit Risk Fund Segregated 06032020 Regular Growth,https://www.dezerv.in/mutual-funds/uti-credit-risk-fund-segregated-06032020-regular-growth-inf789f1arq7/
Uti Credit Risk Fund Segregated 13092019 Direct Growth,https://www.dezerv.in/mutual-funds/uti-credit-risk-fund-segregated-13092019-direct-growth-inf789f1amk1/
Uti Credit Risk Fund Segregated 13092019 Regular Growth,https://www.dezerv.in/mutual-funds/uti-credit-risk-fund-segregated-13092019-regular-growth-inf789f1amv8/
Uti Credit Risk Fund Segregated 17022020 Direct Growth,https://www.dezerv.in/mutual-funds/uti-credit-risk-fund-segregated-17022020-direct-growth-inf789f1ang7/
Uti Credit Risk Fund Segregated 17022020 Regular Growth,https://www.dezerv.in/mutual-funds/uti-credit-risk-fund-segregated-17022020-regular-growth-inf789f1anr4/
Uti Crisil Sdl Maturity April 2033 Index Fund Direct Growth,https://www.dezerv.in/mutual-funds/uti-crisil-sdl-maturity-april-2033-index-fund-direct-growth-inf789f1awx3/
Uti Crisil Sdl Maturity April 2033 Index Fund Regular Growth,https://www.dezerv.in/mutual-funds/uti-crisil-sdl-maturity-april-2033-index-fund-regular-growth-inf789f1aww5/
Uti Crisil Sdl Maturity June 2027 Index Fund Direct Growth,https://www.dezerv.in/mutual-funds/uti-crisil-sdl-maturity-june-2027-index-fund-direct-growth-inf789f1awz8/
Uti Crisil Sdl Maturity June 2027 Index Fund Regular Growth,https://www.dezerv.in/mutual-funds/uti-crisil-sdl-maturity-june-2027-index-fund-regular-growth-inf789f1awy1/
Uti Dividend Yield Fund Direct Growth,https://www.dezerv.in/mutual-funds/uti-dividend-yield-fund-direct-growth-inf789f01sw4/
Uti Dividend Yield Fund Regular Growth,https://www.dezerv.in/mutual-funds/uti-dividend-yield-fund-regular-growth-inf789f01463/
Uti Dynamic Bond Fund Direct Growth,https://www.dezerv.in/mutual-funds/uti-dynamic-bond-fund-direct-growth-inf789f01xd4/
Uti Dynamic Bond Fund Regular Growth,https://www.dezerv.in/mutual-funds/uti-dynamic-bond-fund-regular-growth-inf789f01jq5/
Uti Dynamic Bond Fund Segregated 17022020 Direct Growth,https://www.dezerv.in/mutual-funds/uti-dynamic-bond-fund-segregated-17022020-direct-growth-inf789f1apx7/
Uti Dynamic Bond Fund Segregated 17022020 Regular Growth,https://www.dezerv.in/mutual-funds/uti-dynamic-bond-fund-segregated-17022020-regular-growth-inf789f1apo6/
Uti Equity Savings Fund Direct Growth,https://www.dezerv.in/mutual-funds/uti-equity-savings-fund-direct-growth-inf789f1a777/
Uti Equity Savings Fund Regular Growth,https://www.dezerv.in/mutual-funds/uti-equity-savings-fund-regular-growth-inf789f1a744/
Uti Fiif Ser 2 Qt Interval V Direct Growth,https://www.dezerv.in/mutual-funds/uti-fiif-ser-2-qt-interval-v-direct-growth-inf789f01wr6/
Uti Fiif Ser 2 Qt Interval V Regular Growth,https://www.dezerv.in/mutual-funds/uti-fiif-ser-2-qt-interval-v-regular-growth-inf789f01gw9/
Uti Fixed Inc Intvl Series2 Qt Intvl Vi Direct Growth,https://www.dezerv.in/mutual-funds/uti-fixed-inc-intvl-series2-qt-intvl-vi-direct-growth-inf789f01wu0/
Uti Fixed Inc Intvl Series2 Qt Intvl Vi Regular Growth,https://www.dezerv.in/mutual-funds/uti-fixed-inc-intvl-series2-qt-intvl-vi-regular-growth-inf789f01hc9/
Uti Fixed Income Interval Fund Annual Plan I Direct Growth,https://www.dezerv.in/mutual-funds/uti-fixed-income-interval-fund-annual-plan-i-direct-growth-inf789f01vw8/
Uti Fixed Income Interval Fund Annual Plan Iii Direct Growth,https://www.dezerv.in/mutual-funds/uti-fixed-income-interval-fund-annual-plan-iii-direct-growth-inf789f01wc8/
Uti Fixed Income Interval Fund Quarterly I Direct Growth,https://www.dezerv.in/mutual-funds/uti-fixed-income-interval-fund-quarterly-i-direct-growth-inf789f01wi5/
Uti Flexi Cap Fund Direct Growth,https://www.dezerv.in/mutual-funds/uti-flexi-cap-fund-direct-growth-inf789f01tc4/
Uti Flexi Cap Fund Regular Growth,https://www.dezerv.in/mutual-funds/uti-flexi-cap-fund-regular-growth-inf789f01513/
Uti Floater Fund Direct Growth,https://www.dezerv.in/mutual-funds/uti-floater-fund-direct-growth-inf789f1acx5/
Uti Floater Fund Regular Growth,https://www.dezerv.in/mutual-funds/uti-floater-fund-regular-growth-inf789f1aco4/
Uti Focused Equity Fund Direct Growth,https://www.dezerv.in/mutual-funds/uti-focused-equity-fund-direct-growth-inf789f1ava3/
Uti Focused Equity Fund Regular Growth,https://www.dezerv.in/mutual-funds/uti-focused-equity-fund-regular-growth-inf789f1auy5/
Uti Gilt Fund Direct Growth,https://www.dezerv.in/mutual-funds/uti-gilt-fund-direct-growth-inf789f01tl5/
Uti Gilt Fund Regular Growth,https://www.dezerv.in/mutual-funds/uti-gilt-fund-regular-growth-inf789f01661/
Uti Gilt Fund With 10 Year Constant Duration Direct Growth,https://www.dezerv.in/mutual-funds/uti-gilt-fund-with-10-year-constant-duration-direct-growth-inf789f1avr7/
Uti Gilt Fund With 10 Year Constant Duration Regular Growth,https://www.dezerv.in/mutual-funds/uti-gilt-fund-with-10-year-constant-duration-regular-growth-inf789f1avi6/
Uti Gold Etf Fund Of Fund Direct Growth,https://www.dezerv.in/mutual-funds/uti-gold-etf-fund-of-fund-direct-growth-inf789f1awb9/
Uti Gold Etf Fund Of Fund Regular Growth,https://www.dezerv.in/mutual-funds/uti-gold-etf-fund-of-fund-regular-growth-inf789f1awa1/
Uti Gold Etf,https://www.dezerv.in/mutual-funds/uti-gold-etf-inf789f1aux7/
Uti Healthcare Fund Direct Growth,https://www.dezerv.in/mutual-funds/uti-healthcare-fund-direct-growth-inf789f01to9/
Uti Healthcare Fund Regular Growth,https://www.dezerv.in/mutual-funds/uti-healthcare-fund-regular-growth-inf789f01695/
Uti Hybrid Equity Fund Direct Growth,https://www.dezerv.in/mutual-funds/uti-hybrid-equity-fund-direct-growth-inf789f01sk9/
Uti Hybrid Equity Fund Regular Growth,https://www.dezerv.in/mutual-funds/uti-hybrid-equity-fund-regular-growth-inf789f01323/
Uti Income Plus Arbitrage Active Fund Of Fund Direct Growth,https://www.dezerv.in/mutual-funds/uti-income-plus-arbitrage-active-fund-of-fund-direct-growth-inf789f1ab55/
Uti Income Plus Arbitrage Active Fund Of Fund Regular Growth,https://www.dezerv.in/mutual-funds/uti-income-plus-arbitrage-active-fund-of-fund-regular-growth-inf789f1ab63/
Uti India Consumer Fund Direct Growth,https://www.dezerv.in/mutual-funds/uti-india-consumer-fund-direct-growth-inf789f01vf3/
Uti India Consumer Fund Regular Growth,https://www.dezerv.in/mutual-funds/uti-india-consumer-fund-regular-growth-inf789f01ce6/
Uti Infrastructure Fund Direct Growth,https://www.dezerv.in/mutual-funds/uti-infrastructure-fund-direct-growth-inf789f01tu6/
Uti Infrastructure Fund Regular Growth,https://www.dezerv.in/mutual-funds/uti-infrastructure-fund-regular-growth-inf789f01752/
Uti Innovation Fund Direct Growth,https://www.dezerv.in/mutual-funds/uti-innovation-fund-direct-growth-inf789f1aza4/
Uti Innovation Fund Regular Growth,https://www.dezerv.in/mutual-funds/uti-innovation-fund-regular-growth-inf789f1ayy7/
Uti Liquid Fund Cash Plan Direct Growth,https://www.dezerv.in/mutual-funds/uti-liquid-fund-cash-plan-direct-growth-inf789f01xq6/
Uti Liquid Fund Cash Plan Regular Growth,https://www.dezerv.in/mutual-funds/uti-liquid-fund-cash-plan-regular-growth-inf789f01ph1/
Uti Long Duration Fund Direct Growth,https://www.dezerv.in/mutual-funds/uti-long-duration-fund-direct-growth-inf789f1ayb5/
Uti Long Duration Fund Regular Growth,https://www.dezerv.in/mutual-funds/uti-long-duration-fund-regular-growth-inf789f1axs1/
Uti Long Term Equity Fund Direct Growth,https://www.dezerv.in/mutual-funds/uti-long-term-equity-fund-direct-growth-inf789f01tf7/
Uti Long Term Equity Fund Regular Growth,https://www.dezerv.in/mutual-funds/uti-long-term-equity-fund-regular-growth-inf789f01547/
Uti Master Share Unit Scheme Direct Growth,https://www.dezerv.in/mutual-funds/uti-master-share-unit-scheme-direct-growth-inf789f01us8/
Uti Master Share Unit Scheme Regular Growth,https://www.dezerv.in/mutual-funds/uti-master-share-unit-scheme-regular-growth-inf789f01976/
Uti Medium Term Fund Direct Growth,https://www.dezerv.in/mutual-funds/uti-medium-term-fund-direct-growth-inf789fb1ke6/
Uti Medium Term Fund Regular Growth,https://www.dezerv.in/mutual-funds/uti-medium-term-fund-regular-growth-inf789fb1ju4/
Uti Medium Term Fund Segregated 06032020 Direct Growth,https://www.dezerv.in/mutual-funds/uti-medium-term-fund-segregated-06032020-direct-growth-inf789f1asb7/
Uti Medium Term Fund Segregated 06032020 Regular Growth,https://www.dezerv.in/mutual-funds/uti-medium-term-fund-segregated-06032020-regular-growth-inf789f1asm4/
Uti Medium Term Fund Segregated 17022020 Direct Growth,https://www.dezerv.in/mutual-funds/uti-medium-term-fund-segregated-17022020-direct-growth-inf789f1aoc4/
Uti Medium Term Fund Segregated 17022020 Regular Growth,https://www.dezerv.in/mutual-funds/uti-medium-term-fund-segregated-17022020-regular-growth-inf789f1aon1/
Uti Mid Cap Fund Direct Growth,https://www.dezerv.in/mutual-funds/uti-mid-cap-fund-direct-growth-inf789f01ua6/
Uti Mid Cap Fund Regular Growth,https://www.dezerv.in/mutual-funds/uti-mid-cap-fund-regular-growth-inf789f01810/
Uti Mnc Fund Direct Growth,https://www.dezerv.in/mutual-funds/uti-mnc-fund-direct-growth-inf789f01ud0/
Uti Mnc Fund Regular Growth,https://www.dezerv.in/mutual-funds/uti-mnc-fund-regular-growth-inf789f01844/
Uti Money Market Fund Direct Growth,https://www.dezerv.in/mutual-funds/uti-money-market-fund-direct-growth-inf789f01xv6/
Uti Money Market Fund Regular Growth,https://www.dezerv.in/mutual-funds/uti-money-market-fund-regular-growth-inf789f01px8/
Uti Multi Asset Fund Direct Growth,https://www.dezerv.in/mutual-funds/uti-multi-asset-fund-direct-growth-inf789f01ve6/
Uti Multi Asset Fund Regular Growth,https://www.dezerv.in/mutual-funds/uti-multi-asset-fund-regular-growth-inf789f01ap6/
Uti Multi Cap Fund Direct Growth,https://www.dezerv.in/mutual-funds/uti-multi-cap-fund-direct-growth-inf789f1ab89/
Uti Multi Cap Fund Regular Growth,https://www.dezerv.in/mutual-funds/uti-multi-cap-fund-regular-growth-inf789f1ab71/
Uti Nifty 10 Yr Benchmark G Sec Etf,https://www.dezerv.in/mutual-funds/uti-nifty-10-yr-benchmark-g-sec-etf-inf789f1azf3/
Uti Nifty 5 Yr Benchmark G Sec Etf,https://www.dezerv.in/mutual-funds/uti-nifty-5-yr-benchmark-g-sec-etf-inf789f1aze6/
Uti Nifty 50 Etf,https://www.dezerv.in/mutual-funds/uti-nifty-50-etf-inf789f1azc0/
Uti Nifty 50 Etf,https://www.dezerv.in/mutual-funds/uti-nifty-50-etf-inf789fb1x41/
Uti Nifty 50 Index Fund Direct Growth,https://www.dezerv.in/mutual-funds/uti-nifty-50-index-fund-direct-growth-inf789f01xa0/
Uti Nifty 50 Index Fund Regular Growth,https://www.dezerv.in/mutual-funds/uti-nifty-50-index-fund-regular-growth-inf789f01jn2/
Uti Nifty 500 Value 50 Index Fund Direct Growth,https://www.dezerv.in/mutual-funds/uti-nifty-500-value-50-index-fund-direct-growth-inf789f1ayn0/
Uti Nifty 500 Value 50 Index Fund Regular Growth,https://www.dezerv.in/mutual-funds/uti-nifty-500-value-50-index-fund-regular-growth-inf789f1ayo8/
Uti Nifty Alpha Low Volatility 30 Index Fund Direct Growth,https://www.dezerv.in/mutual-funds/uti-nifty-alpha-low-volatility-30-index-fund-direct-growth-inf789f1azm9/
Uti Nifty Alpha Low Volatility 30 Index Fund Regular Growth,https://www.dezerv.in/mutual-funds/uti-nifty-alpha-low-volatility-30-index-fund-regular-growth-inf789f1azl1/
Uti Nifty Bank Etf,https://www.dezerv.in/mutual-funds/uti-nifty-bank-etf-inf789f1auv1/
Uti Nifty India Manufacturing Index Fund Direct Growth,https://www.dezerv.in/mutual-funds/uti-nifty-india-manufacturing-index-fund-direct-growth-inf789f1ab48/
Uti Nifty India Manufacturing Index Fund Regular Growth,https://www.dezerv.in/mutual-funds/uti-nifty-india-manufacturing-index-fund-regular-growth-inf789f1ab30/
Uti Nifty It Etf,https://www.dezerv.in/mutual-funds/uti-nifty-it-etf-inf789f1azd8/
Uti Nifty Midcap 150 Etf,https://www.dezerv.in/mutual-funds/uti-nifty-midcap-150-etf-inf789f1ayx9/
Uti Nifty Midcap 150 Index Fund Direct Growth,https://www.dezerv.in/mutual-funds/uti-nifty-midcap-150-index-fund-direct-growth-inf789f1azo5/
Uti Nifty Midcap 150 Index Fund Regular Growth,https://www.dezerv.in/mutual-funds/uti-nifty-midcap-150-index-fund-regular-growth-inf789f1azn7/
Uti Nifty Midcap 150 Quality 50 Index Fund Direct Growth,https://www.dezerv.in/mutual-funds/uti-nifty-midcap-150-quality-50-index-fund-direct-growth-inf789f1avh8/
Uti Nifty Midcap 150 Quality 50 Index Fund Regular Growth,https://www.dezerv.in/mutual-funds/uti-nifty-midcap-150-quality-50-index-fund-regular-growth-inf789f1avg0/
Uti Nifty Midsmallcap 400 Momentum Quality 100 Index Fund Direct Growth,https://www.dezerv.in/mutual-funds/uti-nifty-midsmallcap-400-momentum-quality-100-index-fund-direct-growth-inf789f1ab22/
Uti Nifty Midsmallcap 400 Momentum Quality 100 Index Fund Regular Growth,https://www.dezerv.in/mutual-funds/uti-nifty-midsmallcap-400-momentum-quality-100-index-fund-regular-growth-inf789f1ab06/
Uti Nifty Next 50 Etf,https://www.dezerv.in/mutual-funds/uti-nifty-next-50-etf-inf789f1auw9/
Uti Nifty Next 50 Index Fund Direct Growth,https://www.dezerv.in/mutual-funds/uti-nifty-next-50-index-fund-direct-growth-inf789fc12t1/
Uti Nifty Next 50 Index Fund Regular Growth,https://www.dezerv.in/mutual-funds/uti-nifty-next-50-index-fund-regular-growth-inf789fc11t3/
Uti Nifty Private Bank Index Fund Direct Growth,https://www.dezerv.in/mutual-funds/uti-nifty-private-bank-index-fund-direct-growth-inf789f1azj5/
Uti Nifty Private Bank Index Fund Regular Growth,https://www.dezerv.in/mutual-funds/uti-nifty-private-bank-index-fund-regular-growth-inf789f1azi7/
Uti Nifty Sdl Plus Aaa Psu Bond Apr 2026 75 25 Index Fund Direct Growth,https://www.dezerv.in/mutual-funds/uti-nifty-sdl-plus-aaa-psu-bond-apr-2026-75-25-index-fund-direct-growth-inf789f1axl6/
Uti Nifty Sdl Plus Aaa Psu Bond Apr 2026 75 25 Index Fund Regular Growth,https://www.dezerv.in/mutual-funds/uti-nifty-sdl-plus-aaa-psu-bond-apr-2026-75-25-index-fund-regular-growth-inf789f1axk8/
Uti Nifty Sdl Plus Aaa Psu Bond Apr 2028 75 25 Index Fund Direct Growth,https://www.dezerv.in/mutual-funds/uti-nifty-sdl-plus-aaa-psu-bond-apr-2028-75-25-index-fund-direct-growth-inf789f1axr3/
Uti Nifty Sdl Plus Aaa Psu Bond Apr 2028 75 25 Index Fund Regular Growth,https://www.dezerv.in/mutual-funds/uti-nifty-sdl-plus-aaa-psu-bond-apr-2028-75-25-index-fund-regular-growth-inf789f1axq5/
Uti Nifty200 Momentum 30 Index Fund Direct Growth,https://www.dezerv.in/mutual-funds/uti-nifty200-momentum-30-index-fund-direct-growth-inf789f1aut5/
Uti Nifty200 Momentum 30 Index Fund Regular Growth,https://www.dezerv.in/mutual-funds/uti-nifty200-momentum-30-index-fund-regular-growth-inf789f1aus7/
Uti Nifty200 Quality 30 Index Fund Direct Growth,https://www.dezerv.in/mutual-funds/uti-nifty200-quality-30-index-fund-direct-growth-inf789f1azh9/
Uti Nifty200 Quality 30 Index Fund Regular Growth,https://www.dezerv.in/mutual-funds/uti-nifty200-quality-30-index-fund-regular-growth-inf789f1azg1/
Uti Nifty50 Equal Weight Index Fund Direct Growth,https://www.dezerv.in/mutual-funds/uti-nifty50-equal-weight-index-fund-direct-growth-inf789f1ayp5/
Uti Nifty50 Equal Weight Index Fund Regular Growth,https://www.dezerv.in/mutual-funds/uti-nifty50-equal-weight-index-fund-regular-growth-inf789f1ayq3/
Uti Nifty500 Shariah Index Fund Direct Growth,https://www.dezerv.in/mutual-funds/uti-nifty500-shariah-index-fund-direct-growth-inf789f1ad04/
Uti Nifty500 Shariah Index Fund Regular Growth,https://www.dezerv.in/mutual-funds/uti-nifty500-shariah-index-fund-regular-growth-inf789f1ac96/
Uti Overnight Fund Direct Growth,https://www.dezerv.in/mutual-funds/uti-overnight-fund-direct-growth-inf789fb1s71/
Uti Overnight Fund Regular Growth,https://www.dezerv.in/mutual-funds/uti-overnight-fund-regular-growth-inf789f01604/
Uti Quant Fund Direct Growth,https://www.dezerv.in/mutual-funds/uti-quant-fund-direct-growth-inf789f1aa98/
Uti Quant Fund Regular Growth,https://www.dezerv.in/mutual-funds/uti-quant-fund-regular-growth-inf789f1aa80/
Uti Regular Saving Fund Segregated 17022020 Direct Growth,https://www.dezerv.in/mutual-funds/uti-regular-saving-fund-segregated-17022020-direct-growth-inf789f1aqp1/
Uti Regular Saving Fund Segregated 17022020 Regular Growth,https://www.dezerv.in/mutual-funds/uti-regular-saving-fund-segregated-17022020-regular-growth-inf789f1aqj4/
Uti Regular Savings Fund Direct Growth,https://www.dezerv.in/mutual-funds/uti-regular-savings-fund-direct-growth-inf789f01uj7/
Uti Regular Savings Fund Regular Growth,https://www.dezerv.in/mutual-funds/uti-regular-savings-fund-regular-growth-inf789f01893/
Uti S P Bse Housing Index Fund Direct Growth,https://www.dezerv.in/mutual-funds/uti-s-p-bse-housing-index-fund-direct-growth-inf789f1ayr1/
Uti S P Bse Housing Index Fund Regular Growth,https://www.dezerv.in/mutual-funds/uti-s-p-bse-housing-index-fund-regular-growth-inf789f1ays9/
Uti S P Bse Low Volatility Index Fund Direct Growth,https://www.dezerv.in/mutual-funds/uti-s-p-bse-low-volatility-index-fund-direct-growth-inf789f1avf2/
Uti S P Bse Low Volatility Index Fund Regular Growth,https://www.dezerv.in/mutual-funds/uti-s-p-bse-low-volatility-index-fund-regular-growth-inf789f1ave5/
Uti S P Bse Sensex Etf,https://www.dezerv.in/mutual-funds/uti-s-p-bse-sensex-etf-inf789fb1x58/
Uti S P Bse Sensex Index Fund Direct Growth,https://www.dezerv.in/mutual-funds/uti-s-p-bse-sensex-index-fund-direct-growth-inf789f1avd7/
Uti S P Bse Sensex Index Fund Regular Growth,https://www.dezerv.in/mutual-funds/uti-s-p-bse-sensex-index-fund-regular-growth-inf789f1avc9/
Uti S P Bse Sensex Next 50 Exchange Traded Fund,https://www.dezerv.in/mutual-funds/uti-s-p-bse-sensex-next-50-exchange-traded-fund-inf789f1auu3/
Uti Short Term Income Fund Direct Growth,https://www.dezerv.in/mutual-funds/uti-short-term-income-fund-direct-growth-inf789f01xy0/
Uti Short Term Income Fund Regular Growth,https://www.dezerv.in/mutual-funds/uti-short-term-income-fund-regular-growth-inf789f01qa4/
Uti Silver Etf Fund Of Fund Direct Growth,https://www.dezerv.in/mutual-funds/uti-silver-etf-fund-of-fund-direct-growth-inf789f1ayl4/
Uti Silver Etf Fund Of Fund Regular Growth,https://www.dezerv.in/mutual-funds/uti-silver-etf-fund-of-fund-regular-growth-inf789f1aym2/
Uti Small Cap Fund Direct Growth,https://www.dezerv.in/mutual-funds/uti-small-cap-fund-direct-growth-inf789f1auq1/
Uti Small Cap Fund Regular Growth,https://www.dezerv.in/mutual-funds/uti-small-cap-fund-regular-growth-inf789f1auo6/
Uti Transportation Logistics Fund Direct Growth,https://www.dezerv.in/mutual-funds/uti-transportation-logistics-fund-direct-growth-inf789f01sh5/
Uti Transportation Logistics Fund Regular Growth,https://www.dezerv.in/mutual-funds/uti-transportation-logistics-fund-regular-growth-inf789f01299/
Uti Treasury Advantage Fund Direct Growth,https://www.dezerv.in/mutual-funds/uti-treasury-advantage-fund-direct-growth-inf789f01xi3/
Uti Treasury Advantage Fund Regular Growth,https://www.dezerv.in/mutual-funds/uti-treasury-advantage-fund-regular-growth-inf789f01ot9/
Uti Ultra Short Term Fund Direct Growth,https://www.dezerv.in/mutual-funds/uti-ultra-short-term-fund-direct-growth-inf789f01ti1/
Uti Ultra Short Term Fund Regular Growth,https://www.dezerv.in/mutual-funds/uti-ultra-short-term-fund-regular-growth-inf789f01570/
Uti Value Opportunities Fund Direct Growth,https://www.dezerv.in/mutual-funds/uti-value-opportunities-fund-direct-growth-inf789f01vb2/
Uti Value Opportunities Fund Regular Growth,https://www.dezerv.in/mutual-funds/uti-value-opportunities-fund-regular-growth-inf789f01ag5/
Whiteoak Capital Arbitrage Fund Direct Growth,https://www.dezerv.in/mutual-funds/whiteoak-capital-arbitrage-fund-direct-growth-inf03vn01910/
Whiteoak Capital Arbitrage Fund Regular Growth,https://www.dezerv.in/mutual-funds/whiteoak-capital-arbitrage-fund-regular-growth-inf03vn01928/
Whiteoak Capital Balanced Advantage Fund Direct Growth,https://www.dezerv.in/mutual-funds/whiteoak-capital-balanced-advantage-fund-direct-growth-inf03vn01738/
Whiteoak Capital Balanced Advantage Fund Regular Growth,https://www.dezerv.in/mutual-funds/whiteoak-capital-balanced-advantage-fund-regular-growth-inf03vn01720/
Whiteoak Capital Balanced Hybrid Fund Direct Growth,https://www.dezerv.in/mutual-funds/whiteoak-capital-balanced-hybrid-fund-direct-growth-inf03vn01829/
Whiteoak Capital Balanced Hybrid Fund Regular Growth,https://www.dezerv.in/mutual-funds/whiteoak-capital-balanced-hybrid-fund-regular-growth-inf03vn01811/
Whiteoak Capital Banking Financial Services Fund Direct Growth,https://www.dezerv.in/mutual-funds/whiteoak-capital-banking-financial-services-fund-direct-growth-inf03vn01860/
Whiteoak Capital Banking Financial Services Fund Regular Growth,https://www.dezerv.in/mutual-funds/whiteoak-capital-banking-financial-services-fund-regular-growth-inf03vn01852/
Whiteoak Capital Digital Bharat Fund Direct Growth,https://www.dezerv.in/mutual-funds/whiteoak-capital-digital-bharat-fund-direct-growth-inf03vn01936/
Whiteoak Capital Digital Bharat Fund Regular Growth,https://www.dezerv.in/mutual-funds/whiteoak-capital-digital-bharat-fund-regular-growth-inf03vn01944/
Whiteoak Capital Equity Savings Fund Direct Growth,https://www.dezerv.in/mutual-funds/whiteoak-capital-equity-savings-fund-direct-growth-inf03vn01ab7/
Whiteoak Capital Equity Savings Fund Regular Growth,https://www.dezerv.in/mutual-funds/whiteoak-capital-equity-savings-fund-regular-growth-inf03vn01ac5/
Whiteoak Capital Esg Best In Class Strategy Fund Direct Growth,https://www.dezerv.in/mutual-funds/whiteoak-capital-esg-best-in-class-strategy-fund-direct-growth-inf03vn01951/
Whiteoak Capital Esg Best In Class Strategy Fund Regular Growth,https://www.dezerv.in/mutual-funds/whiteoak-capital-esg-best-in-class-strategy-fund-regular-growth-inf03vn01969/
Whiteoak Capital Flexi Cap Fund Direct Growth,https://www.dezerv.in/mutual-funds/whiteoak-capital-flexi-cap-fund-direct-growth-inf03vn01530/
Whiteoak Capital Flexi Cap Fund Regular Growth,https://www.dezerv.in/mutual-funds/whiteoak-capital-flexi-cap-fund-regular-growth-inf03vn01506/
Whiteoak Capital Large Cap Fund Direct Growth,https://www.dezerv.in/mutual-funds/whiteoak-capital-large-cap-fund-direct-growth-inf03vn01696/
Whiteoak Capital Large Cap Fund Regular Growth,https://www.dezerv.in/mutual-funds/whiteoak-capital-large-cap-fund-regular-growth-inf03vn01662/
Whiteoak Capital Large Mid Cap Fund Direct Growth,https://www.dezerv.in/mutual-funds/whiteoak-capital-large-mid-cap-fund-direct-growth-inf03vn01845/
Whiteoak Capital Large Mid Cap Fund Regular Growth,https://www.dezerv.in/mutual-funds/whiteoak-capital-large-mid-cap-fund-regular-growth-inf03vn01837/
Whiteoak Capital Liquid Fund Direct Growth,https://www.dezerv.in/mutual-funds/whiteoak-capital-liquid-fund-direct-growth-inf03vn01043/
Whiteoak Capital Liquid Fund Regular Growth,https://www.dezerv.in/mutual-funds/whiteoak-capital-liquid-fund-regular-growth-inf03vn01126/
Whiteoak Capital Mid Cap Fund Direct Growth,https://www.dezerv.in/mutual-funds/whiteoak-capital-mid-cap-fund-direct-growth-inf03vn01597/
Whiteoak Capital Mid Cap Fund Regular Growth,https://www.dezerv.in/mutual-funds/whiteoak-capital-mid-cap-fund-regular-growth-inf03vn01563/
Whiteoak Capital Multi Asset Allocation Fund Direct Growth,https://www.dezerv.in/mutual-funds/whiteoak-capital-multi-asset-allocation-fund-direct-growth-inf03vn01761/
Whiteoak Capital Multi Asset Allocation Fund Regular Growth,https://www.dezerv.in/mutual-funds/whiteoak-capital-multi-asset-allocation-fund-regular-growth-inf03vn01779/
Whiteoak Capital Multi Cap Fund Direct Growth,https://www.dezerv.in/mutual-funds/whiteoak-capital-multi-cap-fund-direct-growth-inf03vn01803/
Whiteoak Capital Multi Cap Fund Regular Growth,https://www.dezerv.in/mutual-funds/whiteoak-capital-multi-cap-fund-regular-growth-inf03vn01795/
Whiteoak Capital Pharma And Healthcare Fund Direct Growth,https://www.dezerv.in/mutual-funds/whiteoak-capital-pharma-and-healthcare-fund-direct-growth-inf03vn01886/
Whiteoak Capital Pharma And Healthcare Fund Regular Growth,https://www.dezerv.in/mutual-funds/whiteoak-capital-pharma-and-healthcare-fund-regular-growth-inf03vn01878/
Whiteoak Capital Quality Equity Fund Direct Growth,https://www.dezerv.in/mutual-funds/whiteoak-capital-quality-equity-fund-direct-growth-inf03vn01977/
Whiteoak Capital Quality Equity Fund Regular Growth,https://www.dezerv.in/mutual-funds/whiteoak-capital-quality-equity-fund-regular-growth-inf03vn01985/
Whiteoak Capital Special Opportunities Fund Direct Growth,https://www.dezerv.in/mutual-funds/whiteoak-capital-special-opportunities-fund-direct-growth-inf03vn01902/
Whiteoak Capital Special Opportunities Fund Regular Growth,https://www.dezerv.in/mutual-funds/whiteoak-capital-special-opportunities-fund-regular-growth-inf03vn01894/
Whiteoak Capital Tax Saver Fund Direct Growth,https://www.dezerv.in/mutual-funds/whiteoak-capital-tax-saver-fund-direct-growth-inf03vn01621/
Whiteoak Capital Tax Saver Fund Regular Growth,https://www.dezerv.in/mutual-funds/whiteoak-capital-tax-saver-fund-regular-growth-inf03vn01647/
Whiteoak Capital Ultra Short Term Fund Direct Growth,https://www.dezerv.in/mutual-funds/whiteoak-capital-ultra-short-term-fund-direct-growth-inf03vn01209/
Whiteoak Capital Ultra Short Term Fund Regular Growth,https://www.dezerv.in/mutual-funds/whiteoak-capital-ultra-short-term-fund-regular-growth-inf03vn01282/
Whiteoak Capital Consumption Opportunities Fund Direct Growth,https://www.dezerv.in/mutual-funds/whiteoak capital consumption opportunities fund-direct-growth-inf03vn01ad3/
Whiteoak Capital Consumption Opportunities Fund Regular Growth,https://www.dezerv.in/mutual-funds/whiteoak capital consumption opportunities fund-regular-growth-inf03vn01ae1/
Xirr,https://www.dezerv.in/mutual-funds/xirr/
Zerodha Bse Sensex Index Fund Direct Growth,https://www.dezerv.in/mutual-funds/zerodha-bse-sensex-index-fund-direct-growth-inf0r8f01174/
Zerodha Elss Tax Saver Nifty Largemidcap 250 Index Fund Direct Growth,https://www.dezerv.in/mutual-funds/zerodha-elss-tax-saver-nifty-largemidcap-250-index-fund-direct-growth-inf0r8f01026/
Zerodha Gold Etf Fof Direct Growth,https://www.dezerv.in/mutual-funds/zerodha-gold-etf-fof-direct-growth-inf0r8f01083/
Zerodha Gold Etf,https://www.dezerv.in/mutual-funds/zerodha-gold-etf-inf0r8f01042/
Zerodha Multi Asset Passive Fof Direct Growth,https://www.dezerv.in/mutual-funds/zerodha-multi-asset-passive-fof-direct-growth-inf0r8f01117/
Zerodha Nifty 100 Etf,https://www.dezerv.in/mutual-funds/zerodha-nifty-100-etf-inf0r8f01067/
Zerodha Nifty 1D Rate Liquid Etf,https://www.dezerv.in/mutual-funds/zerodha-nifty-1d-rate-liquid-etf-inf0r8f01034/
Zerodha Nifty 50 Etf,https://www.dezerv.in/mutual-funds/zerodha-nifty-50-etf-inf0r8f01166/
Zerodha Nifty 50 Index Fund Direct Growth,https://www.dezerv.in/mutual-funds/zerodha-nifty-50-index-fund-direct-growth-inf0r8f01158/
Zerodha Nifty 8 13 Yr G Sec Etf,https://www.dezerv.in/mutual-funds/zerodha-nifty-8-13-yr-g-sec-etf-inf0r8f01133/
Zerodha Nifty Largemidcap 250 Index Fund Direct Growth,https://www.dezerv.in/mutual-funds/zerodha-nifty-largemidcap-250-index-fund-direct-growth-inf0r8f01018/
Zerodha Nifty Midcap 150 Etf,https://www.dezerv.in/mutual-funds/zerodha-nifty-midcap-150-etf-inf0r8f01059/
Zerodha Nifty Midsmallcap400 50 50 Index Fund Direct Growth,https://www.dezerv.in/mutual-funds/zerodha-nifty-midsmallcap400-50-50-index-fund-direct-growth-inf0r8f01190/
Zerodha Nifty Short Duration G Sec Index Fund Direct Growth,https://www.dezerv.in/mutual-funds/zerodha-nifty-short-duration-g-sec-index-fund-direct-growth-inf0r8f01182/
Zerodha Nifty Smallcap 100 Etf,https://www.dezerv.in/mutual-funds/zerodha-nifty-smallcap-100-etf-inf0r8f01141/
Zerodha Overnight Fund Direct Growth,https://www.dezerv.in/mutual-funds/zerodha-overnight-fund-direct-growth-inf0r8f01075/
Zerodha Silver Etf Fof Direct Growth,https://www.dezerv.in/mutual-funds/zerodha-silver-etf-fof-direct-growth-inf0r8f01109/
Zerodha Silver Etf,https://www.dezerv.in/mutual-funds/zerodha-silver-etf-inf0r8f01091/
